{"type": "FeatureCollection", "features": [{"type": "Feature", "geometry": {"type": "Point", "coordinates": [-77.869, -6.231]}, "properties": {"anio": 2024, "dep_cod": "01", "departamento": "Amazonas", "n_adultos_18_64": 2251, "peso_total_18_64": 259405.07254791266, "tasa_trabaja_horas_hombre": 0.8419897281198069, "tasa_trabaja_horas_mujer": 0.7374972290232219, "horas_prom_hombre": 40.353691732590555, "horas_prom_mujer": 36.15716846010837, "pobreza_hombre": 0.21222689536941955, "pobreza_mujer": 0.19509940231614242, "ingreso_neto_hogar_hombre": 10638.586844767184, "ingreso_neto_hogar_mujer": 10329.215008184656, "tasa_educ_sup_hombre": 0.25118196418515193, "tasa_educ_sup_mujer": 0.2767414751451936, "tasa_educ_univ_hombre": 0.12094417758680849, "tasa_educ_univ_mujer": 0.12467820978390443, "gap_trabaja_horas_h_m": 0.10449249909658498, "gap_horas_h_m": 4.196523272482182, "gap_pobreza_m_h": -0.017127493053277126, "gap_ingreso_hogar_h_m": 309.371836582528, "gap_educ_sup_m_h": 0.025559510960041665, "gap_educ_univ_m_h": 0.003734032197095935, "ratio_trabajo_m_h": 0.8758981308122126, "ratio_horas_m_h": 0.8960064595752221, "ratio_ingreso_hogar_m_h": 0.9709198372775705, "ratio_pobreza_m_h": 0.9192963124515222, "ratio_educ_sup_m_h": 1.1017569515508732, "n_mujeres_18_49": 825, "peso_mujeres_18_49": 98126.84804534915, "share_mujeres_18_49_con_u6": 0.4035200771874894, "prom_ninios_u6_hogar_mujer_18_49": 0.4811748781203969, "share_mujeres_18_49_con_2mas_u6": 0.0637202637676394, "tasa_trabaja_mujer_no_u6": 0.719378226737242, "tasa_trabaja_mujer_si_u6": 0.7066953297339112, "horas_mujer_no_u6": 37.157192303724386, "horas_mujer_si_u6": 33.568073286007895, "pobreza_mujer_no_u6": 0.16294061275932817, "pobreza_mujer_si_u6": 0.29108619019511545, "ingreso_hogar_mujer_no_u6": 10795.957702752097, "ingreso_hogar_mujer_si_u6": 9962.229876487467, "penalidad_maternidad_trabajo": -0.012682897003330806, "penalidad_maternidad_horas": -3.5891190177164916, "penalidad_maternidad_pobreza": 0.12814557743578728, "penalidad_maternidad_ingreso": -833.7278262646305, "penalidad_maternidad_trabajo_educ_sup": -0.00805179860564087, "penalidad_maternidad_trabajo_no_educ_sup": -0.023308359203347062, "mitigacion_penalidad_trabajo_por_educ": 0.015256560597706192, "penalidad_maternidad_ingreso_educ_sup": 434.8005266205182, "penalidad_maternidad_ingreso_no_educ_sup": -401.41073009533284, "mitigacion_penalidad_ingreso_por_educ": 836.211256715851, "tasa_trabaja_horas_mujer_nat": 0.6869561613053373, "tasa_trabaja_horas_hombre_nat": 0.8296203756623115, "gap_trabaja_horas_h_m_nat": 0.14266421435697418, "horas_prom_mujer_nat": 36.76971249535398, "horas_prom_hombre_nat": 43.479105401796836, "gap_horas_h_m_nat": 6.709392906442858, "pobreza_mujer_nat": 0.2442088413385761, "pobreza_hombre_nat": 0.2322337934696795, "gap_pobreza_m_h_nat": 0.011975047868896582, "ingreso_neto_hogar_mujer_nat": 20162.848268682832, "ingreso_neto_hogar_hombre_nat": 21832.45460551848, "gap_ingreso_hogar_h_m_nat": 1669.606336835648, "ratio_trabajo_m_h_nat": 0.8280367520589391, "ratio_horas_m_h_nat": 0.8456869605655322, "ratio_ingreso_hogar_m_h_nat": 0.9235264029169844, "ratio_pobreza_m_h_nat": 1.0515646224004864, "tasa_educ_sup_mujer_nat": 0.35554547204038733, "tasa_educ_sup_hombre_nat": 0.3609912877667579, "gap_educ_sup_m_h_nat": -0.00544581572637054, "ratio_educ_sup_m_h_nat": 0.984914273804056, "tasa_educ_univ_mujer_nat": 0.18929377887655863, "tasa_educ_univ_hombre_nat": 0.19497646645555872, "gap_educ_univ_m_h_nat": -0.00568268757900009, "share_mujeres_18_49_con_u6_nat": 0.3442460002916777, "prom_ninios_u6_hogar_mujer_18_49_nat": 0.4104262384202904, "share_mujeres_18_49_con_2mas_u6_nat": 0.05745832115760747, "penalidad_maternidad_trabajo_nat": -0.06484686036508747, "penalidad_maternidad_horas_nat": -3.772713030425024, "penalidad_maternidad_pobreza_nat": 0.19670889160100563, "penalidad_maternidad_ingreso_nat": -3000.5128128127326, "penalidad_maternidad_trabajo_educ_sup_nat": -0.021282949049555744, "penalidad_maternidad_trabajo_no_educ_sup_nat": -0.08813759642125918, "mitigacion_penalidad_trabajo_por_educ_nat": 0.06685464737170344, "penalidad_maternidad_ingreso_educ_sup_nat": -1865.645079079044, "penalidad_maternidad_ingreso_no_educ_sup_nat": -729.6987528538484, "mitigacion_penalidad_ingreso_por_educ_nat": -1135.9463262251957, "tasa_trabaja_horas_mujer_anom_nat": 0.05054106771788458, "tasa_trabaja_horas_hombre_anom_nat": 0.012369352457495375, "gap_trabaja_horas_h_m_anom_nat": -0.038171715260389205, "horas_prom_mujer_anom_nat": -0.6125440352456053, "horas_prom_hombre_anom_nat": -3.1254136692062815, "gap_horas_h_m_anom_nat": -2.512869633960676, "pobreza_mujer_anom_nat": -0.04910943902243367, "pobreza_hombre_anom_nat": -0.020006898100259962, "gap_pobreza_m_h_anom_nat": -0.02910254092217371, "ingreso_neto_hogar_mujer_anom_nat": -9833.633260498176, "ingreso_neto_hogar_hombre_anom_nat": -11193.867760751296, "gap_ingreso_hogar_h_m_anom_nat": -1360.2345002531201, "ratio_trabajo_m_h_anom_nat": 0.047861378753273454, "ratio_horas_m_h_anom_nat": 0.050319499009689905, "ratio_ingreso_hogar_m_h_anom_nat": 0.04739343436058607, "ratio_pobreza_m_h_anom_nat": -0.1322683099489642, "tasa_educ_sup_mujer_anom_nat": -0.07880399689519374, "tasa_educ_sup_hombre_anom_nat": -0.10980932358160594, "gap_educ_sup_m_h_anom_nat": 0.031005326686412205, "ratio_educ_sup_m_h_anom_nat": 0.11684267774681711, "tasa_educ_univ_mujer_anom_nat": -0.0646155690926542, "tasa_educ_univ_hombre_anom_nat": -0.07403228886875023, "gap_educ_univ_m_h_anom_nat": 0.009416719776096025, "share_mujeres_18_49_con_u6_anom_nat": 0.05927407689581171, "prom_ninios_u6_hogar_mujer_18_49_anom_nat": 0.07074863970010647, "share_mujeres_18_49_con_2mas_u6_anom_nat": 0.006261942610031927, "penalidad_maternidad_trabajo_anom_nat": 0.05216396336175666, "penalidad_maternidad_horas_anom_nat": 0.18359401270853226, "penalidad_maternidad_pobreza_anom_nat": -0.06856331416521835, "penalidad_maternidad_ingreso_anom_nat": 2166.784986548102, "penalidad_maternidad_trabajo_educ_sup_anom_nat": 0.013231150443914874, "penalidad_maternidad_trabajo_no_educ_sup_anom_nat": 0.06482923721791212, "mitigacion_penalidad_trabajo_por_educ_anom_nat": -0.05159808677399724, "penalidad_maternidad_ingreso_educ_sup_anom_nat": 2300.4456056995623, "penalidad_maternidad_ingreso_no_educ_sup_anom_nat": 328.2880227585156, "mitigacion_penalidad_ingreso_por_educ_anom_nat": 1972.1575829410467, "total_autoridades_electas": 544.0, "n_autoridades_mujeres": 247.0, "n_autoridades_hombres": 297.0, "share_autoridades_mujeres": 0.4540441176470588, "share_autoridades_hombres": 0.5459558823529411, "ratio_autoridades_mujer_hombre": 0.8316498316498316, "share_liderazgo_ejecutivo_mujeres": 0.05813953488372093, "share_alcaldias_mujeres": 0.047619047619047616, "share_gobernaciones_mujeres": 0.5, "share_regidurias_mujeres": 0.5336322869955157, "share_consejerias_mujeres": 0.3, "densidad_liderazgo_femenino": 0.009191176470588236, "brecha_liderazgo_vs_base_mujeres": -0.3959045827633379, "indice_techo_politico_mujeres": 0.1280482063835797, "share_autoridades_mujeres_nat": 0.4105079075425791, "share_autoridades_hombres_nat": 0.589492092457421, "ratio_autoridades_mujer_hombre_nat": 0.6963755965432735, "share_liderazgo_ejecutivo_mujeres_nat": 0.06504904491481672, "share_alcaldias_mujeres_nat": 0.05452620434092112, "share_gobernaciones_mujeres_nat": 0.4791666666666667, "share_regidurias_mujeres_nat": 0.47733407800428185, "share_consejerias_mujeres_nat": 0.2807017543859649, "densidad_liderazgo_femenino_nat": 0.00958029197080292, "brecha_liderazgo_vs_base_mujeres_nat": -0.3454588626277624, "indice_techo_politico_mujeres_nat": 0.1584599071531153, "share_autoridades_mujeres_anom_nat": 0.04353621010447972, "share_autoridades_hombres_anom_nat": -0.04353621010447983, "ratio_autoridades_mujer_hombre_anom_nat": 0.13527423510655812, "share_liderazgo_ejecutivo_mujeres_anom_nat": -0.006909510031095793, "share_alcaldias_mujeres_anom_nat": -0.006907156721873503, "share_gobernaciones_mujeres_anom_nat": 0.020833333333333315, "share_regidurias_mujeres_anom_nat": 0.056298208991233833, "share_consejerias_mujeres_anom_nat": 0.019298245614035092, "densidad_liderazgo_femenino_anom_nat": -0.00038911550021468455, "brecha_liderazgo_vs_base_mujeres_anom_nat": -0.05044572013557552, "indice_techo_politico_mujeres_anom_nat": -0.030411700769535616, "indice_habilitante_liderazgo_femenino_0_100": 59.46111958642596, "n_componentes_indice_habilitante": 7}}, {"type": "Feature", "geometry": {"type": "Point", "coordinates": [-72.879, -13.637]}, "properties": {"anio": 2024, "dep_cod": "03", "departamento": "Apurímac", "n_adultos_18_64": 1551, "peso_total_18_64": 296950.4726409913, "tasa_trabaja_horas_hombre": 0.8633152486689759, "tasa_trabaja_horas_mujer": 0.8096362477023816, "horas_prom_hombre": 34.337071631302024, "horas_prom_mujer": 35.30832416097113, "pobreza_hombre": 0.19813855635781108, "pobreza_mujer": 0.1984384595082853, "ingreso_neto_hogar_hombre": 12180.894457914512, "ingreso_neto_hogar_mujer": 11724.677983319314, "tasa_educ_sup_hombre": 0.27846739998160597, "tasa_educ_sup_mujer": 0.23452490511003876, "tasa_educ_univ_hombre": 0.15724188537331132, "tasa_educ_univ_mujer": 0.14042291084794306, "gap_trabaja_horas_h_m": 0.05367900096659428, "gap_horas_h_m": -0.9712525296691084, "gap_pobreza_m_h": 0.0002999031504742067, "gap_ingreso_hogar_h_m": 456.2164745951977, "gap_educ_sup_m_h": -0.043942494871567206, "gap_educ_univ_m_h": -0.016818974525368263, "ratio_trabajo_m_h": 0.9378222485362625, "ratio_horas_m_h": 1.0282858288003718, "ratio_ingreso_hogar_m_h": 0.9625465538535414, "ratio_pobreza_m_h": 1.001513603187522, "ratio_educ_sup_m_h": 0.8421987820675964, "n_mujeres_18_49": 538, "peso_mujeres_18_49": 105926.83390808108, "share_mujeres_18_49_con_u6": 0.31653838383159594, "prom_ninios_u6_hogar_mujer_18_49": 0.3564035279327513, "share_mujeres_18_49_con_2mas_u6": 0.036710907310312374, "tasa_trabaja_mujer_no_u6": 0.7661974073086267, "tasa_trabaja_mujer_si_u6": 0.7263900469401482, "horas_mujer_no_u6": 36.279909409743006, "horas_mujer_si_u6": 33.34348975968471, "pobreza_mujer_no_u6": 0.18839296569364122, "pobreza_mujer_si_u6": 0.30076192277472763, "ingreso_hogar_mujer_no_u6": 13486.26295759102, "ingreso_hogar_mujer_si_u6": 14080.887875613162, "penalidad_maternidad_trabajo": -0.03980736036847854, "penalidad_maternidad_horas": -2.9364196500582977, "penalidad_maternidad_pobreza": 0.1123689570810864, "penalidad_maternidad_ingreso": 594.6249180221421, "penalidad_maternidad_trabajo_educ_sup": -0.026626048449364004, "penalidad_maternidad_trabajo_no_educ_sup": -0.059200859869232625, "mitigacion_penalidad_trabajo_por_educ": 0.03257481141986862, "penalidad_maternidad_ingreso_educ_sup": 11155.330024119197, "penalidad_maternidad_ingreso_no_educ_sup": -1386.5752366879497, "mitigacion_penalidad_ingreso_por_educ": 12541.905260807147, "tasa_trabaja_horas_mujer_nat": 0.6869561613053373, "tasa_trabaja_horas_hombre_nat": 0.8296203756623115, "gap_trabaja_horas_h_m_nat": 0.14266421435697418, "horas_prom_mujer_nat": 36.76971249535398, "horas_prom_hombre_nat": 43.479105401796836, "gap_horas_h_m_nat": 6.709392906442858, "pobreza_mujer_nat": 0.2442088413385761, "pobreza_hombre_nat": 0.2322337934696795, "gap_pobreza_m_h_nat": 0.011975047868896582, "ingreso_neto_hogar_mujer_nat": 20162.848268682832, "ingreso_neto_hogar_hombre_nat": 21832.45460551848, "gap_ingreso_hogar_h_m_nat": 1669.606336835648, "ratio_trabajo_m_h_nat": 0.8280367520589391, "ratio_horas_m_h_nat": 0.8456869605655322, "ratio_ingreso_hogar_m_h_nat": 0.9235264029169844, "ratio_pobreza_m_h_nat": 1.0515646224004864, "tasa_educ_sup_mujer_nat": 0.35554547204038733, "tasa_educ_sup_hombre_nat": 0.3609912877667579, "gap_educ_sup_m_h_nat": -0.00544581572637054, "ratio_educ_sup_m_h_nat": 0.984914273804056, "tasa_educ_univ_mujer_nat": 0.18929377887655863, "tasa_educ_univ_hombre_nat": 0.19497646645555872, "gap_educ_univ_m_h_nat": -0.00568268757900009, "share_mujeres_18_49_con_u6_nat": 0.3442460002916777, "prom_ninios_u6_hogar_mujer_18_49_nat": 0.4104262384202904, "share_mujeres_18_49_con_2mas_u6_nat": 0.05745832115760747, "penalidad_maternidad_trabajo_nat": -0.06484686036508747, "penalidad_maternidad_horas_nat": -3.772713030425024, "penalidad_maternidad_pobreza_nat": 0.19670889160100563, "penalidad_maternidad_ingreso_nat": -3000.5128128127326, "penalidad_maternidad_trabajo_educ_sup_nat": -0.021282949049555744, "penalidad_maternidad_trabajo_no_educ_sup_nat": -0.08813759642125918, "mitigacion_penalidad_trabajo_por_educ_nat": 0.06685464737170344, "penalidad_maternidad_ingreso_educ_sup_nat": -1865.645079079044, "penalidad_maternidad_ingreso_no_educ_sup_nat": -729.6987528538484, "mitigacion_penalidad_ingreso_por_educ_nat": -1135.9463262251957, "tasa_trabaja_horas_mujer_anom_nat": 0.12268008639704431, "tasa_trabaja_horas_hombre_anom_nat": 0.033694873006664405, "gap_trabaja_horas_h_m_anom_nat": -0.0889852133903799, "horas_prom_mujer_anom_nat": -1.4613883343828462, "horas_prom_hombre_anom_nat": -9.142033770494812, "gap_horas_h_m_anom_nat": -7.680645436111966, "pobreza_mujer_anom_nat": -0.04577038183029081, "pobreza_hombre_anom_nat": -0.03409523711186843, "gap_pobreza_m_h_anom_nat": -0.011675144718422376, "ingreso_neto_hogar_mujer_anom_nat": -8438.170285363518, "ingreso_neto_hogar_hombre_anom_nat": -9651.560147603968, "gap_ingreso_hogar_h_m_anom_nat": -1213.3898622404504, "ratio_trabajo_m_h_anom_nat": 0.10978549647732339, "ratio_horas_m_h_anom_nat": 0.18259886823483962, "ratio_ingreso_hogar_m_h_anom_nat": 0.039020150936556974, "ratio_pobreza_m_h_anom_nat": -0.0500510192129644, "tasa_educ_sup_mujer_anom_nat": -0.12102056693034857, "tasa_educ_sup_hombre_anom_nat": -0.0825238877851519, "gap_educ_sup_m_h_anom_nat": -0.038496679145196666, "ratio_educ_sup_m_h_anom_nat": -0.1427154917364597, "tasa_educ_univ_mujer_anom_nat": -0.048870868028615566, "tasa_educ_univ_hombre_anom_nat": -0.03773458108224739, "gap_educ_univ_m_h_anom_nat": -0.011136286946368174, "share_mujeres_18_49_con_u6_anom_nat": -0.02770761646008174, "prom_ninios_u6_hogar_mujer_18_49_anom_nat": -0.054022710487539094, "share_mujeres_18_49_con_2mas_u6_anom_nat": -0.020747413847295094, "penalidad_maternidad_trabajo_anom_nat": 0.025039499996608927, "penalidad_maternidad_horas_anom_nat": 0.8362933803667261, "penalidad_maternidad_pobreza_anom_nat": -0.08433993451991922, "penalidad_maternidad_ingreso_anom_nat": 3595.1377308348747, "penalidad_maternidad_trabajo_educ_sup_anom_nat": -0.00534309939980826, "penalidad_maternidad_trabajo_no_educ_sup_anom_nat": 0.028936736552026554, "mitigacion_penalidad_trabajo_por_educ_anom_nat": -0.034279835951834814, "penalidad_maternidad_ingreso_educ_sup_anom_nat": 13020.975103198241, "penalidad_maternidad_ingreso_no_educ_sup_anom_nat": -656.8764838341012, "mitigacion_penalidad_ingreso_por_educ_anom_nat": 13677.851587032343, "total_autoridades_electas": 544.0, "n_autoridades_mujeres": 217.0, "n_autoridades_hombres": 327.0, "share_autoridades_mujeres": 0.39889705882352944, "share_autoridades_hombres": 0.6011029411764706, "ratio_autoridades_mujer_hombre": 0.6636085626911316, "share_liderazgo_ejecutivo_mujeres": 0.04597701149425287, "share_alcaldias_mujeres": 0.03529411764705882, "share_gobernaciones_mujeres": 0.5, "share_regidurias_mujeres": 0.46846846846846846, "share_consejerias_mujeres": 0.36363636363636365, "densidad_liderazgo_femenino": 0.007352941176470588, "brecha_liderazgo_vs_base_mujeres": -0.35292004732927656, "indice_techo_politico_mujeres": 0.11526034217914083, "share_autoridades_mujeres_nat": 0.4105079075425791, "share_autoridades_hombres_nat": 0.589492092457421, "ratio_autoridades_mujer_hombre_nat": 0.6963755965432735, "share_liderazgo_ejecutivo_mujeres_nat": 0.06504904491481672, "share_alcaldias_mujeres_nat": 0.05452620434092112, "share_gobernaciones_mujeres_nat": 0.4791666666666667, "share_regidurias_mujeres_nat": 0.47733407800428185, "share_consejerias_mujeres_nat": 0.2807017543859649, "densidad_liderazgo_femenino_nat": 0.00958029197080292, "brecha_liderazgo_vs_base_mujeres_nat": -0.3454588626277624, "indice_techo_politico_mujeres_nat": 0.1584599071531153, "share_autoridades_mujeres_anom_nat": -0.01161084871904966, "share_autoridades_hombres_anom_nat": 0.011610848719049605, "ratio_autoridades_mujer_hombre_anom_nat": -0.03276703385214197, "share_liderazgo_ejecutivo_mujeres_anom_nat": -0.01907203342056385, "share_alcaldias_mujeres_anom_nat": -0.019232086693862296, "share_gobernaciones_mujeres_anom_nat": 0.020833333333333315, "share_regidurias_mujeres_anom_nat": -0.00886560953581339, "share_consejerias_mujeres_anom_nat": 0.08293460925039875, "densidad_liderazgo_femenino_anom_nat": -0.002227350794332332, "brecha_liderazgo_vs_base_mujeres_anom_nat": -0.00746118470151419, "indice_techo_politico_mujeres_anom_nat": -0.04319956497397448, "indice_habilitante_liderazgo_femenino_0_100": 48.71331178134747, "n_componentes_indice_habilitante": 7}}, {"type": "Feature", "geometry": {"type": "Point", "coordinates": [-71.536, -16.398]}, "properties": {"anio": 2024, "dep_cod": "04", "departamento": "Arequipa", "n_adultos_18_64": 2957, "peso_total_18_64": 918622.9497108461, "tasa_trabaja_horas_hombre": 0.8075783600788226, "tasa_trabaja_horas_mujer": 0.6644863336848786, "horas_prom_hombre": 43.726982820270344, "horas_prom_mujer": 38.230842086087286, "pobreza_hombre": 0.11533887124874699, "pobreza_mujer": 0.13957227806181985, "ingreso_neto_hogar_hombre": 24550.988664172604, "ingreso_neto_hogar_mujer": 21538.940341639856, "tasa_educ_sup_hombre": 0.514341079643807, "tasa_educ_sup_mujer": 0.44408083150691613, "tasa_educ_univ_hombre": 0.2671298852742045, "tasa_educ_univ_mujer": 0.27117921945517676, "gap_trabaja_horas_h_m": 0.14309202639394392, "gap_horas_h_m": 5.496140734183058, "gap_pobreza_m_h": 0.024233406813072858, "gap_ingreso_hogar_h_m": 3012.048322532748, "gap_educ_sup_m_h": -0.07026024813689091, "gap_educ_univ_m_h": 0.004049334180972253, "ratio_trabajo_m_h": 0.8228134463880662, "ratio_horas_m_h": 0.8743077985331466, "ratio_ingreso_hogar_m_h": 0.8773145813501089, "ratio_pobreza_m_h": 1.2101061554591563, "ratio_educ_sup_m_h": 0.8633975567622408, "n_mujeres_18_49": 1122, "peso_mujeres_18_49": 342618.8066158295, "share_mujeres_18_49_con_u6": 0.2914287640971738, "prom_ninios_u6_hogar_mujer_18_49": 0.3202279141999353, "share_mujeres_18_49_con_2mas_u6": 0.025504469906649677, "tasa_trabaja_mujer_no_u6": 0.7064800892380294, "tasa_trabaja_mujer_si_u6": 0.5466401679085607, "horas_mujer_no_u6": 36.854056720210174, "horas_mujer_si_u6": 35.5955531998558, "pobreza_mujer_no_u6": 0.1071207138942183, "pobreza_mujer_si_u6": 0.26998104980575555, "ingreso_hogar_mujer_no_u6": 23386.533976591556, "ingreso_hogar_mujer_si_u6": 18849.56343785664, "penalidad_maternidad_trabajo": -0.15983992132946867, "penalidad_maternidad_horas": -1.258503520354374, "penalidad_maternidad_pobreza": 0.16286033591153726, "penalidad_maternidad_ingreso": -4536.970538734917, "penalidad_maternidad_trabajo_educ_sup": -0.13484385281324418, "penalidad_maternidad_trabajo_no_educ_sup": -0.17107880420812316, "mitigacion_penalidad_trabajo_por_educ": 0.03623495139487898, "penalidad_maternidad_ingreso_educ_sup": -1598.8464443448975, "penalidad_maternidad_ingreso_no_educ_sup": -5117.769859197551, "mitigacion_penalidad_ingreso_por_educ": 3518.923414852654, "tasa_trabaja_horas_mujer_nat": 0.6869561613053373, "tasa_trabaja_horas_hombre_nat": 0.8296203756623115, "gap_trabaja_horas_h_m_nat": 0.14266421435697418, "horas_prom_mujer_nat": 36.76971249535398, "horas_prom_hombre_nat": 43.479105401796836, "gap_horas_h_m_nat": 6.709392906442858, "pobreza_mujer_nat": 0.2442088413385761, "pobreza_hombre_nat": 0.2322337934696795, "gap_pobreza_m_h_nat": 0.011975047868896582, "ingreso_neto_hogar_mujer_nat": 20162.848268682832, "ingreso_neto_hogar_hombre_nat": 21832.45460551848, "gap_ingreso_hogar_h_m_nat": 1669.606336835648, "ratio_trabajo_m_h_nat": 0.8280367520589391, "ratio_horas_m_h_nat": 0.8456869605655322, "ratio_ingreso_hogar_m_h_nat": 0.9235264029169844, "ratio_pobreza_m_h_nat": 1.0515646224004864, "tasa_educ_sup_mujer_nat": 0.35554547204038733, "tasa_educ_sup_hombre_nat": 0.3609912877667579, "gap_educ_sup_m_h_nat": -0.00544581572637054, "ratio_educ_sup_m_h_nat": 0.984914273804056, "tasa_educ_univ_mujer_nat": 0.18929377887655863, "tasa_educ_univ_hombre_nat": 0.19497646645555872, "gap_educ_univ_m_h_nat": -0.00568268757900009, "share_mujeres_18_49_con_u6_nat": 0.3442460002916777, "prom_ninios_u6_hogar_mujer_18_49_nat": 0.4104262384202904, "share_mujeres_18_49_con_2mas_u6_nat": 0.05745832115760747, "penalidad_maternidad_trabajo_nat": -0.06484686036508747, "penalidad_maternidad_horas_nat": -3.772713030425024, "penalidad_maternidad_pobreza_nat": 0.19670889160100563, "penalidad_maternidad_ingreso_nat": -3000.5128128127326, "penalidad_maternidad_trabajo_educ_sup_nat": -0.021282949049555744, "penalidad_maternidad_trabajo_no_educ_sup_nat": -0.08813759642125918, "mitigacion_penalidad_trabajo_por_educ_nat": 0.06685464737170344, "penalidad_maternidad_ingreso_educ_sup_nat": -1865.645079079044, "penalidad_maternidad_ingreso_no_educ_sup_nat": -729.6987528538484, "mitigacion_penalidad_ingreso_por_educ_nat": -1135.9463262251957, "tasa_trabaja_horas_mujer_anom_nat": -0.022469827620458682, "tasa_trabaja_horas_hombre_anom_nat": -0.02204201558348895, "gap_trabaja_horas_h_m_anom_nat": 0.00042781203696973247, "horas_prom_mujer_anom_nat": 1.4611295907333073, "horas_prom_hombre_anom_nat": 0.2478774184735073, "gap_horas_h_m_anom_nat": -1.2132521722598, "pobreza_mujer_anom_nat": -0.10463656327675624, "pobreza_hombre_anom_nat": -0.11689492222093252, "gap_pobreza_m_h_anom_nat": 0.012258358944176276, "ingreso_neto_hogar_mujer_anom_nat": 1376.0920729570244, "ingreso_neto_hogar_hombre_anom_nat": 2718.5340586541242, "gap_ingreso_hogar_h_m_anom_nat": 1342.4419856970999, "ratio_trabajo_m_h_anom_nat": -0.005223305670872924, "ratio_horas_m_h_anom_nat": 0.028620837967614388, "ratio_ingreso_hogar_m_h_anom_nat": -0.04621182156687553, "ratio_pobreza_m_h_anom_nat": 0.15854153305866991, "tasa_educ_sup_mujer_anom_nat": 0.0885353594665288, "tasa_educ_sup_hombre_anom_nat": 0.15334979187704917, "gap_educ_sup_m_h_anom_nat": -0.06481443241052037, "ratio_educ_sup_m_h_anom_nat": -0.12151671704181521, "tasa_educ_univ_mujer_anom_nat": 0.08188544057861813, "tasa_educ_univ_hombre_anom_nat": 0.07215341881864579, "gap_educ_univ_m_h_anom_nat": 0.009732021759972342, "share_mujeres_18_49_con_u6_anom_nat": -0.0528172361945039, "prom_ninios_u6_hogar_mujer_18_49_anom_nat": -0.09019832422035512, "share_mujeres_18_49_con_2mas_u6_anom_nat": -0.03195385125095779, "penalidad_maternidad_trabajo_anom_nat": -0.0949930609643812, "penalidad_maternidad_horas_anom_nat": 2.51420951007065, "penalidad_maternidad_pobreza_anom_nat": -0.033848555689468374, "penalidad_maternidad_ingreso_anom_nat": -1536.4577259221842, "penalidad_maternidad_trabajo_educ_sup_anom_nat": -0.11356090376368844, "penalidad_maternidad_trabajo_no_educ_sup_anom_nat": -0.08294120778686398, "mitigacion_penalidad_trabajo_por_educ_anom_nat": -0.030619695976824457, "penalidad_maternidad_ingreso_educ_sup_anom_nat": 266.7986347341466, "penalidad_maternidad_ingreso_no_educ_sup_anom_nat": -4388.071106343703, "mitigacion_penalidad_ingreso_por_educ_anom_nat": 4654.8697410778495, "total_autoridades_electas": 753.0, "n_autoridades_mujeres": 319.0, "n_autoridades_hombres": 434.0, "share_autoridades_mujeres": 0.42363877822045154, "share_autoridades_hombres": 0.5763612217795485, "ratio_autoridades_mujer_hombre": 0.7350230414746544, "share_liderazgo_ejecutivo_mujeres": 0.06306306306306306, "share_alcaldias_mujeres": 0.05504587155963303, "share_gobernaciones_mujeres": 0.5, "share_regidurias_mujeres": 0.4887459807073955, "share_consejerias_mujeres": 0.42857142857142855, "densidad_liderazgo_femenino": 0.009296148738379814, "brecha_liderazgo_vs_base_mujeres": -0.3605757151573885, "indice_techo_politico_mujeres": 0.14886045920528676, "share_autoridades_mujeres_nat": 0.4105079075425791, "share_autoridades_hombres_nat": 0.589492092457421, "ratio_autoridades_mujer_hombre_nat": 0.6963755965432735, "share_liderazgo_ejecutivo_mujeres_nat": 0.06504904491481672, "share_alcaldias_mujeres_nat": 0.05452620434092112, "share_gobernaciones_mujeres_nat": 0.4791666666666667, "share_regidurias_mujeres_nat": 0.47733407800428185, "share_consejerias_mujeres_nat": 0.2807017543859649, "densidad_liderazgo_femenino_nat": 0.00958029197080292, "brecha_liderazgo_vs_base_mujeres_nat": -0.3454588626277624, "indice_techo_politico_mujeres_nat": 0.1584599071531153, "share_autoridades_mujeres_anom_nat": 0.013130870677872442, "share_autoridades_hombres_anom_nat": -0.013130870677872442, "ratio_autoridades_mujer_hombre_anom_nat": 0.03864744493138084, "share_liderazgo_ejecutivo_mujeres_anom_nat": -0.0019859818517536654, "share_alcaldias_mujeres_anom_nat": 0.0005196672187119111, "share_gobernaciones_mujeres_anom_nat": 0.020833333333333315, "share_regidurias_mujeres_anom_nat": 0.011411902703113652, "share_consejerias_mujeres_anom_nat": 0.14786967418546365, "densidad_liderazgo_femenino_anom_nat": -0.00028414323242310566, "brecha_liderazgo_vs_base_mujeres_anom_nat": -0.015116852529626135, "indice_techo_politico_mujeres_anom_nat": -0.009599447947828549, "indice_habilitante_liderazgo_femenino_0_100": 49.63383939780695, "n_componentes_indice_habilitante": 7}}, {"type": "Feature", "geometry": {"type": "Point", "coordinates": [-74.224, -13.163]}, "properties": {"anio": 2024, "dep_cod": "05", "departamento": "Ayacucho", "n_adultos_18_64": 1911, "peso_total_18_64": 438316.97668266273, "tasa_trabaja_horas_hombre": 0.849840554805506, "tasa_trabaja_horas_mujer": 0.7829741509887428, "horas_prom_hombre": 38.8268731255886, "horas_prom_mujer": 36.52272473335797, "pobreza_hombre": 0.27877811506326955, "pobreza_mujer": 0.2833015407128092, "ingreso_neto_hogar_hombre": 12596.761980038349, "ingreso_neto_hogar_mujer": 11024.898804907596, "tasa_educ_sup_hombre": 0.25803510144698205, "tasa_educ_sup_mujer": 0.24019851361459818, "tasa_educ_univ_hombre": 0.1379609173336322, "tasa_educ_univ_mujer": 0.10070442121632259, "gap_trabaja_horas_h_m": 0.06686640381676323, "gap_horas_h_m": 2.30414839223063, "gap_pobreza_m_h": 0.00452342564953967, "gap_ingreso_hogar_h_m": 1571.863175130753, "gap_educ_sup_m_h": -0.01783658783238387, "gap_educ_univ_m_h": -0.03725649611730961, "ratio_trabajo_m_h": 0.9213188833615192, "ratio_horas_m_h": 0.9406558343037906, "ratio_ingreso_hogar_m_h": 0.8752168868776253, "ratio_pobreza_m_h": 1.0162258993985702, "ratio_educ_sup_m_h": 0.9308753431902802, "n_mujeres_18_49": 705, "peso_mujeres_18_49": 164247.92997360224, "share_mujeres_18_49_con_u6": 0.37873456749808676, "prom_ninios_u6_hogar_mujer_18_49": 0.43763800127962954, "share_mujeres_18_49_con_2mas_u6": 0.05790637645066837, "tasa_trabaja_mujer_no_u6": 0.7745471583590645, "tasa_trabaja_mujer_si_u6": 0.7365765364157973, "horas_mujer_no_u6": 38.45812788846803, "horas_mujer_si_u6": 33.79545600909673, "pobreza_mujer_no_u6": 0.2485234310306343, "pobreza_mujer_si_u6": 0.4257987216610074, "ingreso_hogar_mujer_no_u6": 13399.318639137573, "ingreso_hogar_mujer_si_u6": 9163.762927336926, "penalidad_maternidad_trabajo": -0.03797062194326717, "penalidad_maternidad_horas": -4.662671879371295, "penalidad_maternidad_pobreza": 0.17727529063037312, "penalidad_maternidad_ingreso": -4235.555711800647, "penalidad_maternidad_trabajo_educ_sup": -0.09181554614648735, "penalidad_maternidad_trabajo_no_educ_sup": -0.048488505239713264, "mitigacion_penalidad_trabajo_por_educ": -0.043327040906774084, "penalidad_maternidad_ingreso_educ_sup": -9826.0712868192, "penalidad_maternidad_ingreso_no_educ_sup": -221.6660674939003, "mitigacion_penalidad_ingreso_por_educ": -9604.405219325301, "tasa_trabaja_horas_mujer_nat": 0.6869561613053373, "tasa_trabaja_horas_hombre_nat": 0.8296203756623115, "gap_trabaja_horas_h_m_nat": 0.14266421435697418, "horas_prom_mujer_nat": 36.76971249535398, "horas_prom_hombre_nat": 43.479105401796836, "gap_horas_h_m_nat": 6.709392906442858, "pobreza_mujer_nat": 0.2442088413385761, "pobreza_hombre_nat": 0.2322337934696795, "gap_pobreza_m_h_nat": 0.011975047868896582, "ingreso_neto_hogar_mujer_nat": 20162.848268682832, "ingreso_neto_hogar_hombre_nat": 21832.45460551848, "gap_ingreso_hogar_h_m_nat": 1669.606336835648, "ratio_trabajo_m_h_nat": 0.8280367520589391, "ratio_horas_m_h_nat": 0.8456869605655322, "ratio_ingreso_hogar_m_h_nat": 0.9235264029169844, "ratio_pobreza_m_h_nat": 1.0515646224004864, "tasa_educ_sup_mujer_nat": 0.35554547204038733, "tasa_educ_sup_hombre_nat": 0.3609912877667579, "gap_educ_sup_m_h_nat": -0.00544581572637054, "ratio_educ_sup_m_h_nat": 0.984914273804056, "tasa_educ_univ_mujer_nat": 0.18929377887655863, "tasa_educ_univ_hombre_nat": 0.19497646645555872, "gap_educ_univ_m_h_nat": -0.00568268757900009, "share_mujeres_18_49_con_u6_nat": 0.3442460002916777, "prom_ninios_u6_hogar_mujer_18_49_nat": 0.4104262384202904, "share_mujeres_18_49_con_2mas_u6_nat": 0.05745832115760747, "penalidad_maternidad_trabajo_nat": -0.06484686036508747, "penalidad_maternidad_horas_nat": -3.772713030425024, "penalidad_maternidad_pobreza_nat": 0.19670889160100563, "penalidad_maternidad_ingreso_nat": -3000.5128128127326, "penalidad_maternidad_trabajo_educ_sup_nat": -0.021282949049555744, "penalidad_maternidad_trabajo_no_educ_sup_nat": -0.08813759642125918, "mitigacion_penalidad_trabajo_por_educ_nat": 0.06685464737170344, "penalidad_maternidad_ingreso_educ_sup_nat": -1865.645079079044, "penalidad_maternidad_ingreso_no_educ_sup_nat": -729.6987528538484, "mitigacion_penalidad_ingreso_por_educ_nat": -1135.9463262251957, "tasa_trabaja_horas_mujer_anom_nat": 0.09601798968340547, "tasa_trabaja_horas_hombre_anom_nat": 0.020220179143194517, "gap_trabaja_horas_h_m_anom_nat": -0.07579781054021095, "horas_prom_mujer_anom_nat": -0.24698776199601014, "horas_prom_hombre_anom_nat": -4.652232276208238, "gap_horas_h_m_anom_nat": -4.405244514212228, "pobreza_mujer_anom_nat": 0.039092699374233125, "pobreza_hombre_anom_nat": 0.04654432159359004, "gap_pobreza_m_h_anom_nat": -0.007451622219356913, "ingreso_neto_hogar_mujer_anom_nat": -9137.949463775236, "ingreso_neto_hogar_hombre_anom_nat": -9235.692625480131, "gap_ingreso_hogar_h_m_anom_nat": -97.7431617048951, "ratio_trabajo_m_h_anom_nat": 0.09328213130258012, "ratio_horas_m_h_anom_nat": 0.09496887373825846, "ratio_ingreso_hogar_m_h_anom_nat": -0.04830951603935907, "ratio_pobreza_m_h_anom_nat": -0.035338723001916206, "tasa_educ_sup_mujer_anom_nat": -0.11534695842578915, "tasa_educ_sup_hombre_anom_nat": -0.10295618631977582, "gap_educ_sup_m_h_anom_nat": -0.012390772106013331, "ratio_educ_sup_m_h_anom_nat": -0.05403893061377585, "tasa_educ_univ_mujer_anom_nat": -0.08858935766023604, "tasa_educ_univ_hombre_anom_nat": -0.05701554912192652, "gap_educ_univ_m_h_anom_nat": -0.03157380853830952, "share_mujeres_18_49_con_u6_anom_nat": 0.03448856720640908, "prom_ninios_u6_hogar_mujer_18_49_anom_nat": 0.027211762859339128, "share_mujeres_18_49_con_2mas_u6_anom_nat": 0.0004480552930609047, "penalidad_maternidad_trabajo_anom_nat": 0.026876238421820298, "penalidad_maternidad_horas_anom_nat": -0.8899588489462715, "penalidad_maternidad_pobreza_anom_nat": -0.019433600970632514, "penalidad_maternidad_ingreso_anom_nat": -1235.0428989879147, "penalidad_maternidad_trabajo_educ_sup_anom_nat": -0.0705325970969316, "penalidad_maternidad_trabajo_no_educ_sup_anom_nat": 0.039649091181545915, "mitigacion_penalidad_trabajo_por_educ_anom_nat": -0.11018168827847752, "penalidad_maternidad_ingreso_educ_sup_anom_nat": -7960.426207740156, "penalidad_maternidad_ingreso_no_educ_sup_anom_nat": 508.0326853599481, "mitigacion_penalidad_ingreso_por_educ_anom_nat": -8468.458893100105, "total_autoridades_electas": 796.0, "n_autoridades_mujeres": 317.0, "n_autoridades_hombres": 479.0, "share_autoridades_mujeres": 0.39824120603015073, "share_autoridades_hombres": 0.6017587939698492, "ratio_autoridades_mujer_hombre": 0.6617954070981211, "share_liderazgo_ejecutivo_mujeres": 0.03968253968253968, "share_alcaldias_mujeres": 0.03225806451612903, "share_gobernaciones_mujeres": 0.5, "share_regidurias_mujeres": 0.4723076923076923, "share_consejerias_mujeres": 0.23529411764705882, "densidad_liderazgo_femenino": 0.00628140703517588, "brecha_liderazgo_vs_base_mujeres": -0.358558666347611, "indice_techo_politico_mujeres": 0.09964448450252866, "share_autoridades_mujeres_nat": 0.4105079075425791, "share_autoridades_hombres_nat": 0.589492092457421, "ratio_autoridades_mujer_hombre_nat": 0.6963755965432735, "share_liderazgo_ejecutivo_mujeres_nat": 0.06504904491481672, "share_alcaldias_mujeres_nat": 0.05452620434092112, "share_gobernaciones_mujeres_nat": 0.4791666666666667, "share_regidurias_mujeres_nat": 0.47733407800428185, "share_consejerias_mujeres_nat": 0.2807017543859649, "densidad_liderazgo_femenino_nat": 0.00958029197080292, "brecha_liderazgo_vs_base_mujeres_nat": -0.3454588626277624, "indice_techo_politico_mujeres_nat": 0.1584599071531153, "share_autoridades_mujeres_anom_nat": -0.012266701512428368, "share_autoridades_hombres_anom_nat": 0.012266701512428257, "ratio_autoridades_mujer_hombre_anom_nat": -0.0345801894451524, "share_liderazgo_ejecutivo_mujeres_anom_nat": -0.025366505232277042, "share_alcaldias_mujeres_anom_nat": -0.022268139824792088, "share_gobernaciones_mujeres_anom_nat": 0.020833333333333315, "share_regidurias_mujeres_anom_nat": -0.00502638569658953, "share_consejerias_mujeres_anom_nat": -0.045407636738906076, "densidad_liderazgo_femenino_anom_nat": -0.0032988849356270404, "brecha_liderazgo_vs_base_mujeres_anom_nat": -0.013099803719848646, "indice_techo_politico_mujeres_anom_nat": -0.058815422650586646, "indice_habilitante_liderazgo_femenino_0_100": 36.24013393639739, "n_componentes_indice_habilitante": 7}}, {"type": "Feature", "geometry": {"type": "Point", "coordinates": [-78.512, -7.161]}, "properties": {"anio": 2024, "dep_cod": "06", "departamento": "Cajamarca", "n_adultos_18_64": 2629, "peso_total_18_64": 922690.7174530032, "tasa_trabaja_horas_hombre": 0.851418419549137, "tasa_trabaja_horas_mujer": 0.7943766574936891, "horas_prom_hombre": 34.73156065182055, "horas_prom_mujer": 26.117323812977368, "pobreza_hombre": 0.4004732014497544, "pobreza_mujer": 0.39202475422949845, "ingreso_neto_hogar_hombre": 13096.543421410606, "ingreso_neto_hogar_mujer": 11916.139821893557, "tasa_educ_sup_hombre": 0.2378068629527123, "tasa_educ_sup_mujer": 0.23336696523942235, "tasa_educ_univ_hombre": 0.12969931898138823, "tasa_educ_univ_mujer": 0.11278452060877428, "gap_trabaja_horas_h_m": 0.057041762055447864, "gap_horas_h_m": 8.614236838843183, "gap_pobreza_m_h": -0.00844844722025595, "gap_ingreso_hogar_h_m": 1180.4035995170489, "gap_educ_sup_m_h": -0.004439897713289953, "gap_educ_univ_m_h": -0.01691479837261395, "ratio_trabajo_m_h": 0.9330038430626695, "ratio_horas_m_h": 0.7519766841116123, "ratio_ingreso_hogar_m_h": 0.9098690729656734, "ratio_pobreza_m_h": 0.9789038387845387, "ratio_educ_sup_m_h": 0.9813298167337886, "n_mujeres_18_49": 973, "peso_mujeres_18_49": 344672.8932271005, "share_mujeres_18_49_con_u6": 0.40366336151229865, "prom_ninios_u6_hogar_mujer_18_49": 0.48686240249098195, "share_mujeres_18_49_con_2mas_u6": 0.07303918975105717, "tasa_trabaja_mujer_no_u6": 0.7832763662876912, "tasa_trabaja_mujer_si_u6": 0.7460758806901682, "horas_mujer_no_u6": 28.69844289292576, "horas_mujer_si_u6": 24.97136528728012, "pobreza_mujer_no_u6": 0.37026385780268345, "pobreza_mujer_si_u6": 0.4527744767518391, "ingreso_hogar_mujer_no_u6": 12118.898103030278, "ingreso_hogar_mujer_si_u6": 13584.874517269944, "penalidad_maternidad_trabajo": -0.03720048559752298, "penalidad_maternidad_horas": -3.72707760564564, "penalidad_maternidad_pobreza": 0.08251061894915562, "penalidad_maternidad_ingreso": 1465.9764142396652, "penalidad_maternidad_trabajo_educ_sup": -0.024685791165059867, "penalidad_maternidad_trabajo_no_educ_sup": -0.042488926073440236, "mitigacion_penalidad_trabajo_por_educ": 0.01780313490838037, "penalidad_maternidad_ingreso_educ_sup": 2823.0295286251894, "penalidad_maternidad_ingreso_no_educ_sup": 1033.8717430602392, "mitigacion_penalidad_ingreso_por_educ": 1789.1577855649502, "tasa_trabaja_horas_mujer_nat": 0.6869561613053373, "tasa_trabaja_horas_hombre_nat": 0.8296203756623115, "gap_trabaja_horas_h_m_nat": 0.14266421435697418, "horas_prom_mujer_nat": 36.76971249535398, "horas_prom_hombre_nat": 43.479105401796836, "gap_horas_h_m_nat": 6.709392906442858, "pobreza_mujer_nat": 0.2442088413385761, "pobreza_hombre_nat": 0.2322337934696795, "gap_pobreza_m_h_nat": 0.011975047868896582, "ingreso_neto_hogar_mujer_nat": 20162.848268682832, "ingreso_neto_hogar_hombre_nat": 21832.45460551848, "gap_ingreso_hogar_h_m_nat": 1669.606336835648, "ratio_trabajo_m_h_nat": 0.8280367520589391, "ratio_horas_m_h_nat": 0.8456869605655322, "ratio_ingreso_hogar_m_h_nat": 0.9235264029169844, "ratio_pobreza_m_h_nat": 1.0515646224004864, "tasa_educ_sup_mujer_nat": 0.35554547204038733, "tasa_educ_sup_hombre_nat": 0.3609912877667579, "gap_educ_sup_m_h_nat": -0.00544581572637054, "ratio_educ_sup_m_h_nat": 0.984914273804056, "tasa_educ_univ_mujer_nat": 0.18929377887655863, "tasa_educ_univ_hombre_nat": 0.19497646645555872, "gap_educ_univ_m_h_nat": -0.00568268757900009, "share_mujeres_18_49_con_u6_nat": 0.3442460002916777, "prom_ninios_u6_hogar_mujer_18_49_nat": 0.4104262384202904, "share_mujeres_18_49_con_2mas_u6_nat": 0.05745832115760747, "penalidad_maternidad_trabajo_nat": -0.06484686036508747, "penalidad_maternidad_horas_nat": -3.772713030425024, "penalidad_maternidad_pobreza_nat": 0.19670889160100563, "penalidad_maternidad_ingreso_nat": -3000.5128128127326, "penalidad_maternidad_trabajo_educ_sup_nat": -0.021282949049555744, "penalidad_maternidad_trabajo_no_educ_sup_nat": -0.08813759642125918, "mitigacion_penalidad_trabajo_por_educ_nat": 0.06685464737170344, "penalidad_maternidad_ingreso_educ_sup_nat": -1865.645079079044, "penalidad_maternidad_ingreso_no_educ_sup_nat": -729.6987528538484, "mitigacion_penalidad_ingreso_por_educ_nat": -1135.9463262251957, "tasa_trabaja_horas_mujer_anom_nat": 0.10742049618835181, "tasa_trabaja_horas_hombre_anom_nat": 0.02179804388682549, "gap_trabaja_horas_h_m_anom_nat": -0.08562245230152632, "horas_prom_mujer_anom_nat": -10.65238868237661, "horas_prom_hombre_anom_nat": -8.747544749976285, "gap_horas_h_m_anom_nat": 1.9048439324003255, "pobreza_mujer_anom_nat": 0.14781591289092236, "pobreza_hombre_anom_nat": 0.1682394079800749, "gap_pobreza_m_h_anom_nat": -0.020423495089152532, "ingreso_neto_hogar_mujer_anom_nat": -8246.708446789275, "ingreso_neto_hogar_hombre_anom_nat": -8735.911184107874, "gap_ingreso_hogar_h_m_anom_nat": -489.20273731859925, "ratio_trabajo_m_h_anom_nat": 0.10496709100373036, "ratio_horas_m_h_anom_nat": -0.09371027645391983, "ratio_ingreso_hogar_m_h_anom_nat": -0.01365732995131097, "ratio_pobreza_m_h_anom_nat": -0.07266078361594774, "tasa_educ_sup_mujer_anom_nat": -0.12217850680096498, "tasa_educ_sup_hombre_anom_nat": -0.12318442481404557, "gap_educ_sup_m_h_anom_nat": 0.0010059180130805867, "ratio_educ_sup_m_h_anom_nat": -0.003584457070267444, "tasa_educ_univ_mujer_anom_nat": -0.07650925826778435, "tasa_educ_univ_hombre_anom_nat": -0.06527714747417049, "gap_educ_univ_m_h_anom_nat": -0.011232110793613859, "share_mujeres_18_49_con_u6_anom_nat": 0.05941736122062097, "prom_ninios_u6_hogar_mujer_18_49_anom_nat": 0.07643616407069154, "share_mujeres_18_49_con_2mas_u6_anom_nat": 0.015580868593449697, "penalidad_maternidad_trabajo_anom_nat": 0.027646374767564486, "penalidad_maternidad_horas_anom_nat": 0.04563542477938398, "penalidad_maternidad_pobreza_anom_nat": -0.11419827265185001, "penalidad_maternidad_ingreso_anom_nat": 4466.489227052398, "penalidad_maternidad_trabajo_educ_sup_anom_nat": -0.0034028421155041233, "penalidad_maternidad_trabajo_no_educ_sup_anom_nat": 0.04564867034781894, "mitigacion_penalidad_trabajo_por_educ_anom_nat": -0.049051512463323066, "penalidad_maternidad_ingreso_educ_sup_anom_nat": 4688.6746077042335, "penalidad_maternidad_ingreso_no_educ_sup_anom_nat": 1763.5704959140876, "mitigacion_penalidad_ingreso_por_educ_anom_nat": 2925.104111790146, "total_autoridades_electas": 841.0, "n_autoridades_mujeres": 323.0, "n_autoridades_hombres": 518.0, "share_autoridades_mujeres": 0.38406658739595717, "share_autoridades_hombres": 0.6159334126040428, "ratio_autoridades_mujer_hombre": 0.6235521235521235, "share_liderazgo_ejecutivo_mujeres": 0.03125, "share_alcaldias_mujeres": 0.023809523809523808, "share_gobernaciones_mujeres": 0.5, "share_regidurias_mujeres": 0.45058139534883723, "share_consejerias_mujeres": 0.3157894736842105, "densidad_liderazgo_femenino": 0.0047562425683709865, "brecha_liderazgo_vs_base_mujeres": -0.35281658739595717, "indice_techo_politico_mujeres": 0.08136609907120744, "share_autoridades_mujeres_nat": 0.4105079075425791, "share_autoridades_hombres_nat": 0.589492092457421, "ratio_autoridades_mujer_hombre_nat": 0.6963755965432735, "share_liderazgo_ejecutivo_mujeres_nat": 0.06504904491481672, "share_alcaldias_mujeres_nat": 0.05452620434092112, "share_gobernaciones_mujeres_nat": 0.4791666666666667, "share_regidurias_mujeres_nat": 0.47733407800428185, "share_consejerias_mujeres_nat": 0.2807017543859649, "densidad_liderazgo_femenino_nat": 0.00958029197080292, "brecha_liderazgo_vs_base_mujeres_nat": -0.3454588626277624, "indice_techo_politico_mujeres_nat": 0.1584599071531153, "share_autoridades_mujeres_anom_nat": -0.026441320146621927, "share_autoridades_hombres_anom_nat": 0.026441320146621816, "ratio_autoridades_mujer_hombre_anom_nat": -0.07282347299115, "share_liderazgo_ejecutivo_mujeres_anom_nat": -0.03379904491481672, "share_alcaldias_mujeres_anom_nat": -0.03071668053139731, "share_gobernaciones_mujeres_anom_nat": 0.020833333333333315, "share_regidurias_mujeres_anom_nat": -0.026752682655444615, "share_consejerias_mujeres_anom_nat": 0.03508771929824561, "densidad_liderazgo_femenino_anom_nat": -0.004824049402431934, "brecha_liderazgo_vs_base_mujeres_anom_nat": -0.0073577247681947955, "indice_techo_politico_mujeres_anom_nat": -0.07709380808190787, "indice_habilitante_liderazgo_femenino_0_100": 32.221487825151826, "n_componentes_indice_habilitante": 7}}, {"type": "Feature", "geometry": {"type": "Point", "coordinates": [-77.118, -12.05]}, "properties": {"anio": 2024, "dep_cod": "07", "departamento": "Callao", "n_adultos_18_64": 2163, "peso_total_18_64": 711193.4657363892, "tasa_trabaja_horas_hombre": 0.793542848306915, "tasa_trabaja_horas_mujer": 0.6111087610022057, "horas_prom_hombre": 47.69140996172636, "horas_prom_mujer": 42.01569387230098, "pobreza_hombre": 0.294691465207899, "pobreza_mujer": 0.3348828555563622, "ingreso_neto_hogar_hombre": 25340.055218987432, "ingreso_neto_hogar_mujer": 24798.872102525605, "tasa_educ_sup_hombre": 0.36400847850788265, "tasa_educ_sup_mujer": 0.396375357189773, "tasa_educ_univ_hombre": 0.1933202446587284, "tasa_educ_univ_mujer": 0.1703197557816443, "gap_trabaja_horas_h_m": 0.18243408730470934, "gap_horas_h_m": 5.675716089425379, "gap_pobreza_m_h": 0.040191390348463196, "gap_ingreso_hogar_h_m": 541.183116461827, "gap_educ_sup_m_h": 0.032366878681890365, "gap_educ_univ_m_h": -0.023000488877084113, "ratio_trabajo_m_h": 0.7701017812787972, "ratio_horas_m_h": 0.8809908095822645, "ratio_ingreso_hogar_m_h": 0.9786431753291399, "ratio_pobreza_m_h": 1.136384643240716, "ratio_educ_sup_m_h": 1.088917925248792, "n_mujeres_18_49": 805, "peso_mujeres_18_49": 270666.05305480957, "share_mujeres_18_49_con_u6": 0.30026426884095236, "prom_ninios_u6_hogar_mujer_18_49": 0.34718469192633444, "share_mujeres_18_49_con_2mas_u6": 0.0458928643224001, "tasa_trabaja_mujer_no_u6": 0.6632559239053515, "tasa_trabaja_mujer_si_u6": 0.5789503957355497, "horas_mujer_no_u6": 41.751810430336654, "horas_mujer_si_u6": 41.3320519982514, "pobreza_mujer_no_u6": 0.27051502490470497, "pobreza_mujer_si_u6": 0.5522453800349197, "ingreso_hogar_mujer_no_u6": 25679.56511911387, "ingreso_hogar_mujer_si_u6": 22605.01394499902, "penalidad_maternidad_trabajo": -0.08430552816980175, "penalidad_maternidad_horas": -0.41975843208525276, "penalidad_maternidad_pobreza": 0.28173035513021477, "penalidad_maternidad_ingreso": -3074.551174114851, "penalidad_maternidad_trabajo_educ_sup": -0.00915807583293926, "penalidad_maternidad_trabajo_no_educ_sup": -0.13033972211788447, "mitigacion_penalidad_trabajo_por_educ": 0.12118164628494521, "penalidad_maternidad_ingreso_educ_sup": -2121.6686545724733, "penalidad_maternidad_ingreso_no_educ_sup": -2677.1503076823537, "mitigacion_penalidad_ingreso_por_educ": 555.4816531098804, "tasa_trabaja_horas_mujer_nat": 0.6869561613053373, "tasa_trabaja_horas_hombre_nat": 0.8296203756623115, "gap_trabaja_horas_h_m_nat": 0.14266421435697418, "horas_prom_mujer_nat": 36.76971249535398, "horas_prom_hombre_nat": 43.479105401796836, "gap_horas_h_m_nat": 6.709392906442858, "pobreza_mujer_nat": 0.2442088413385761, "pobreza_hombre_nat": 0.2322337934696795, "gap_pobreza_m_h_nat": 0.011975047868896582, "ingreso_neto_hogar_mujer_nat": 20162.848268682832, "ingreso_neto_hogar_hombre_nat": 21832.45460551848, "gap_ingreso_hogar_h_m_nat": 1669.606336835648, "ratio_trabajo_m_h_nat": 0.8280367520589391, "ratio_horas_m_h_nat": 0.8456869605655322, "ratio_ingreso_hogar_m_h_nat": 0.9235264029169844, "ratio_pobreza_m_h_nat": 1.0515646224004864, "tasa_educ_sup_mujer_nat": 0.35554547204038733, "tasa_educ_sup_hombre_nat": 0.3609912877667579, "gap_educ_sup_m_h_nat": -0.00544581572637054, "ratio_educ_sup_m_h_nat": 0.984914273804056, "tasa_educ_univ_mujer_nat": 0.18929377887655863, "tasa_educ_univ_hombre_nat": 0.19497646645555872, "gap_educ_univ_m_h_nat": -0.00568268757900009, "share_mujeres_18_49_con_u6_nat": 0.3442460002916777, "prom_ninios_u6_hogar_mujer_18_49_nat": 0.4104262384202904, "share_mujeres_18_49_con_2mas_u6_nat": 0.05745832115760747, "penalidad_maternidad_trabajo_nat": -0.06484686036508747, "penalidad_maternidad_horas_nat": -3.772713030425024, "penalidad_maternidad_pobreza_nat": 0.19670889160100563, "penalidad_maternidad_ingreso_nat": -3000.5128128127326, "penalidad_maternidad_trabajo_educ_sup_nat": -0.021282949049555744, "penalidad_maternidad_trabajo_no_educ_sup_nat": -0.08813759642125918, "mitigacion_penalidad_trabajo_por_educ_nat": 0.06685464737170344, "penalidad_maternidad_ingreso_educ_sup_nat": -1865.645079079044, "penalidad_maternidad_ingreso_no_educ_sup_nat": -729.6987528538484, "mitigacion_penalidad_ingreso_por_educ_nat": -1135.9463262251957, "tasa_trabaja_horas_mujer_anom_nat": -0.07584740030313164, "tasa_trabaja_horas_hombre_anom_nat": -0.03607752735539649, "gap_trabaja_horas_h_m_anom_nat": 0.03976987294773515, "horas_prom_mujer_anom_nat": 5.245981376947, "horas_prom_hombre_anom_nat": 4.212304559929521, "gap_horas_h_m_anom_nat": -1.0336768170174793, "pobreza_mujer_anom_nat": 0.09067401421778612, "pobreza_hombre_anom_nat": 0.062457671738219506, "gap_pobreza_m_h_anom_nat": 0.028216342479566614, "ingreso_neto_hogar_mujer_anom_nat": 4636.0238338427735, "ingreso_neto_hogar_hombre_anom_nat": 3507.6006134689524, "gap_ingreso_hogar_h_m_anom_nat": -1128.423220373821, "ratio_trabajo_m_h_anom_nat": -0.05793497078014187, "ratio_horas_m_h_anom_nat": 0.035303849016732336, "ratio_ingreso_hogar_m_h_anom_nat": 0.05511677241215551, "ratio_pobreza_m_h_anom_nat": 0.08482002084022966, "tasa_educ_sup_mujer_anom_nat": 0.04082988514938568, "tasa_educ_sup_hombre_anom_nat": 0.0030171907411247756, "gap_educ_sup_m_h_anom_nat": 0.037812694408260905, "ratio_educ_sup_m_h_anom_nat": 0.10400365144473589, "tasa_educ_univ_mujer_anom_nat": -0.018974023094914333, "tasa_educ_univ_hombre_anom_nat": -0.0016562217968303095, "gap_educ_univ_m_h_anom_nat": -0.017317801298084023, "share_mujeres_18_49_con_u6_anom_nat": -0.043981731450725314, "prom_ninios_u6_hogar_mujer_18_49_anom_nat": -0.06324154649395597, "share_mujeres_18_49_con_2mas_u6_anom_nat": -0.01156545683520737, "penalidad_maternidad_trabajo_anom_nat": -0.01945866780471428, "penalidad_maternidad_horas_anom_nat": 3.352954598339771, "penalidad_maternidad_pobreza_anom_nat": 0.08502146352920914, "penalidad_maternidad_ingreso_anom_nat": -74.03836130211857, "penalidad_maternidad_trabajo_educ_sup_anom_nat": 0.012124873216616483, "penalidad_maternidad_trabajo_no_educ_sup_anom_nat": -0.04220212569662529, "mitigacion_penalidad_trabajo_por_educ_anom_nat": 0.054326998913241775, "penalidad_maternidad_ingreso_educ_sup_anom_nat": -256.02357549342923, "penalidad_maternidad_ingreso_no_educ_sup_anom_nat": -1947.4515548285053, "mitigacion_penalidad_ingreso_por_educ_anom_nat": 1691.427979335076, "total_autoridades_electas": 799.0, "n_autoridades_mujeres": 315.0, "n_autoridades_hombres": 484.0, "share_autoridades_mujeres": 0.39424280350438046, "share_autoridades_hombres": 0.6057571964956195, "ratio_autoridades_mujer_hombre": 0.6508264462809917, "share_liderazgo_ejecutivo_mujeres": 0.0847457627118644, "share_alcaldias_mujeres": 0.07758620689655173, "share_gobernaciones_mujeres": 0.5, "share_regidurias_mujeres": 0.4525993883792049, "share_consejerias_mujeres": 0.3181818181818182, "densidad_liderazgo_femenino": 0.012515644555694618, "brecha_liderazgo_vs_base_mujeres": -0.30949704079251605, "indice_techo_politico_mujeres": 0.2149582997040624, "share_autoridades_mujeres_nat": 0.4105079075425791, "share_autoridades_hombres_nat": 0.589492092457421, "ratio_autoridades_mujer_hombre_nat": 0.6963755965432735, "share_liderazgo_ejecutivo_mujeres_nat": 0.06504904491481672, "share_alcaldias_mujeres_nat": 0.05452620434092112, "share_gobernaciones_mujeres_nat": 0.4791666666666667, "share_regidurias_mujeres_nat": 0.47733407800428185, "share_consejerias_mujeres_nat": 0.2807017543859649, "densidad_liderazgo_femenino_nat": 0.00958029197080292, "brecha_liderazgo_vs_base_mujeres_nat": -0.3454588626277624, "indice_techo_politico_mujeres_nat": 0.1584599071531153, "share_autoridades_mujeres_anom_nat": -0.01626510403819864, "share_autoridades_hombres_anom_nat": 0.016265104038198586, "ratio_autoridades_mujer_hombre_anom_nat": -0.04554915026228179, "share_liderazgo_ejecutivo_mujeres_anom_nat": 0.01969671779704768, "share_alcaldias_mujeres_anom_nat": 0.023060002555630607, "share_gobernaciones_mujeres_anom_nat": 0.020833333333333315, "share_regidurias_mujeres_anom_nat": -0.024734689625076967, "share_consejerias_mujeres_anom_nat": 0.03748006379585328, "densidad_liderazgo_femenino_anom_nat": 0.002935352584891698, "brecha_liderazgo_vs_base_mujeres_anom_nat": 0.03596182183524632, "indice_techo_politico_mujeres_anom_nat": 0.0564983925509471, "indice_habilitante_liderazgo_femenino_0_100": 47.43092728854596, "n_componentes_indice_habilitante": 7}}, {"type": "Feature", "geometry": {"type": "Point", "coordinates": [-71.967, -13.532]}, "properties": {"anio": 2024, "dep_cod": "08", "departamento": "Cusco", "n_adultos_18_64": 2339, "peso_total_18_64": 869080.8397769928, "tasa_trabaja_horas_hombre": 0.8091858682273305, "tasa_trabaja_horas_mujer": 0.7886217471762234, "horas_prom_hombre": 41.104065117394086, "horas_prom_mujer": 36.664262976845315, "pobreza_hombre": 0.15467708512239145, "pobreza_mujer": 0.14581470868276458, "ingreso_neto_hogar_hombre": 14861.73487708419, "ingreso_neto_hogar_mujer": 14521.769783628868, "tasa_educ_sup_hombre": 0.3216724142680804, "tasa_educ_sup_mujer": 0.31694104962967395, "tasa_educ_univ_hombre": 0.16670710459653018, "tasa_educ_univ_mujer": 0.15860273008271034, "gap_trabaja_horas_h_m": 0.020564121051107165, "gap_horas_h_m": 4.439802140548771, "gap_pobreza_m_h": -0.008862376439626868, "gap_ingreso_hogar_h_m": 339.96509345532286, "gap_educ_sup_m_h": -0.0047313646384064545, "gap_educ_univ_m_h": -0.008104374513819845, "ratio_trabajo_m_h": 0.9745866532541446, "ratio_horas_m_h": 0.89198630043358, "ratio_ingreso_hogar_m_h": 0.977124804320152, "ratio_pobreza_m_h": 0.9427040118281623, "ratio_educ_sup_m_h": 0.9852913572052114, "n_mujeres_18_49": 843, "peso_mujeres_18_49": 326774.64549827576, "share_mujeres_18_49_con_u6": 0.30672544600221757, "prom_ninios_u6_hogar_mujer_18_49": 0.3502345499545116, "share_mujeres_18_49_con_2mas_u6": 0.03510444893002946, "tasa_trabaja_mujer_no_u6": 0.7568943994243065, "tasa_trabaja_mujer_si_u6": 0.7377759498734239, "horas_mujer_no_u6": 36.44900041750126, "horas_mujer_si_u6": 36.57832751708514, "pobreza_mujer_no_u6": 0.11362644942652277, "pobreza_mujer_si_u6": 0.2321826667438164, "ingreso_hogar_mujer_no_u6": 16047.934248645985, "ingreso_hogar_mujer_si_u6": 12786.069535328415, "penalidad_maternidad_trabajo": -0.0191184495508826, "penalidad_maternidad_horas": 0.12932709958388244, "penalidad_maternidad_pobreza": 0.11855621731729364, "penalidad_maternidad_ingreso": -3261.864713317569, "penalidad_maternidad_trabajo_educ_sup": -0.03172454391765078, "penalidad_maternidad_trabajo_no_educ_sup": -0.03325113541700431, "mitigacion_penalidad_trabajo_por_educ": 0.0015265914993535246, "penalidad_maternidad_ingreso_educ_sup": -2665.849863357358, "penalidad_maternidad_ingreso_no_educ_sup": -1124.5110470040327, "mitigacion_penalidad_ingreso_por_educ": -1541.3388163533255, "tasa_trabaja_horas_mujer_nat": 0.6869561613053373, "tasa_trabaja_horas_hombre_nat": 0.8296203756623115, "gap_trabaja_horas_h_m_nat": 0.14266421435697418, "horas_prom_mujer_nat": 36.76971249535398, "horas_prom_hombre_nat": 43.479105401796836, "gap_horas_h_m_nat": 6.709392906442858, "pobreza_mujer_nat": 0.2442088413385761, "pobreza_hombre_nat": 0.2322337934696795, "gap_pobreza_m_h_nat": 0.011975047868896582, "ingreso_neto_hogar_mujer_nat": 20162.848268682832, "ingreso_neto_hogar_hombre_nat": 21832.45460551848, "gap_ingreso_hogar_h_m_nat": 1669.606336835648, "ratio_trabajo_m_h_nat": 0.8280367520589391, "ratio_horas_m_h_nat": 0.8456869605655322, "ratio_ingreso_hogar_m_h_nat": 0.9235264029169844, "ratio_pobreza_m_h_nat": 1.0515646224004864, "tasa_educ_sup_mujer_nat": 0.35554547204038733, "tasa_educ_sup_hombre_nat": 0.3609912877667579, "gap_educ_sup_m_h_nat": -0.00544581572637054, "ratio_educ_sup_m_h_nat": 0.984914273804056, "tasa_educ_univ_mujer_nat": 0.18929377887655863, "tasa_educ_univ_hombre_nat": 0.19497646645555872, "gap_educ_univ_m_h_nat": -0.00568268757900009, "share_mujeres_18_49_con_u6_nat": 0.3442460002916777, "prom_ninios_u6_hogar_mujer_18_49_nat": 0.4104262384202904, "share_mujeres_18_49_con_2mas_u6_nat": 0.05745832115760747, "penalidad_maternidad_trabajo_nat": -0.06484686036508747, "penalidad_maternidad_horas_nat": -3.772713030425024, "penalidad_maternidad_pobreza_nat": 0.19670889160100563, "penalidad_maternidad_ingreso_nat": -3000.5128128127326, "penalidad_maternidad_trabajo_educ_sup_nat": -0.021282949049555744, "penalidad_maternidad_trabajo_no_educ_sup_nat": -0.08813759642125918, "mitigacion_penalidad_trabajo_por_educ_nat": 0.06685464737170344, "penalidad_maternidad_ingreso_educ_sup_nat": -1865.645079079044, "penalidad_maternidad_ingreso_no_educ_sup_nat": -729.6987528538484, "mitigacion_penalidad_ingreso_por_educ_nat": -1135.9463262251957, "tasa_trabaja_horas_mujer_anom_nat": 0.10166558587088603, "tasa_trabaja_horas_hombre_anom_nat": -0.020434507434980986, "gap_trabaja_horas_h_m_anom_nat": -0.12210009330586702, "horas_prom_mujer_anom_nat": -0.10544951850866369, "horas_prom_hombre_anom_nat": -2.3750402844027505, "gap_horas_h_m_anom_nat": -2.269590765894087, "pobreza_mujer_anom_nat": -0.09839413265581151, "pobreza_hombre_anom_nat": -0.07755670834728806, "gap_pobreza_m_h_anom_nat": -0.02083742430852345, "ingreso_neto_hogar_mujer_anom_nat": -5641.078485053964, "ingreso_neto_hogar_hombre_anom_nat": -6970.719728434289, "gap_ingreso_hogar_h_m_anom_nat": -1329.6412433803252, "ratio_trabajo_m_h_anom_nat": 0.1465499011952055, "ratio_horas_m_h_anom_nat": 0.046299339868047795, "ratio_ingreso_hogar_m_h_anom_nat": 0.05359840140316763, "ratio_pobreza_m_h_anom_nat": -0.1088606105723241, "tasa_educ_sup_mujer_anom_nat": -0.03860442241071338, "tasa_educ_sup_hombre_anom_nat": -0.039318873498677465, "gap_educ_sup_m_h_anom_nat": 0.0007144510879640853, "ratio_educ_sup_m_h_anom_nat": 0.00037708340115538697, "tasa_educ_univ_mujer_anom_nat": -0.03069104879384829, "tasa_educ_univ_hombre_anom_nat": -0.028269361859028536, "gap_educ_univ_m_h_anom_nat": -0.0024216869348197556, "share_mujeres_18_49_con_u6_anom_nat": -0.037520554289460106, "prom_ninios_u6_hogar_mujer_18_49_anom_nat": -0.060191688465778825, "share_mujeres_18_49_con_2mas_u6_anom_nat": -0.02235387222757801, "penalidad_maternidad_trabajo_anom_nat": 0.04572841081420487, "penalidad_maternidad_horas_anom_nat": 3.9020401300089063, "penalidad_maternidad_pobreza_anom_nat": -0.07815267428371199, "penalidad_maternidad_ingreso_anom_nat": -261.3519005048365, "penalidad_maternidad_trabajo_educ_sup_anom_nat": -0.010441594868095039, "penalidad_maternidad_trabajo_no_educ_sup_anom_nat": 0.05488646100425487, "mitigacion_penalidad_trabajo_por_educ_anom_nat": -0.06532805587234991, "penalidad_maternidad_ingreso_educ_sup_anom_nat": -800.204784278314, "penalidad_maternidad_ingreso_no_educ_sup_anom_nat": -394.81229415018424, "mitigacion_penalidad_ingreso_por_educ_anom_nat": -405.3924901281298, "total_autoridades_electas": 645.0, "n_autoridades_mujeres": 248.0, "n_autoridades_hombres": 397.0, "share_autoridades_mujeres": 0.38449612403100775, "share_autoridades_hombres": 0.6155038759689923, "ratio_autoridades_mujer_hombre": 0.6246851385390428, "share_liderazgo_ejecutivo_mujeres": 0.038461538461538464, "share_alcaldias_mujeres": 0.029411764705882353, "share_gobernaciones_mujeres": 0.5, "share_regidurias_mujeres": 0.4621212121212121, "share_consejerias_mujeres": 0.0, "densidad_liderazgo_femenino": 0.006201550387596899, "brecha_liderazgo_vs_base_mujeres": -0.3460345855694693, "indice_techo_politico_mujeres": 0.10003101736972705, "share_autoridades_mujeres_nat": 0.4105079075425791, "share_autoridades_hombres_nat": 0.589492092457421, "ratio_autoridades_mujer_hombre_nat": 0.6963755965432735, "share_liderazgo_ejecutivo_mujeres_nat": 0.06504904491481672, "share_alcaldias_mujeres_nat": 0.05452620434092112, "share_gobernaciones_mujeres_nat": 0.4791666666666667, "share_regidurias_mujeres_nat": 0.47733407800428185, "share_consejerias_mujeres_nat": 0.2807017543859649, "densidad_liderazgo_femenino_nat": 0.00958029197080292, "brecha_liderazgo_vs_base_mujeres_nat": -0.3454588626277624, "indice_techo_politico_mujeres_nat": 0.1584599071531153, "share_autoridades_mujeres_anom_nat": -0.02601178351157135, "share_autoridades_hombres_anom_nat": 0.026011783511571296, "ratio_autoridades_mujer_hombre_anom_nat": -0.07169045800423068, "share_liderazgo_ejecutivo_mujeres_anom_nat": -0.02658750645327826, "share_alcaldias_mujeres_anom_nat": -0.025114439635038767, "share_gobernaciones_mujeres_anom_nat": 0.020833333333333315, "share_regidurias_mujeres_anom_nat": -0.015212865883069748, "share_consejerias_mujeres_anom_nat": -0.2807017543859649, "densidad_liderazgo_femenino_anom_nat": -0.003378741583206021, "brecha_liderazgo_vs_base_mujeres_anom_nat": -0.0005757229417069354, "indice_techo_politico_mujeres_anom_nat": -0.058428889783388255, "indice_habilitante_liderazgo_femenino_0_100": 57.328431415667026, "n_componentes_indice_habilitante": 7}}, {"type": "Feature", "geometry": {"type": "Point", "coordinates": [-74.973, -12.786]}, "properties": {"anio": 2024, "dep_cod": "09", "departamento": "Huancavelica", "n_adultos_18_64": 1923, "peso_total_18_64": 310422.0066448451, "tasa_trabaja_horas_hombre": 0.8248954704593146, "tasa_trabaja_horas_mujer": 0.8252446495071223, "horas_prom_hombre": 37.077170153045984, "horas_prom_mujer": 35.03700221772217, "pobreza_hombre": 0.28484445088680066, "pobreza_mujer": 0.28552176529861834, "ingreso_neto_hogar_hombre": 11053.485592548317, "ingreso_neto_hogar_mujer": 10190.270171050895, "tasa_educ_sup_hombre": 0.2525900182930126, "tasa_educ_sup_mujer": 0.22938687299096036, "tasa_educ_univ_hombre": 0.1488105798532623, "tasa_educ_univ_mujer": 0.12491500939869218, "gap_trabaja_horas_h_m": -0.000349179047807735, "gap_horas_h_m": 2.040167935323815, "gap_pobreza_m_h": 0.0006773144118176755, "gap_ingreso_hogar_h_m": 863.2154214974216, "gap_educ_sup_m_h": -0.023203145302052225, "gap_educ_univ_m_h": -0.02389557045457011, "ratio_trabajo_m_h": 1.0004233009639552, "ratio_horas_m_h": 0.94497509041541, "ratio_ingreso_hogar_m_h": 0.9219055912933604, "ratio_pobreza_m_h": 1.00237783958827, "ratio_educ_sup_m_h": 0.9081391043919407, "n_mujeres_18_49": 716, "peso_mujeres_18_49": 116982.11077070239, "share_mujeres_18_49_con_u6": 0.38178139924508037, "prom_ninios_u6_hogar_mujer_18_49": 0.4683807132637303, "share_mujeres_18_49_con_2mas_u6": 0.08380071007380054, "tasa_trabaja_mujer_no_u6": 0.7675295896706994, "tasa_trabaja_mujer_si_u6": 0.8183995492547038, "horas_mujer_no_u6": 36.57484651172954, "horas_mujer_si_u6": 31.6285399440515, "pobreza_mujer_no_u6": 0.21129261751593853, "pobreza_mujer_si_u6": 0.4332675572592796, "ingreso_hogar_mujer_no_u6": 12201.622499125087, "ingreso_hogar_mujer_si_u6": 9800.147175524937, "penalidad_maternidad_trabajo": 0.05086995958400442, "penalidad_maternidad_horas": -4.94630656767804, "penalidad_maternidad_pobreza": 0.2219749397433411, "penalidad_maternidad_ingreso": -2401.4753236001507, "penalidad_maternidad_trabajo_educ_sup": 0.08991428426149473, "penalidad_maternidad_trabajo_no_educ_sup": 0.015983099135509327, "mitigacion_penalidad_trabajo_por_educ": 0.0739311851259854, "penalidad_maternidad_ingreso_educ_sup": -9481.163978059436, "penalidad_maternidad_ingreso_no_educ_sup": 2315.6375503993304, "mitigacion_penalidad_ingreso_por_educ": -11796.801528458767, "tasa_trabaja_horas_mujer_nat": 0.6869561613053373, "tasa_trabaja_horas_hombre_nat": 0.8296203756623115, "gap_trabaja_horas_h_m_nat": 0.14266421435697418, "horas_prom_mujer_nat": 36.76971249535398, "horas_prom_hombre_nat": 43.479105401796836, "gap_horas_h_m_nat": 6.709392906442858, "pobreza_mujer_nat": 0.2442088413385761, "pobreza_hombre_nat": 0.2322337934696795, "gap_pobreza_m_h_nat": 0.011975047868896582, "ingreso_neto_hogar_mujer_nat": 20162.848268682832, "ingreso_neto_hogar_hombre_nat": 21832.45460551848, "gap_ingreso_hogar_h_m_nat": 1669.606336835648, "ratio_trabajo_m_h_nat": 0.8280367520589391, "ratio_horas_m_h_nat": 0.8456869605655322, "ratio_ingreso_hogar_m_h_nat": 0.9235264029169844, "ratio_pobreza_m_h_nat": 1.0515646224004864, "tasa_educ_sup_mujer_nat": 0.35554547204038733, "tasa_educ_sup_hombre_nat": 0.3609912877667579, "gap_educ_sup_m_h_nat": -0.00544581572637054, "ratio_educ_sup_m_h_nat": 0.984914273804056, "tasa_educ_univ_mujer_nat": 0.18929377887655863, "tasa_educ_univ_hombre_nat": 0.19497646645555872, "gap_educ_univ_m_h_nat": -0.00568268757900009, "share_mujeres_18_49_con_u6_nat": 0.3442460002916777, "prom_ninios_u6_hogar_mujer_18_49_nat": 0.4104262384202904, "share_mujeres_18_49_con_2mas_u6_nat": 0.05745832115760747, "penalidad_maternidad_trabajo_nat": -0.06484686036508747, "penalidad_maternidad_horas_nat": -3.772713030425024, "penalidad_maternidad_pobreza_nat": 0.19670889160100563, "penalidad_maternidad_ingreso_nat": -3000.5128128127326, "penalidad_maternidad_trabajo_educ_sup_nat": -0.021282949049555744, "penalidad_maternidad_trabajo_no_educ_sup_nat": -0.08813759642125918, "mitigacion_penalidad_trabajo_por_educ_nat": 0.06685464737170344, "penalidad_maternidad_ingreso_educ_sup_nat": -1865.645079079044, "penalidad_maternidad_ingreso_no_educ_sup_nat": -729.6987528538484, "mitigacion_penalidad_ingreso_por_educ_nat": -1135.9463262251957, "tasa_trabaja_horas_mujer_anom_nat": 0.13828848820178496, "tasa_trabaja_horas_hombre_anom_nat": -0.004724905202996954, "gap_trabaja_horas_h_m_anom_nat": -0.14301339340478192, "horas_prom_mujer_anom_nat": -1.73271027763181, "horas_prom_hombre_anom_nat": -6.401935248750853, "gap_horas_h_m_anom_nat": -4.669224971119043, "pobreza_mujer_anom_nat": 0.04131292396004224, "pobreza_hombre_anom_nat": 0.05261065741712115, "gap_pobreza_m_h_anom_nat": -0.011297733457078907, "ingreso_neto_hogar_mujer_anom_nat": -9972.578097631937, "ingreso_neto_hogar_hombre_anom_nat": -10778.969012970163, "gap_ingreso_hogar_h_m_anom_nat": -806.3909153382265, "ratio_trabajo_m_h_anom_nat": 0.17238654890501603, "ratio_horas_m_h_anom_nat": 0.09928812984987778, "ratio_ingreso_hogar_m_h_anom_nat": -0.001620811623624041, "ratio_pobreza_m_h_anom_nat": -0.049186782812216334, "tasa_educ_sup_mujer_anom_nat": -0.12615859904942697, "tasa_educ_sup_hombre_anom_nat": -0.10840126947374529, "gap_educ_sup_m_h_anom_nat": -0.017757329575681685, "ratio_educ_sup_m_h_anom_nat": -0.07677516941211537, "tasa_educ_univ_mujer_anom_nat": -0.06437876947786644, "tasa_educ_univ_hombre_anom_nat": -0.046165886602296424, "gap_educ_univ_m_h_anom_nat": -0.01821288287557002, "share_mujeres_18_49_con_u6_anom_nat": 0.03753539895340269, "prom_ninios_u6_hogar_mujer_18_49_anom_nat": 0.05795447484343991, "share_mujeres_18_49_con_2mas_u6_anom_nat": 0.026342388916193067, "penalidad_maternidad_trabajo_anom_nat": 0.11571681994909189, "penalidad_maternidad_horas_anom_nat": -1.1735935372530157, "penalidad_maternidad_pobreza_anom_nat": 0.025266048142335462, "penalidad_maternidad_ingreso_anom_nat": 599.0374892125819, "penalidad_maternidad_trabajo_educ_sup_anom_nat": 0.11119723331105047, "penalidad_maternidad_trabajo_no_educ_sup_anom_nat": 0.1041206955567685, "mitigacion_penalidad_trabajo_por_educ_anom_nat": 0.007076537754281964, "penalidad_maternidad_ingreso_educ_sup_anom_nat": -7615.518898980392, "penalidad_maternidad_ingreso_no_educ_sup_anom_nat": 3045.336303253179, "mitigacion_penalidad_ingreso_por_educ_anom_nat": -10660.855202233572, "total_autoridades_electas": 566.0, "n_autoridades_mujeres": 239.0, "n_autoridades_hombres": 327.0, "share_autoridades_mujeres": 0.42226148409893993, "share_autoridades_hombres": 0.5777385159010601, "ratio_autoridades_mujer_hombre": 0.7308868501529052, "share_liderazgo_ejecutivo_mujeres": 0.07058823529411765, "share_alcaldias_mujeres": 0.07142857142857142, "share_gobernaciones_mujeres": 0.0, "share_regidurias_mujeres": 0.49344978165938863, "share_consejerias_mujeres": 0.3, "densidad_liderazgo_femenino": 0.01060070671378092, "brecha_liderazgo_vs_base_mujeres": -0.3516732488048223, "indice_techo_politico_mujeres": 0.16716711789318237, "share_autoridades_mujeres_nat": 0.4105079075425791, "share_autoridades_hombres_nat": 0.589492092457421, "ratio_autoridades_mujer_hombre_nat": 0.6963755965432735, "share_liderazgo_ejecutivo_mujeres_nat": 0.06504904491481672, "share_alcaldias_mujeres_nat": 0.05452620434092112, "share_gobernaciones_mujeres_nat": 0.4791666666666667, "share_regidurias_mujeres_nat": 0.47733407800428185, "share_consejerias_mujeres_nat": 0.2807017543859649, "densidad_liderazgo_femenino_nat": 0.00958029197080292, "brecha_liderazgo_vs_base_mujeres_nat": -0.3454588626277624, "indice_techo_politico_mujeres_nat": 0.1584599071531153, "share_autoridades_mujeres_anom_nat": 0.011753576556360834, "share_autoridades_hombres_anom_nat": -0.01175357655636089, "ratio_autoridades_mujer_hombre_anom_nat": 0.0345112536096317, "share_liderazgo_ejecutivo_mujeres_anom_nat": 0.005539190379300923, "share_alcaldias_mujeres_anom_nat": 0.016902367087650305, "share_gobernaciones_mujeres_anom_nat": -0.4791666666666667, "share_regidurias_mujeres_anom_nat": 0.016115703655106783, "share_consejerias_mujeres_anom_nat": 0.019298245614035092, "densidad_liderazgo_femenino_anom_nat": 0.0010204147429779993, "brecha_liderazgo_vs_base_mujeres_anom_nat": -0.0062143861770599385, "indice_techo_politico_mujeres_anom_nat": 0.008707210740067056, "indice_habilitante_liderazgo_femenino_0_100": 54.761150234768195, "n_componentes_indice_habilitante": 7}}, {"type": "Feature", "geometry": {"type": "Point", "coordinates": [-76.242, -9.93]}, "properties": {"anio": 2024, "dep_cod": "10", "departamento": "Huánuco", "n_adultos_18_64": 2314, "peso_total_18_64": 530950.6747524741, "tasa_trabaja_horas_hombre": 0.8401012528597505, "tasa_trabaja_horas_mujer": 0.7296259896196992, "horas_prom_hombre": 34.890866665963024, "horas_prom_mujer": 28.750057992838304, "pobreza_hombre": 0.3343261034956096, "pobreza_mujer": 0.34812917657344655, "ingreso_neto_hogar_hombre": 10620.131864656487, "ingreso_neto_hogar_mujer": 9750.409036685201, "tasa_educ_sup_hombre": 0.22947505821313308, "tasa_educ_sup_mujer": 0.2121658745884491, "tasa_educ_univ_hombre": 0.15100510765653244, "tasa_educ_univ_mujer": 0.11337490989925256, "gap_trabaja_horas_h_m": 0.1104752632400513, "gap_horas_h_m": 6.14080867312472, "gap_pobreza_m_h": 0.013803073077836958, "gap_ingreso_hogar_h_m": 869.7228279712854, "gap_educ_sup_m_h": -0.017309183624683977, "gap_educ_univ_m_h": -0.03763019775727988, "ratio_trabajo_m_h": 0.8684976806498175, "ratio_horas_m_h": 0.8239995374171877, "ratio_ingreso_hogar_m_h": 0.9181062119515013, "ratio_pobreza_m_h": 1.0412862559444696, "ratio_educ_sup_m_h": 0.9245705230038227, "n_mujeres_18_49": 858, "peso_mujeres_18_49": 198094.21225130567, "share_mujeres_18_49_con_u6": 0.440857660026989, "prom_ninios_u6_hogar_mujer_18_49": 0.5322198172453503, "share_mujeres_18_49_con_2mas_u6": 0.08416071575735967, "tasa_trabaja_mujer_no_u6": 0.6919253939979719, "tasa_trabaja_mujer_si_u6": 0.6801789693763073, "horas_mujer_no_u6": 29.728650601593106, "horas_mujer_si_u6": 26.310835585954756, "pobreza_mujer_no_u6": 0.2514268460071749, "pobreza_mujer_si_u6": 0.49481151397301, "ingreso_hogar_mujer_no_u6": 11939.576298008385, "ingreso_hogar_mujer_si_u6": 8312.540677676408, "penalidad_maternidad_trabajo": -0.011746424621664642, "penalidad_maternidad_horas": -3.41781501563835, "penalidad_maternidad_pobreza": 0.24338466796583508, "penalidad_maternidad_ingreso": -3627.035620331977, "penalidad_maternidad_trabajo_educ_sup": 0.02622249769775087, "penalidad_maternidad_trabajo_no_educ_sup": -0.03287447115071929, "mitigacion_penalidad_trabajo_por_educ": 0.059096968848470155, "penalidad_maternidad_ingreso_educ_sup": -12560.44991382923, "penalidad_maternidad_ingreso_no_educ_sup": 1125.0657700257862, "mitigacion_penalidad_ingreso_por_educ": -13685.515683855017, "tasa_trabaja_horas_mujer_nat": 0.6869561613053373, "tasa_trabaja_horas_hombre_nat": 0.8296203756623115, "gap_trabaja_horas_h_m_nat": 0.14266421435697418, "horas_prom_mujer_nat": 36.76971249535398, "horas_prom_hombre_nat": 43.479105401796836, "gap_horas_h_m_nat": 6.709392906442858, "pobreza_mujer_nat": 0.2442088413385761, "pobreza_hombre_nat": 0.2322337934696795, "gap_pobreza_m_h_nat": 0.011975047868896582, "ingreso_neto_hogar_mujer_nat": 20162.848268682832, "ingreso_neto_hogar_hombre_nat": 21832.45460551848, "gap_ingreso_hogar_h_m_nat": 1669.606336835648, "ratio_trabajo_m_h_nat": 0.8280367520589391, "ratio_horas_m_h_nat": 0.8456869605655322, "ratio_ingreso_hogar_m_h_nat": 0.9235264029169844, "ratio_pobreza_m_h_nat": 1.0515646224004864, "tasa_educ_sup_mujer_nat": 0.35554547204038733, "tasa_educ_sup_hombre_nat": 0.3609912877667579, "gap_educ_sup_m_h_nat": -0.00544581572637054, "ratio_educ_sup_m_h_nat": 0.984914273804056, "tasa_educ_univ_mujer_nat": 0.18929377887655863, "tasa_educ_univ_hombre_nat": 0.19497646645555872, "gap_educ_univ_m_h_nat": -0.00568268757900009, "share_mujeres_18_49_con_u6_nat": 0.3442460002916777, "prom_ninios_u6_hogar_mujer_18_49_nat": 0.4104262384202904, "share_mujeres_18_49_con_2mas_u6_nat": 0.05745832115760747, "penalidad_maternidad_trabajo_nat": -0.06484686036508747, "penalidad_maternidad_horas_nat": -3.772713030425024, "penalidad_maternidad_pobreza_nat": 0.19670889160100563, "penalidad_maternidad_ingreso_nat": -3000.5128128127326, "penalidad_maternidad_trabajo_educ_sup_nat": -0.021282949049555744, "penalidad_maternidad_trabajo_no_educ_sup_nat": -0.08813759642125918, "mitigacion_penalidad_trabajo_por_educ_nat": 0.06685464737170344, "penalidad_maternidad_ingreso_educ_sup_nat": -1865.645079079044, "penalidad_maternidad_ingreso_no_educ_sup_nat": -729.6987528538484, "mitigacion_penalidad_ingreso_por_educ_nat": -1135.9463262251957, "tasa_trabaja_horas_mujer_anom_nat": 0.042669828314361835, "tasa_trabaja_horas_hombre_anom_nat": 0.010480877197438954, "gap_trabaja_horas_h_m_anom_nat": -0.03218895111692288, "horas_prom_mujer_anom_nat": -8.019654502515674, "horas_prom_hombre_anom_nat": -8.588238735833812, "gap_horas_h_m_anom_nat": -0.5685842333181377, "pobreza_mujer_anom_nat": 0.10392033523487046, "pobreza_hombre_anom_nat": 0.10209231002593008, "gap_pobreza_m_h_anom_nat": 0.001828025208940376, "ingreso_neto_hogar_mujer_anom_nat": -10412.43923199763, "ingreso_neto_hogar_hombre_anom_nat": -11212.322740861993, "gap_ingreso_hogar_h_m_anom_nat": -799.8835088643627, "ratio_trabajo_m_h_anom_nat": 0.04046092859087835, "ratio_horas_m_h_anom_nat": -0.021687423148344487, "ratio_ingreso_hogar_m_h_anom_nat": -0.005420190965483074, "ratio_pobreza_m_h_anom_nat": -0.010278366456016874, "tasa_educ_sup_mujer_anom_nat": -0.14337959745193823, "tasa_educ_sup_hombre_anom_nat": -0.1315162295536248, "gap_educ_sup_m_h_anom_nat": -0.011863367898313437, "ratio_educ_sup_m_h_anom_nat": -0.06034375080023335, "tasa_educ_univ_mujer_anom_nat": -0.07591886897730607, "tasa_educ_univ_hombre_anom_nat": -0.04397135879902628, "gap_educ_univ_m_h_anom_nat": -0.03194751017827979, "share_mujeres_18_49_con_u6_anom_nat": 0.09661165973531133, "prom_ninios_u6_hogar_mujer_18_49_anom_nat": 0.12179357882505987, "share_mujeres_18_49_con_2mas_u6_anom_nat": 0.026702394599752204, "penalidad_maternidad_trabajo_anom_nat": 0.053100435743422825, "penalidad_maternidad_horas_anom_nat": 0.3548980147866736, "penalidad_maternidad_pobreza_anom_nat": 0.04667577636482945, "penalidad_maternidad_ingreso_anom_nat": -626.5228075192445, "penalidad_maternidad_trabajo_educ_sup_anom_nat": 0.04750544674730661, "penalidad_maternidad_trabajo_no_educ_sup_anom_nat": 0.05526312527053989, "mitigacion_penalidad_trabajo_por_educ_anom_nat": -0.00775767852323328, "penalidad_maternidad_ingreso_educ_sup_anom_nat": -10694.804834750186, "penalidad_maternidad_ingreso_no_educ_sup_anom_nat": 1854.7645228796346, "mitigacion_penalidad_ingreso_por_educ_anom_nat": -12549.569357629822, "total_autoridades_electas": 321.0, "n_autoridades_mujeres": 146.0, "n_autoridades_hombres": 175.0, "share_autoridades_mujeres": 0.45482866043613707, "share_autoridades_hombres": 0.5451713395638629, "ratio_autoridades_mujer_hombre": 0.8342857142857143, "share_liderazgo_ejecutivo_mujeres": 0.13333333333333333, "share_alcaldias_mujeres": 0.11627906976744186, "share_gobernaciones_mujeres": 0.5, "share_regidurias_mujeres": 0.5172413793103449, "share_consejerias_mujeres": 0.45454545454545453, "densidad_liderazgo_femenino": 0.018691588785046728, "brecha_liderazgo_vs_base_mujeres": -0.3214953271028037, "indice_techo_politico_mujeres": 0.29315068493150687, "share_autoridades_mujeres_nat": 0.4105079075425791, "share_autoridades_hombres_nat": 0.589492092457421, "ratio_autoridades_mujer_hombre_nat": 0.6963755965432735, "share_liderazgo_ejecutivo_mujeres_nat": 0.06504904491481672, "share_alcaldias_mujeres_nat": 0.05452620434092112, "share_gobernaciones_mujeres_nat": 0.4791666666666667, "share_regidurias_mujeres_nat": 0.47733407800428185, "share_consejerias_mujeres_nat": 0.2807017543859649, "densidad_liderazgo_femenino_nat": 0.00958029197080292, "brecha_liderazgo_vs_base_mujeres_nat": -0.3454588626277624, "indice_techo_politico_mujeres_nat": 0.1584599071531153, "share_autoridades_mujeres_anom_nat": 0.04432075289355797, "share_autoridades_hombres_anom_nat": -0.04432075289355808, "ratio_autoridades_mujer_hombre_anom_nat": 0.13791011774244077, "share_liderazgo_ejecutivo_mujeres_anom_nat": 0.06828428841851661, "share_alcaldias_mujeres_anom_nat": 0.06175286542652074, "share_gobernaciones_mujeres_anom_nat": 0.020833333333333315, "share_regidurias_mujeres_anom_nat": 0.039907301306063014, "share_consejerias_mujeres_anom_nat": 0.17384370015948963, "densidad_liderazgo_femenino_anom_nat": 0.009111296814243807, "brecha_liderazgo_vs_base_mujeres_anom_nat": 0.023963535524958668, "indice_techo_politico_mujeres_anom_nat": 0.13469077777839156, "indice_habilitante_liderazgo_femenino_0_100": 52.23336934544377, "n_componentes_indice_habilitante": 7}}, {"type": "Feature", "geometry": {"type": "Point", "coordinates": [-75.729, -14.068]}, "properties": {"anio": 2024, "dep_cod": "11", "departamento": "Ica", "n_adultos_18_64": 2946, "peso_total_18_64": 523526.6030237674, "tasa_trabaja_horas_hombre": 0.8502651890233633, "tasa_trabaja_horas_mujer": 0.6986959536332874, "horas_prom_hombre": 46.749257280500956, "horas_prom_mujer": 40.10344462463951, "pobreza_hombre": 0.049416910771328905, "pobreza_mujer": 0.04561991015244245, "ingreso_neto_hogar_hombre": 25644.955483695296, "ingreso_neto_hogar_mujer": 24640.1569702123, "tasa_educ_sup_hombre": 0.4000551632976499, "tasa_educ_sup_mujer": 0.44538118994328446, "tasa_educ_univ_hombre": 0.1798730757279122, "tasa_educ_univ_mujer": 0.20325085120733058, "gap_trabaja_horas_h_m": 0.15156923539007594, "gap_horas_h_m": 6.645812655861448, "gap_pobreza_m_h": -0.0037970006188864577, "gap_ingreso_hogar_h_m": 1004.7985134829942, "gap_educ_sup_m_h": 0.045326026645634565, "gap_educ_univ_m_h": 0.023377775479418383, "ratio_trabajo_m_h": 0.8217388676535466, "ratio_horas_m_h": 0.8578413210719947, "ratio_ingreso_hogar_m_h": 0.9608188630266162, "ratio_pobreza_m_h": 0.9231639420671874, "ratio_educ_sup_m_h": 1.113299441687023, "n_mujeres_18_49": 1093, "peso_mujeres_18_49": 200655.92897975442, "share_mujeres_18_49_con_u6": 0.3679597822144958, "prom_ninios_u6_hogar_mujer_18_49": 0.47118934757113234, "share_mujeres_18_49_con_2mas_u6": 0.09775200177776916, "tasa_trabaja_mujer_no_u6": 0.7563263956317593, "tasa_trabaja_mujer_si_u6": 0.6305805676047258, "horas_mujer_no_u6": 41.7868029431638, "horas_mujer_si_u6": 37.19784276771527, "pobreza_mujer_no_u6": 0.01893464506365296, "pobreza_mujer_si_u6": 0.09609472042170797, "ingreso_hogar_mujer_no_u6": 25814.34929175322, "ingreso_hogar_mujer_si_u6": 25533.743512464043, "penalidad_maternidad_trabajo": -0.1257458280270335, "penalidad_maternidad_horas": -4.588960175448527, "penalidad_maternidad_pobreza": 0.07716007535805501, "penalidad_maternidad_ingreso": -280.605779289177, "penalidad_maternidad_trabajo_educ_sup": -0.09329039069164158, "penalidad_maternidad_trabajo_no_educ_sup": -0.14299366375126066, "mitigacion_penalidad_trabajo_por_educ": 0.04970327305961908, "penalidad_maternidad_ingreso_educ_sup": 1740.4768734045902, "penalidad_maternidad_ingreso_no_educ_sup": -1392.5368588843521, "mitigacion_penalidad_ingreso_por_educ": 3133.0137322889423, "tasa_trabaja_horas_mujer_nat": 0.6869561613053373, "tasa_trabaja_horas_hombre_nat": 0.8296203756623115, "gap_trabaja_horas_h_m_nat": 0.14266421435697418, "horas_prom_mujer_nat": 36.76971249535398, "horas_prom_hombre_nat": 43.479105401796836, "gap_horas_h_m_nat": 6.709392906442858, "pobreza_mujer_nat": 0.2442088413385761, "pobreza_hombre_nat": 0.2322337934696795, "gap_pobreza_m_h_nat": 0.011975047868896582, "ingreso_neto_hogar_mujer_nat": 20162.848268682832, "ingreso_neto_hogar_hombre_nat": 21832.45460551848, "gap_ingreso_hogar_h_m_nat": 1669.606336835648, "ratio_trabajo_m_h_nat": 0.8280367520589391, "ratio_horas_m_h_nat": 0.8456869605655322, "ratio_ingreso_hogar_m_h_nat": 0.9235264029169844, "ratio_pobreza_m_h_nat": 1.0515646224004864, "tasa_educ_sup_mujer_nat": 0.35554547204038733, "tasa_educ_sup_hombre_nat": 0.3609912877667579, "gap_educ_sup_m_h_nat": -0.00544581572637054, "ratio_educ_sup_m_h_nat": 0.984914273804056, "tasa_educ_univ_mujer_nat": 0.18929377887655863, "tasa_educ_univ_hombre_nat": 0.19497646645555872, "gap_educ_univ_m_h_nat": -0.00568268757900009, "share_mujeres_18_49_con_u6_nat": 0.3442460002916777, "prom_ninios_u6_hogar_mujer_18_49_nat": 0.4104262384202904, "share_mujeres_18_49_con_2mas_u6_nat": 0.05745832115760747, "penalidad_maternidad_trabajo_nat": -0.06484686036508747, "penalidad_maternidad_horas_nat": -3.772713030425024, "penalidad_maternidad_pobreza_nat": 0.19670889160100563, "penalidad_maternidad_ingreso_nat": -3000.5128128127326, "penalidad_maternidad_trabajo_educ_sup_nat": -0.021282949049555744, "penalidad_maternidad_trabajo_no_educ_sup_nat": -0.08813759642125918, "mitigacion_penalidad_trabajo_por_educ_nat": 0.06685464737170344, "penalidad_maternidad_ingreso_educ_sup_nat": -1865.645079079044, "penalidad_maternidad_ingreso_no_educ_sup_nat": -729.6987528538484, "mitigacion_penalidad_ingreso_por_educ_nat": -1135.9463262251957, "tasa_trabaja_horas_mujer_anom_nat": 0.011739792327950083, "tasa_trabaja_horas_hombre_anom_nat": 0.02064481336105184, "gap_trabaja_horas_h_m_anom_nat": 0.008905021033101757, "horas_prom_mujer_anom_nat": 3.3337321292855293, "horas_prom_hombre_anom_nat": 3.2701518787041195, "gap_horas_h_m_anom_nat": -0.06358025058140981, "pobreza_mujer_anom_nat": -0.19858893118613363, "pobreza_hombre_anom_nat": -0.1828168826983506, "gap_pobreza_m_h_anom_nat": -0.01577204848778304, "ingreso_neto_hogar_mujer_anom_nat": 4477.3087015294695, "ingreso_neto_hogar_hombre_anom_nat": 3812.5008781768156, "gap_ingreso_hogar_h_m_anom_nat": -664.8078233526539, "ratio_trabajo_m_h_anom_nat": -0.006297884405392473, "ratio_horas_m_h_anom_nat": 0.01215436050646257, "ratio_ingreso_hogar_m_h_anom_nat": 0.03729246010963183, "ratio_pobreza_m_h_anom_nat": -0.128400680333299, "tasa_educ_sup_mujer_anom_nat": 0.08983571790289713, "tasa_educ_sup_hombre_anom_nat": 0.03906387553089202, "gap_educ_sup_m_h_anom_nat": 0.050771842372005105, "ratio_educ_sup_m_h_anom_nat": 0.12838516788296694, "tasa_educ_univ_mujer_anom_nat": 0.013957072330771952, "tasa_educ_univ_hombre_anom_nat": -0.01510339072764652, "gap_educ_univ_m_h_anom_nat": 0.029060463058418473, "share_mujeres_18_49_con_u6_anom_nat": 0.023713781922818145, "prom_ninios_u6_hogar_mujer_18_49_anom_nat": 0.06076310915084193, "share_mujeres_18_49_con_2mas_u6_anom_nat": 0.04029368062016169, "penalidad_maternidad_trabajo_anom_nat": -0.060898967661946024, "penalidad_maternidad_horas_anom_nat": -0.8162471450235032, "penalidad_maternidad_pobreza_anom_nat": -0.11954881624295062, "penalidad_maternidad_ingreso_anom_nat": 2719.9070335235556, "penalidad_maternidad_trabajo_educ_sup_anom_nat": -0.07200744164208583, "penalidad_maternidad_trabajo_no_educ_sup_anom_nat": -0.05485606733000148, "mitigacion_penalidad_trabajo_por_educ_anom_nat": -0.017151374312084355, "penalidad_maternidad_ingreso_educ_sup_anom_nat": 3606.1219524836342, "penalidad_maternidad_ingreso_no_educ_sup_anom_nat": -662.8381060305037, "mitigacion_penalidad_ingreso_por_educ_anom_nat": 4268.960058514138, "total_autoridades_electas": 834.0, "n_autoridades_mujeres": 349.0, "n_autoridades_hombres": 485.0, "share_autoridades_mujeres": 0.4184652278177458, "share_autoridades_hombres": 0.5815347721822542, "ratio_autoridades_mujer_hombre": 0.7195876288659794, "share_liderazgo_ejecutivo_mujeres": 0.05555555555555555, "share_alcaldias_mujeres": 0.04838709677419355, "share_gobernaciones_mujeres": 0.5, "share_regidurias_mujeres": 0.4855072463768116, "share_consejerias_mujeres": 0.46153846153846156, "densidad_liderazgo_femenino": 0.008393285371702638, "brecha_liderazgo_vs_base_mujeres": -0.3629096722621903, "indice_techo_politico_mujeres": 0.13276026743075453, "share_autoridades_mujeres_nat": 0.4105079075425791, "share_autoridades_hombres_nat": 0.589492092457421, "ratio_autoridades_mujer_hombre_nat": 0.6963755965432735, "share_liderazgo_ejecutivo_mujeres_nat": 0.06504904491481672, "share_alcaldias_mujeres_nat": 0.05452620434092112, "share_gobernaciones_mujeres_nat": 0.4791666666666667, "share_regidurias_mujeres_nat": 0.47733407800428185, "share_consejerias_mujeres_nat": 0.2807017543859649, "densidad_liderazgo_femenino_nat": 0.00958029197080292, "brecha_liderazgo_vs_base_mujeres_nat": -0.3454588626277624, "indice_techo_politico_mujeres_nat": 0.1584599071531153, "share_autoridades_mujeres_anom_nat": 0.007957320275166713, "share_autoridades_hombres_anom_nat": -0.007957320275166713, "ratio_autoridades_mujer_hombre_anom_nat": 0.023212032322705856, "share_liderazgo_ejecutivo_mujeres_anom_nat": -0.00949348935926117, "share_alcaldias_mujeres_anom_nat": -0.006139107566727572, "share_gobernaciones_mujeres_anom_nat": 0.020833333333333315, "share_regidurias_mujeres_anom_nat": 0.008173168372529738, "share_consejerias_mujeres_anom_nat": 0.18083670715249667, "densidad_liderazgo_femenino_anom_nat": -0.0011870065991002824, "brecha_liderazgo_vs_base_mujeres_anom_nat": -0.01745080963442791, "indice_techo_politico_mujeres_anom_nat": -0.02569963972236078, "indice_habilitante_liderazgo_femenino_0_100": 61.32277458923586, "n_componentes_indice_habilitante": 7}}, {"type": "Feature", "geometry": {"type": "Point", "coordinates": [-75.204, -12.066]}, "properties": {"anio": 2024, "dep_cod": "12", "departamento": "Junín", "n_adultos_18_64": 2784, "peso_total_18_64": 867552.7182998655, "tasa_trabaja_horas_hombre": 0.8667510958991615, "tasa_trabaja_horas_mujer": 0.7889508622306174, "horas_prom_hombre": 41.79905015291886, "horas_prom_mujer": 35.47448029442215, "pobreza_hombre": 0.14710883873334413, "pobreza_mujer": 0.156266957703392, "ingreso_neto_hogar_hombre": 16513.96715722386, "ingreso_neto_hogar_mujer": 15812.210995190251, "tasa_educ_sup_hombre": 0.36625585137648403, "tasa_educ_sup_mujer": 0.34742406213131866, "tasa_educ_univ_hombre": 0.17021719943567656, "tasa_educ_univ_mujer": 0.18196701460132858, "gap_trabaja_horas_h_m": 0.07780023366854416, "gap_horas_h_m": 6.324569858496709, "gap_pobreza_m_h": 0.009158118970047868, "gap_ingreso_hogar_h_m": 701.7561620336073, "gap_educ_sup_m_h": -0.018831789245165376, "gap_educ_univ_m_h": 0.011749815165652017, "ratio_trabajo_m_h": 0.9102392439575346, "ratio_horas_m_h": 0.8486910627069582, "ratio_ingreso_hogar_m_h": 0.9575052950419226, "ratio_pobreza_m_h": 1.0622540361877797, "ratio_educ_sup_m_h": 0.9485829668675855, "n_mujeres_18_49": 1046, "peso_mujeres_18_49": 325489.43740844727, "share_mujeres_18_49_con_u6": 0.33396891664206346, "prom_ninios_u6_hogar_mujer_18_49": 0.3986499123254267, "share_mujeres_18_49_con_2mas_u6": 0.055129447093543414, "tasa_trabaja_mujer_no_u6": 0.7868273598926636, "tasa_trabaja_mujer_si_u6": 0.7555896352037078, "horas_mujer_no_u6": 36.16770359665261, "horas_mujer_si_u6": 32.99668569022586, "pobreza_mujer_no_u6": 0.120095111434496, "pobreza_mujer_si_u6": 0.2942812368432471, "ingreso_hogar_mujer_no_u6": 17046.773590392862, "ingreso_hogar_mujer_si_u6": 15359.396066250416, "penalidad_maternidad_trabajo": -0.031237724688955804, "penalidad_maternidad_horas": -3.171017906426748, "penalidad_maternidad_pobreza": 0.17418612540875109, "penalidad_maternidad_ingreso": -1687.3775241424464, "penalidad_maternidad_trabajo_educ_sup": 0.007259134828141556, "penalidad_maternidad_trabajo_no_educ_sup": -0.06120298602936769, "mitigacion_penalidad_trabajo_por_educ": 0.06846212085750925, "penalidad_maternidad_ingreso_educ_sup": -1456.4679136894883, "penalidad_maternidad_ingreso_no_educ_sup": 328.2660441533135, "mitigacion_penalidad_ingreso_por_educ": -1784.7339578428018, "tasa_trabaja_horas_mujer_nat": 0.6869561613053373, "tasa_trabaja_horas_hombre_nat": 0.8296203756623115, "gap_trabaja_horas_h_m_nat": 0.14266421435697418, "horas_prom_mujer_nat": 36.76971249535398, "horas_prom_hombre_nat": 43.479105401796836, "gap_horas_h_m_nat": 6.709392906442858, "pobreza_mujer_nat": 0.2442088413385761, "pobreza_hombre_nat": 0.2322337934696795, "gap_pobreza_m_h_nat": 0.011975047868896582, "ingreso_neto_hogar_mujer_nat": 20162.848268682832, "ingreso_neto_hogar_hombre_nat": 21832.45460551848, "gap_ingreso_hogar_h_m_nat": 1669.606336835648, "ratio_trabajo_m_h_nat": 0.8280367520589391, "ratio_horas_m_h_nat": 0.8456869605655322, "ratio_ingreso_hogar_m_h_nat": 0.9235264029169844, "ratio_pobreza_m_h_nat": 1.0515646224004864, "tasa_educ_sup_mujer_nat": 0.35554547204038733, "tasa_educ_sup_hombre_nat": 0.3609912877667579, "gap_educ_sup_m_h_nat": -0.00544581572637054, "ratio_educ_sup_m_h_nat": 0.984914273804056, "tasa_educ_univ_mujer_nat": 0.18929377887655863, "tasa_educ_univ_hombre_nat": 0.19497646645555872, "gap_educ_univ_m_h_nat": -0.00568268757900009, "share_mujeres_18_49_con_u6_nat": 0.3442460002916777, "prom_ninios_u6_hogar_mujer_18_49_nat": 0.4104262384202904, "share_mujeres_18_49_con_2mas_u6_nat": 0.05745832115760747, "penalidad_maternidad_trabajo_nat": -0.06484686036508747, "penalidad_maternidad_horas_nat": -3.772713030425024, "penalidad_maternidad_pobreza_nat": 0.19670889160100563, "penalidad_maternidad_ingreso_nat": -3000.5128128127326, "penalidad_maternidad_trabajo_educ_sup_nat": -0.021282949049555744, "penalidad_maternidad_trabajo_no_educ_sup_nat": -0.08813759642125918, "mitigacion_penalidad_trabajo_por_educ_nat": 0.06685464737170344, "penalidad_maternidad_ingreso_educ_sup_nat": -1865.645079079044, "penalidad_maternidad_ingreso_no_educ_sup_nat": -729.6987528538484, "mitigacion_penalidad_ingreso_por_educ_nat": -1135.9463262251957, "tasa_trabaja_horas_mujer_anom_nat": 0.10199470092528007, "tasa_trabaja_horas_hombre_anom_nat": 0.037130720236850046, "gap_trabaja_horas_h_m_anom_nat": -0.06486398068843002, "horas_prom_mujer_anom_nat": -1.295232200931828, "horas_prom_hombre_anom_nat": -1.6800552488779772, "gap_horas_h_m_anom_nat": -0.3848230479461492, "pobreza_mujer_anom_nat": -0.0879418836351841, "pobreza_hombre_anom_nat": -0.08512495473633538, "gap_pobreza_m_h_anom_nat": -0.002816928898848714, "ingreso_neto_hogar_mujer_anom_nat": -4350.637273492581, "ingreso_neto_hogar_hombre_anom_nat": -5318.487448294622, "gap_ingreso_hogar_h_m_anom_nat": -967.8501748020408, "ratio_trabajo_m_h_anom_nat": 0.08220249189859552, "ratio_horas_m_h_anom_nat": 0.0030041021414259905, "ratio_ingreso_hogar_m_h_anom_nat": 0.03397889212493821, "ratio_pobreza_m_h_anom_nat": 0.010689413787293267, "tasa_educ_sup_mujer_anom_nat": -0.008121409909068678, "tasa_educ_sup_hombre_anom_nat": 0.005264563609726158, "gap_educ_sup_m_h_anom_nat": -0.013385973518794836, "ratio_educ_sup_m_h_anom_nat": -0.036331306936470575, "tasa_educ_univ_mujer_anom_nat": -0.007326764275230047, "tasa_educ_univ_hombre_anom_nat": -0.024759267019882153, "gap_educ_univ_m_h_anom_nat": 0.017432502744652106, "share_mujeres_18_49_con_u6_anom_nat": -0.010277083649614216, "prom_ninios_u6_hogar_mujer_18_49_anom_nat": -0.011776326094863732, "share_mujeres_18_49_con_2mas_u6_anom_nat": -0.0023288740640640543, "penalidad_maternidad_trabajo_anom_nat": 0.03360913567613166, "penalidad_maternidad_horas_anom_nat": 0.601695123998276, "penalidad_maternidad_pobreza_anom_nat": -0.022522766192254545, "penalidad_maternidad_ingreso_anom_nat": 1313.1352886702862, "penalidad_maternidad_trabajo_educ_sup_anom_nat": 0.0285420838776973, "penalidad_maternidad_trabajo_no_educ_sup_anom_nat": 0.02693461039189149, "mitigacion_penalidad_trabajo_por_educ_anom_nat": 0.0016074734858058104, "penalidad_maternidad_ingreso_educ_sup_anom_nat": 409.17716538955574, "penalidad_maternidad_ingreso_no_educ_sup_anom_nat": 1057.964797007162, "mitigacion_penalidad_ingreso_por_educ_anom_nat": -648.7876316176062, "total_autoridades_electas": 612.0, "n_autoridades_mujeres": 244.0, "n_autoridades_hombres": 368.0, "share_autoridades_mujeres": 0.39869281045751637, "share_autoridades_hombres": 0.6013071895424836, "ratio_autoridades_mujer_hombre": 0.6630434782608695, "share_liderazgo_ejecutivo_mujeres": 0.03529411764705882, "share_alcaldias_mujeres": 0.024096385542168676, "share_gobernaciones_mujeres": 0.5, "share_regidurias_mujeres": 0.4572564612326044, "share_consejerias_mujeres": 0.5882352941176471, "densidad_liderazgo_femenino": 0.004901960784313725, "brecha_liderazgo_vs_base_mujeres": -0.36339869281045756, "indice_techo_politico_mujeres": 0.08852459016393442, "share_autoridades_mujeres_nat": 0.4105079075425791, "share_autoridades_hombres_nat": 0.589492092457421, "ratio_autoridades_mujer_hombre_nat": 0.6963755965432735, "share_liderazgo_ejecutivo_mujeres_nat": 0.06504904491481672, "share_alcaldias_mujeres_nat": 0.05452620434092112, "share_gobernaciones_mujeres_nat": 0.4791666666666667, "share_regidurias_mujeres_nat": 0.47733407800428185, "share_consejerias_mujeres_nat": 0.2807017543859649, "densidad_liderazgo_femenino_nat": 0.00958029197080292, "brecha_liderazgo_vs_base_mujeres_nat": -0.3454588626277624, "indice_techo_politico_mujeres_nat": 0.1584599071531153, "share_autoridades_mujeres_anom_nat": -0.011815097085062731, "share_autoridades_hombres_anom_nat": 0.011815097085062676, "ratio_autoridades_mujer_hombre_anom_nat": -0.03333211828240401, "share_liderazgo_ejecutivo_mujeres_anom_nat": -0.0297549272677579, "share_alcaldias_mujeres_anom_nat": -0.030429818798752443, "share_gobernaciones_mujeres_anom_nat": 0.020833333333333315, "share_regidurias_mujeres_anom_nat": -0.020077616771677465, "share_consejerias_mujeres_anom_nat": 0.3075335397316822, "densidad_liderazgo_femenino_anom_nat": -0.004678331186489195, "brecha_liderazgo_vs_base_mujeres_anom_nat": -0.017939830182695182, "indice_techo_politico_mujeres_anom_nat": -0.06993531698918089, "indice_habilitante_liderazgo_femenino_0_100": 54.84853422557904, "n_componentes_indice_habilitante": 7}}, {"type": "Feature", "geometry": {"type": "Point", "coordinates": [-79.029, -8.115]}, "properties": {"anio": 2024, "dep_cod": "13", "departamento": "La Libertad", "n_adultos_18_64": 2972, "peso_total_18_64": 1229248.5555496216, "tasa_trabaja_horas_hombre": 0.8373574476134006, "tasa_trabaja_horas_mujer": 0.6435295595102662, "horas_prom_hombre": 46.092170665696756, "horas_prom_mujer": 35.18256412171834, "pobreza_hombre": 0.26663407830441493, "pobreza_mujer": 0.25708345430827273, "ingreso_neto_hogar_hombre": 20426.403750437905, "ingreso_neto_hogar_mujer": 18314.837540519165, "tasa_educ_sup_hombre": 0.3128327578834537, "tasa_educ_sup_mujer": 0.3530126321060739, "tasa_educ_univ_hombre": 0.1786663305566563, "tasa_educ_univ_mujer": 0.18543371849754337, "gap_trabaja_horas_h_m": 0.19382788810313434, "gap_horas_h_m": 10.909606543978413, "gap_pobreza_m_h": -0.009550623996142205, "gap_ingreso_hogar_h_m": 2111.5662099187393, "gap_educ_sup_m_h": 0.040179874222620204, "gap_educ_univ_m_h": 0.006767387940887076, "ratio_trabajo_m_h": 0.7685243158037537, "ratio_horas_m_h": 0.7633089007001859, "ratio_ingreso_hogar_m_h": 0.8966256500303695, "ratio_pobreza_m_h": 0.9641807826783555, "ratio_educ_sup_m_h": 1.1284388326032955, "n_mujeres_18_49": 1141, "peso_mujeres_18_49": 479956.9652633667, "share_mujeres_18_49_con_u6": 0.3521458878850993, "prom_ninios_u6_hogar_mujer_18_49": 0.4102063563795712, "share_mujeres_18_49_con_2mas_u6": 0.051297569681567, "tasa_trabaja_mujer_no_u6": 0.6615466803608824, "tasa_trabaja_mujer_si_u6": 0.5580757265888024, "horas_mujer_no_u6": 37.2416584170832, "horas_mujer_si_u6": 31.918271414760518, "pobreza_mujer_no_u6": 0.20777524052276738, "pobreza_mujer_si_u6": 0.4066692507632668, "ingreso_hogar_mujer_no_u6": 18959.147268699307, "ingreso_hogar_mujer_si_u6": 20144.764646067713, "penalidad_maternidad_trabajo": -0.10347095377207993, "penalidad_maternidad_horas": -5.323387002322683, "penalidad_maternidad_pobreza": 0.19889401024049944, "penalidad_maternidad_ingreso": 1185.6173773684059, "penalidad_maternidad_trabajo_educ_sup": -0.03573037653740552, "penalidad_maternidad_trabajo_no_educ_sup": -0.15545156259200588, "mitigacion_penalidad_trabajo_por_educ": 0.11972118605460036, "penalidad_maternidad_ingreso_educ_sup": 5278.759333331702, "penalidad_maternidad_ingreso_no_educ_sup": 68.82136553233795, "mitigacion_penalidad_ingreso_por_educ": 5209.937967799364, "tasa_trabaja_horas_mujer_nat": 0.6869561613053373, "tasa_trabaja_horas_hombre_nat": 0.8296203756623115, "gap_trabaja_horas_h_m_nat": 0.14266421435697418, "horas_prom_mujer_nat": 36.76971249535398, "horas_prom_hombre_nat": 43.479105401796836, "gap_horas_h_m_nat": 6.709392906442858, "pobreza_mujer_nat": 0.2442088413385761, "pobreza_hombre_nat": 0.2322337934696795, "gap_pobreza_m_h_nat": 0.011975047868896582, "ingreso_neto_hogar_mujer_nat": 20162.848268682832, "ingreso_neto_hogar_hombre_nat": 21832.45460551848, "gap_ingreso_hogar_h_m_nat": 1669.606336835648, "ratio_trabajo_m_h_nat": 0.8280367520589391, "ratio_horas_m_h_nat": 0.8456869605655322, "ratio_ingreso_hogar_m_h_nat": 0.9235264029169844, "ratio_pobreza_m_h_nat": 1.0515646224004864, "tasa_educ_sup_mujer_nat": 0.35554547204038733, "tasa_educ_sup_hombre_nat": 0.3609912877667579, "gap_educ_sup_m_h_nat": -0.00544581572637054, "ratio_educ_sup_m_h_nat": 0.984914273804056, "tasa_educ_univ_mujer_nat": 0.18929377887655863, "tasa_educ_univ_hombre_nat": 0.19497646645555872, "gap_educ_univ_m_h_nat": -0.00568268757900009, "share_mujeres_18_49_con_u6_nat": 0.3442460002916777, "prom_ninios_u6_hogar_mujer_18_49_nat": 0.4104262384202904, "share_mujeres_18_49_con_2mas_u6_nat": 0.05745832115760747, "penalidad_maternidad_trabajo_nat": -0.06484686036508747, "penalidad_maternidad_horas_nat": -3.772713030425024, "penalidad_maternidad_pobreza_nat": 0.19670889160100563, "penalidad_maternidad_ingreso_nat": -3000.5128128127326, "penalidad_maternidad_trabajo_educ_sup_nat": -0.021282949049555744, "penalidad_maternidad_trabajo_no_educ_sup_nat": -0.08813759642125918, "mitigacion_penalidad_trabajo_por_educ_nat": 0.06685464737170344, "penalidad_maternidad_ingreso_educ_sup_nat": -1865.645079079044, "penalidad_maternidad_ingreso_no_educ_sup_nat": -729.6987528538484, "mitigacion_penalidad_ingreso_por_educ_nat": -1135.9463262251957, "tasa_trabaja_horas_mujer_anom_nat": -0.043426601795071074, "tasa_trabaja_horas_hombre_anom_nat": 0.007737071951089081, "gap_trabaja_horas_h_m_anom_nat": 0.051163673746160154, "horas_prom_mujer_anom_nat": -1.5871483736356353, "horas_prom_hombre_anom_nat": 2.6130652638999194, "gap_horas_h_m_anom_nat": 4.200213637535555, "pobreza_mujer_anom_nat": 0.012874612969696636, "pobreza_hombre_anom_nat": 0.03440028483473542, "gap_pobreza_m_h_anom_nat": -0.021525671865038787, "ingreso_neto_hogar_mujer_anom_nat": -1848.0107281636665, "ingreso_neto_hogar_hombre_anom_nat": -1406.0508550805753, "gap_ingreso_hogar_h_m_anom_nat": 441.9598730830912, "ratio_trabajo_m_h_anom_nat": -0.05951243625518543, "ratio_horas_m_h_anom_nat": -0.0823780598653463, "ratio_ingreso_hogar_m_h_anom_nat": -0.026900752886614865, "ratio_pobreza_m_h_anom_nat": -0.08738383972213093, "tasa_educ_sup_mujer_anom_nat": -0.0025328399343134134, "tasa_educ_sup_hombre_anom_nat": -0.04815852988330416, "gap_educ_sup_m_h_anom_nat": 0.045625689948990744, "ratio_educ_sup_m_h_anom_nat": 0.14352455879923942, "tasa_educ_univ_mujer_anom_nat": -0.003860060379015262, "tasa_educ_univ_hombre_anom_nat": -0.016310135898902428, "gap_educ_univ_m_h_anom_nat": 0.012450075519887166, "share_mujeres_18_49_con_u6_anom_nat": 0.00789988759342164, "prom_ninios_u6_hogar_mujer_18_49_anom_nat": -0.00021988204071921036, "share_mujeres_18_49_con_2mas_u6_anom_nat": -0.00616075147604047, "penalidad_maternidad_trabajo_anom_nat": -0.038624093406992466, "penalidad_maternidad_horas_anom_nat": -1.550673971897659, "penalidad_maternidad_pobreza_anom_nat": 0.002185118639493805, "penalidad_maternidad_ingreso_anom_nat": 4186.1301901811385, "penalidad_maternidad_trabajo_educ_sup_anom_nat": -0.014447427487849773, "penalidad_maternidad_trabajo_no_educ_sup_anom_nat": -0.0673139661707467, "mitigacion_penalidad_trabajo_por_educ_anom_nat": 0.052866538682896924, "penalidad_maternidad_ingreso_educ_sup_anom_nat": 7144.404412410746, "penalidad_maternidad_ingreso_no_educ_sup_anom_nat": 798.5201183861864, "mitigacion_penalidad_ingreso_por_educ_anom_nat": 6345.8842940245595, "total_autoridades_electas": 297.0, "n_autoridades_mujeres": 121.0, "n_autoridades_hombres": 176.0, "share_autoridades_mujeres": 0.4074074074074074, "share_autoridades_hombres": 0.5925925925925926, "ratio_autoridades_mujer_hombre": 0.6875, "share_liderazgo_ejecutivo_mujeres": 0.1, "share_alcaldias_mujeres": 0.07894736842105263, "share_gobernaciones_mujeres": 0.5, "share_regidurias_mujeres": 0.45867768595041325, "share_consejerias_mujeres": 0.3, "densidad_liderazgo_femenino": 0.013468013468013467, "brecha_liderazgo_vs_base_mujeres": -0.30740740740740735, "indice_techo_politico_mujeres": 0.24545454545454548, "share_autoridades_mujeres_nat": 0.4105079075425791, "share_autoridades_hombres_nat": 0.589492092457421, "ratio_autoridades_mujer_hombre_nat": 0.6963755965432735, "share_liderazgo_ejecutivo_mujeres_nat": 0.06504904491481672, "share_alcaldias_mujeres_nat": 0.05452620434092112, "share_gobernaciones_mujeres_nat": 0.4791666666666667, "share_regidurias_mujeres_nat": 0.47733407800428185, "share_consejerias_mujeres_nat": 0.2807017543859649, "densidad_liderazgo_femenino_nat": 0.00958029197080292, "brecha_liderazgo_vs_base_mujeres_nat": -0.3454588626277624, "indice_techo_politico_mujeres_nat": 0.1584599071531153, "share_autoridades_mujeres_anom_nat": -0.003100500135171713, "share_autoridades_hombres_anom_nat": 0.003100500135171602, "ratio_autoridades_mujer_hombre_anom_nat": -0.008875596543273523, "share_liderazgo_ejecutivo_mujeres_anom_nat": 0.03495095508518328, "share_alcaldias_mujeres_anom_nat": 0.024421164080131508, "share_gobernaciones_mujeres_anom_nat": 0.020833333333333315, "share_regidurias_mujeres_anom_nat": -0.018656392053868598, "share_consejerias_mujeres_anom_nat": 0.019298245614035092, "densidad_liderazgo_femenino_anom_nat": 0.0038877214972105473, "brecha_liderazgo_vs_base_mujeres_anom_nat": 0.038051455220355024, "indice_techo_politico_mujeres_anom_nat": 0.08699463830143017, "indice_habilitante_liderazgo_femenino_0_100": 42.95863350576689, "n_componentes_indice_habilitante": 7}}, {"type": "Feature", "geometry": {"type": "Point", "coordinates": [-79.84, -6.772]}, "properties": {"anio": 2024, "dep_cod": "14", "departamento": "Lambayeque", "n_adultos_18_64": 2614, "peso_total_18_64": 807328.2340812685, "tasa_trabaja_horas_hombre": 0.8333174396738471, "tasa_trabaja_horas_mujer": 0.6207373912285419, "horas_prom_hombre": 47.716620270797186, "horas_prom_mujer": 38.12003886409436, "pobreza_hombre": 0.10746456227460043, "pobreza_mujer": 0.11766267884054397, "ingreso_neto_hogar_hombre": 19091.425944130533, "ingreso_neto_hogar_mujer": 16178.260236741831, "tasa_educ_sup_hombre": 0.3344723418628081, "tasa_educ_sup_mujer": 0.3341118955476106, "tasa_educ_univ_hombre": 0.18119961101611634, "tasa_educ_univ_mujer": 0.18496742164522456, "gap_trabaja_horas_h_m": 0.2125800484453052, "gap_horas_h_m": 9.596581406702825, "gap_pobreza_m_h": 0.010198116565943549, "gap_ingreso_hogar_h_m": 2913.165707388702, "gap_educ_sup_m_h": -0.0003604463151974935, "gap_educ_univ_m_h": 0.0037678106291082203, "ratio_trabajo_m_h": 0.7448990764809781, "ratio_horas_m_h": 0.7988838825499135, "ratio_ingreso_hogar_m_h": 0.8474097369199222, "ratio_pobreza_m_h": 1.09489748387831, "ratio_educ_sup_m_h": 0.9989223434344675, "n_mujeres_18_49": 975, "peso_mujeres_18_49": 302051.46782398236, "share_mujeres_18_49_con_u6": 0.33409518492022056, "prom_ninios_u6_hogar_mujer_18_49": 0.4006941455954829, "share_mujeres_18_49_con_2mas_u6": 0.05402857086402614, "tasa_trabaja_mujer_no_u6": 0.6212562910840917, "tasa_trabaja_mujer_si_u6": 0.6083324035184444, "horas_mujer_no_u6": 38.164850620837406, "horas_mujer_si_u6": 34.941912277817565, "pobreza_mujer_no_u6": 0.09835609896113244, "pobreza_mujer_si_u6": 0.2155761035418771, "ingreso_hogar_mujer_no_u6": 16468.042375397337, "ingreso_hogar_mujer_si_u6": 17358.46391726402, "penalidad_maternidad_trabajo": -0.01292388756564733, "penalidad_maternidad_horas": -3.222938343019841, "penalidad_maternidad_pobreza": 0.11722000458074465, "penalidad_maternidad_ingreso": 890.4215418666827, "penalidad_maternidad_trabajo_educ_sup": 0.046350102495167245, "penalidad_maternidad_trabajo_no_educ_sup": -0.04421959534731257, "mitigacion_penalidad_trabajo_por_educ": 0.09056969784247981, "penalidad_maternidad_ingreso_educ_sup": 930.5290614615442, "penalidad_maternidad_ingreso_no_educ_sup": 1659.7418855144115, "mitigacion_penalidad_ingreso_por_educ": -729.2128240528673, "tasa_trabaja_horas_mujer_nat": 0.6869561613053373, "tasa_trabaja_horas_hombre_nat": 0.8296203756623115, "gap_trabaja_horas_h_m_nat": 0.14266421435697418, "horas_prom_mujer_nat": 36.76971249535398, "horas_prom_hombre_nat": 43.479105401796836, "gap_horas_h_m_nat": 6.709392906442858, "pobreza_mujer_nat": 0.2442088413385761, "pobreza_hombre_nat": 0.2322337934696795, "gap_pobreza_m_h_nat": 0.011975047868896582, "ingreso_neto_hogar_mujer_nat": 20162.848268682832, "ingreso_neto_hogar_hombre_nat": 21832.45460551848, "gap_ingreso_hogar_h_m_nat": 1669.606336835648, "ratio_trabajo_m_h_nat": 0.8280367520589391, "ratio_horas_m_h_nat": 0.8456869605655322, "ratio_ingreso_hogar_m_h_nat": 0.9235264029169844, "ratio_pobreza_m_h_nat": 1.0515646224004864, "tasa_educ_sup_mujer_nat": 0.35554547204038733, "tasa_educ_sup_hombre_nat": 0.3609912877667579, "gap_educ_sup_m_h_nat": -0.00544581572637054, "ratio_educ_sup_m_h_nat": 0.984914273804056, "tasa_educ_univ_mujer_nat": 0.18929377887655863, "tasa_educ_univ_hombre_nat": 0.19497646645555872, "gap_educ_univ_m_h_nat": -0.00568268757900009, "share_mujeres_18_49_con_u6_nat": 0.3442460002916777, "prom_ninios_u6_hogar_mujer_18_49_nat": 0.4104262384202904, "share_mujeres_18_49_con_2mas_u6_nat": 0.05745832115760747, "penalidad_maternidad_trabajo_nat": -0.06484686036508747, "penalidad_maternidad_horas_nat": -3.772713030425024, "penalidad_maternidad_pobreza_nat": 0.19670889160100563, "penalidad_maternidad_ingreso_nat": -3000.5128128127326, "penalidad_maternidad_trabajo_educ_sup_nat": -0.021282949049555744, "penalidad_maternidad_trabajo_no_educ_sup_nat": -0.08813759642125918, "mitigacion_penalidad_trabajo_por_educ_nat": 0.06685464737170344, "penalidad_maternidad_ingreso_educ_sup_nat": -1865.645079079044, "penalidad_maternidad_ingreso_no_educ_sup_nat": -729.6987528538484, "mitigacion_penalidad_ingreso_por_educ_nat": -1135.9463262251957, "tasa_trabaja_horas_mujer_anom_nat": -0.06621877007679544, "tasa_trabaja_horas_hombre_anom_nat": 0.003697064011535578, "gap_trabaja_horas_h_m_anom_nat": 0.06991583408833102, "horas_prom_mujer_anom_nat": 1.350326368740383, "horas_prom_hombre_anom_nat": 4.23751486900035, "gap_horas_h_m_anom_nat": 2.887188500259967, "pobreza_mujer_anom_nat": -0.12654616249803213, "pobreza_hombre_anom_nat": -0.12476923119507909, "gap_pobreza_m_h_anom_nat": -0.0017769313029530331, "ingreso_neto_hogar_mujer_anom_nat": -3984.5880319410007, "ingreso_neto_hogar_hombre_anom_nat": -2741.028661387947, "gap_ingreso_hogar_h_m_anom_nat": 1243.5593705530537, "ratio_trabajo_m_h_anom_nat": -0.08313767557796103, "ratio_horas_m_h_anom_nat": -0.04680307801561867, "ratio_ingreso_hogar_m_h_anom_nat": -0.07611666599706224, "ratio_pobreza_m_h_anom_nat": 0.04333286147782367, "tasa_educ_sup_mujer_anom_nat": -0.021433576492776718, "tasa_educ_sup_hombre_anom_nat": -0.026518945903949764, "gap_educ_sup_m_h_anom_nat": 0.005085369411173046, "ratio_educ_sup_m_h_anom_nat": 0.014008069630411457, "tasa_educ_univ_mujer_anom_nat": -0.004326357231334066, "tasa_educ_univ_hombre_anom_nat": -0.013776855439442376, "gap_educ_univ_m_h_anom_nat": 0.00945049820810831, "share_mujeres_18_49_con_u6_anom_nat": -0.010150815371457123, "prom_ninios_u6_hogar_mujer_18_49_anom_nat": -0.009732092824807526, "share_mujeres_18_49_con_2mas_u6_anom_nat": -0.003429750293581328, "penalidad_maternidad_trabajo_anom_nat": 0.05192297279944014, "penalidad_maternidad_horas_anom_nat": 0.5497746874051828, "penalidad_maternidad_pobreza_anom_nat": -0.07948888702026098, "penalidad_maternidad_ingreso_anom_nat": 3890.9343546794153, "penalidad_maternidad_trabajo_educ_sup_anom_nat": 0.06763305154472299, "penalidad_maternidad_trabajo_no_educ_sup_anom_nat": 0.04391800107394661, "mitigacion_penalidad_trabajo_por_educ_anom_nat": 0.023715050470776378, "penalidad_maternidad_ingreso_educ_sup_anom_nat": 2796.1741405405883, "penalidad_maternidad_ingreso_no_educ_sup_anom_nat": 2389.44063836826, "mitigacion_penalidad_ingreso_por_educ_anom_nat": 406.7335021723284, "total_autoridades_electas": 1382.0, "n_autoridades_mujeres": 595.0, "n_autoridades_hombres": 787.0, "share_autoridades_mujeres": 0.4305354558610709, "share_autoridades_hombres": 0.5694645441389291, "ratio_autoridades_mujer_hombre": 0.7560355781448539, "share_liderazgo_ejecutivo_mujeres": 0.10404624277456648, "share_alcaldias_mujeres": 0.09941520467836257, "share_gobernaciones_mujeres": 0.5, "share_regidurias_mujeres": 0.48055315471045806, "share_consejerias_mujeres": 0.3076923076923077, "densidad_liderazgo_femenino": 0.013024602026049204, "brecha_liderazgo_vs_base_mujeres": -0.3264892130865044, "indice_techo_politico_mujeres": 0.24166707145285862, "share_autoridades_mujeres_nat": 0.4105079075425791, "share_autoridades_hombres_nat": 0.589492092457421, "ratio_autoridades_mujer_hombre_nat": 0.6963755965432735, "share_liderazgo_ejecutivo_mujeres_nat": 0.06504904491481672, "share_alcaldias_mujeres_nat": 0.05452620434092112, "share_gobernaciones_mujeres_nat": 0.4791666666666667, "share_regidurias_mujeres_nat": 0.47733407800428185, "share_consejerias_mujeres_nat": 0.2807017543859649, "densidad_liderazgo_femenino_nat": 0.00958029197080292, "brecha_liderazgo_vs_base_mujeres_nat": -0.3454588626277624, "indice_techo_politico_mujeres_nat": 0.1584599071531153, "share_autoridades_mujeres_anom_nat": 0.020027548318491795, "share_autoridades_hombres_anom_nat": -0.02002754831849185, "ratio_autoridades_mujer_hombre_anom_nat": 0.05965998160158037, "share_liderazgo_ejecutivo_mujeres_anom_nat": 0.038997197859749755, "share_alcaldias_mujeres_anom_nat": 0.04488900033744145, "share_gobernaciones_mujeres_anom_nat": 0.020833333333333315, "share_regidurias_mujeres_anom_nat": 0.003219076706176216, "share_consejerias_mujeres_anom_nat": 0.026990553306342813, "densidad_liderazgo_femenino_anom_nat": 0.003444310055246284, "brecha_liderazgo_vs_base_mujeres_anom_nat": 0.01896964954125796, "indice_techo_politico_mujeres_anom_nat": 0.08320716429974331, "indice_habilitante_liderazgo_femenino_0_100": 50.31963243417897, "n_componentes_indice_habilitante": 7}}, {"type": "Feature", "geometry": {"type": "Point", "coordinates": [-77.043, -12.046]}, "properties": {"anio": 2024, "dep_cod": "15", "departamento": "Lima", "n_adultos_18_64": 9243, "peso_total_18_64": 7179476.350265503, "tasa_trabaja_horas_hombre": 0.8145183199887794, "tasa_trabaja_horas_mujer": 0.6386519251015111, "horas_prom_hombre": 46.84765059504612, "horas_prom_mujer": 39.91857221527166, "pobreza_hombre": 0.2341675162917332, "pobreza_mujer": 0.253119213282162, "ingreso_neto_hogar_hombre": 30647.732528650013, "ingreso_neto_hogar_mujer": 28277.20560907261, "tasa_educ_sup_hombre": 0.4423241237334733, "tasa_educ_sup_mujer": 0.44276993579261764, "tasa_educ_univ_hombre": 0.2595620599869496, "tasa_educ_univ_mujer": 0.24919086840311713, "gap_trabaja_horas_h_m": 0.1758663948872683, "gap_horas_h_m": 6.9290783797744595, "gap_pobreza_m_h": 0.018951696990428812, "gap_ingreso_hogar_h_m": 2370.5269195774017, "gap_educ_sup_m_h": 0.00044581205914434596, "gap_educ_univ_m_h": -0.010371191583832456, "ratio_trabajo_m_h": 0.7840854029045154, "ratio_horas_m_h": 0.8520933645174691, "ratio_ingreso_hogar_m_h": 0.9226524534119647, "ratio_pobreza_m_h": 1.080932220192395, "ratio_educ_sup_m_h": 1.001007885474076, "n_mujeres_18_49": 3467, "peso_mujeres_18_49": 2711994.893486023, "share_mujeres_18_49_con_u6": 0.2985478038290316, "prom_ninios_u6_hogar_mujer_18_49": 0.34917107449740503, "share_mujeres_18_49_con_2mas_u6": 0.0433786033169292, "tasa_trabaja_mujer_no_u6": 0.6724170725289904, "tasa_trabaja_mujer_si_u6": 0.5886262416777648, "horas_mujer_no_u6": 40.93435980679063, "horas_mujer_si_u6": 37.972222824715836, "pobreza_mujer_no_u6": 0.1923142325587047, "pobreza_mujer_si_u6": 0.45336458360688886, "ingreso_hogar_mujer_no_u6": 29376.93503769907, "ingreso_hogar_mujer_si_u6": 25251.672029694066, "penalidad_maternidad_trabajo": -0.08379083085122563, "penalidad_maternidad_horas": -2.962136982074796, "penalidad_maternidad_pobreza": 0.2610503510481842, "penalidad_maternidad_ingreso": -4125.263008005004, "penalidad_maternidad_trabajo_educ_sup": -0.02242086939586907, "penalidad_maternidad_trabajo_no_educ_sup": -0.10945611878565786, "mitigacion_penalidad_trabajo_por_educ": 0.0870352493897888, "penalidad_maternidad_ingreso_educ_sup": -3555.77873920594, "penalidad_maternidad_ingreso_no_educ_sup": -773.1705405290922, "mitigacion_penalidad_ingreso_por_educ": -2782.6081986768477, "tasa_trabaja_horas_mujer_nat": 0.6869561613053373, "tasa_trabaja_horas_hombre_nat": 0.8296203756623115, "gap_trabaja_horas_h_m_nat": 0.14266421435697418, "horas_prom_mujer_nat": 36.76971249535398, "horas_prom_hombre_nat": 43.479105401796836, "gap_horas_h_m_nat": 6.709392906442858, "pobreza_mujer_nat": 0.2442088413385761, "pobreza_hombre_nat": 0.2322337934696795, "gap_pobreza_m_h_nat": 0.011975047868896582, "ingreso_neto_hogar_mujer_nat": 20162.848268682832, "ingreso_neto_hogar_hombre_nat": 21832.45460551848, "gap_ingreso_hogar_h_m_nat": 1669.606336835648, "ratio_trabajo_m_h_nat": 0.8280367520589391, "ratio_horas_m_h_nat": 0.8456869605655322, "ratio_ingreso_hogar_m_h_nat": 0.9235264029169844, "ratio_pobreza_m_h_nat": 1.0515646224004864, "tasa_educ_sup_mujer_nat": 0.35554547204038733, "tasa_educ_sup_hombre_nat": 0.3609912877667579, "gap_educ_sup_m_h_nat": -0.00544581572637054, "ratio_educ_sup_m_h_nat": 0.984914273804056, "tasa_educ_univ_mujer_nat": 0.18929377887655863, "tasa_educ_univ_hombre_nat": 0.19497646645555872, "gap_educ_univ_m_h_nat": -0.00568268757900009, "share_mujeres_18_49_con_u6_nat": 0.3442460002916777, "prom_ninios_u6_hogar_mujer_18_49_nat": 0.4104262384202904, "share_mujeres_18_49_con_2mas_u6_nat": 0.05745832115760747, "penalidad_maternidad_trabajo_nat": -0.06484686036508747, "penalidad_maternidad_horas_nat": -3.772713030425024, "penalidad_maternidad_pobreza_nat": 0.19670889160100563, "penalidad_maternidad_ingreso_nat": -3000.5128128127326, "penalidad_maternidad_trabajo_educ_sup_nat": -0.021282949049555744, "penalidad_maternidad_trabajo_no_educ_sup_nat": -0.08813759642125918, "mitigacion_penalidad_trabajo_por_educ_nat": 0.06685464737170344, "penalidad_maternidad_ingreso_educ_sup_nat": -1865.645079079044, "penalidad_maternidad_ingreso_no_educ_sup_nat": -729.6987528538484, "mitigacion_penalidad_ingreso_por_educ_nat": -1135.9463262251957, "tasa_trabaja_horas_mujer_anom_nat": -0.04830423620382618, "tasa_trabaja_horas_hombre_anom_nat": -0.015102055673532067, "gap_trabaja_horas_h_m_anom_nat": 0.03320218053029411, "horas_prom_mujer_anom_nat": 3.148859719917681, "horas_prom_hombre_anom_nat": 3.3685451932492825, "gap_horas_h_m_anom_nat": 0.2196854733316016, "pobreza_mujer_anom_nat": 0.008910371943585932, "pobreza_hombre_anom_nat": 0.0019337228220537017, "gap_pobreza_m_h_anom_nat": 0.00697664912153223, "ingreso_neto_hogar_mujer_anom_nat": 8114.357340389779, "ingreso_neto_hogar_hombre_anom_nat": 8815.277923131533, "gap_ingreso_hogar_h_m_anom_nat": 700.9205827417536, "ratio_trabajo_m_h_anom_nat": -0.04395134915442367, "ratio_horas_m_h_anom_nat": 0.006406403951936923, "ratio_ingreso_hogar_m_h_anom_nat": -0.0008739495050197332, "ratio_pobreza_m_h_anom_nat": 0.029367597791908562, "tasa_educ_sup_mujer_anom_nat": 0.08722446375223031, "tasa_educ_sup_hombre_anom_nat": 0.08133283596671542, "gap_educ_sup_m_h_anom_nat": 0.005891627785514886, "ratio_educ_sup_m_h_anom_nat": 0.01609361167001999, "tasa_educ_univ_mujer_anom_nat": 0.059897089526558506, "tasa_educ_univ_hombre_anom_nat": 0.06458559353139087, "gap_educ_univ_m_h_anom_nat": -0.004688504004832367, "share_mujeres_18_49_con_u6_anom_nat": -0.04569819646264606, "prom_ninios_u6_hogar_mujer_18_49_anom_nat": -0.06125516392288538, "share_mujeres_18_49_con_2mas_u6_anom_nat": -0.014079717840678269, "penalidad_maternidad_trabajo_anom_nat": -0.018943970486138162, "penalidad_maternidad_horas_anom_nat": 0.810576048350228, "penalidad_maternidad_pobreza_anom_nat": 0.06434145944717856, "penalidad_maternidad_ingreso_anom_nat": -1124.7501951922713, "penalidad_maternidad_trabajo_educ_sup_anom_nat": -0.0011379203463133258, "penalidad_maternidad_trabajo_no_educ_sup_anom_nat": -0.021318522364398684, "mitigacion_penalidad_trabajo_por_educ_anom_nat": 0.02018060201808536, "penalidad_maternidad_ingreso_educ_sup_anom_nat": -1690.1336601268958, "penalidad_maternidad_ingreso_no_educ_sup_anom_nat": -43.47178767524383, "mitigacion_penalidad_ingreso_por_educ_anom_nat": -1646.661872451652, "total_autoridades_electas": 390.0, "n_autoridades_mujeres": 164.0, "n_autoridades_hombres": 226.0, "share_autoridades_mujeres": 0.4205128205128205, "share_autoridades_hombres": 0.5794871794871795, "ratio_autoridades_mujer_hombre": 0.7256637168141593, "share_liderazgo_ejecutivo_mujeres": 0.10909090909090909, "share_alcaldias_mujeres": 0.09433962264150944, "share_gobernaciones_mujeres": 0.5, "share_regidurias_mujeres": 0.49206349206349204, "share_consejerias_mujeres": 0.125, "densidad_liderazgo_femenino": 0.015384615384615385, "brecha_liderazgo_vs_base_mujeres": -0.31142191142191145, "indice_techo_politico_mujeres": 0.25942350332594233, "share_autoridades_mujeres_nat": 0.4105079075425791, "share_autoridades_hombres_nat": 0.589492092457421, "ratio_autoridades_mujer_hombre_nat": 0.6963755965432735, "share_liderazgo_ejecutivo_mujeres_nat": 0.06504904491481672, "share_alcaldias_mujeres_nat": 0.05452620434092112, "share_gobernaciones_mujeres_nat": 0.4791666666666667, "share_regidurias_mujeres_nat": 0.47733407800428185, "share_consejerias_mujeres_nat": 0.2807017543859649, "densidad_liderazgo_femenino_nat": 0.00958029197080292, "brecha_liderazgo_vs_base_mujeres_nat": -0.3454588626277624, "indice_techo_politico_mujeres_nat": 0.1584599071531153, "share_autoridades_mujeres_anom_nat": 0.01000491297024142, "share_autoridades_hombres_anom_nat": -0.01000491297024142, "ratio_autoridades_mujer_hombre_anom_nat": 0.029288120270885787, "share_liderazgo_ejecutivo_mujeres_anom_nat": 0.04404186417609236, "share_alcaldias_mujeres_anom_nat": 0.03981341830058832, "share_gobernaciones_mujeres_anom_nat": 0.020833333333333315, "share_regidurias_mujeres_anom_nat": 0.014729414059210189, "share_consejerias_mujeres_anom_nat": -0.1557017543859649, "densidad_liderazgo_femenino_anom_nat": 0.005804323413812465, "brecha_liderazgo_vs_base_mujeres_anom_nat": 0.03403695120585093, "indice_techo_politico_mujeres_anom_nat": 0.10096359617282702, "indice_habilitante_liderazgo_femenino_0_100": 55.504158227945844, "n_componentes_indice_habilitante": 7}}, {"type": "Feature", "geometry": {"type": "Point", "coordinates": [-73.253, -3.749]}, "properties": {"anio": 2024, "dep_cod": "16", "departamento": "Loreto", "n_adultos_18_64": 3114, "peso_total_18_64": 622028.735664964, "tasa_trabaja_horas_hombre": 0.8144640877401557, "tasa_trabaja_horas_mujer": 0.6482423493113062, "horas_prom_hombre": 39.60567641968443, "horas_prom_mujer": 36.52464355592027, "pobreza_hombre": 0.35978012008453014, "pobreza_mujer": 0.3565311105590936, "ingreso_neto_hogar_hombre": 13845.262854649236, "ingreso_neto_hogar_mujer": 13931.387343305754, "tasa_educ_sup_hombre": 0.21729468431747015, "tasa_educ_sup_mujer": 0.21179563055455403, "tasa_educ_univ_hombre": 0.08358790247098763, "tasa_educ_univ_mujer": 0.09183868934833153, "gap_trabaja_horas_h_m": 0.16622173842884946, "gap_horas_h_m": 3.0810328637641575, "gap_pobreza_m_h": -0.0032490095254365525, "gap_ingreso_hogar_h_m": -86.12448865651822, "gap_educ_sup_m_h": -0.005499053762916123, "gap_educ_univ_m_h": 0.008250786877343902, "ratio_trabajo_m_h": 0.795912746883592, "ratio_horas_m_h": 0.9222072909166916, "ratio_ingreso_hogar_m_h": 1.0062205022440291, "ratio_pobreza_m_h": 0.9909694578881312, "ratio_educ_sup_m_h": 0.9746931049869497, "n_mujeres_18_49": 1222, "peso_mujeres_18_49": 242985.58581435692, "share_mujeres_18_49_con_u6": 0.5601602928994066, "prom_ninios_u6_hogar_mujer_18_49": 0.7967376862665697, "share_mujeres_18_49_con_2mas_u6": 0.17882526501094073, "tasa_trabaja_mujer_no_u6": 0.6666531087130554, "tasa_trabaja_mujer_si_u6": 0.5738579957184591, "horas_mujer_no_u6": 35.575771708686865, "horas_mujer_si_u6": 34.67394482922924, "pobreza_mujer_no_u6": 0.2472958383588211, "pobreza_mujer_si_u6": 0.47699932640830106, "ingreso_hogar_mujer_no_u6": 13932.456648229328, "ingreso_hogar_mujer_si_u6": 13649.324326766668, "penalidad_maternidad_trabajo": -0.09279511299459631, "penalidad_maternidad_horas": -0.901826879457623, "penalidad_maternidad_pobreza": 0.22970348804947996, "penalidad_maternidad_ingreso": -283.1323214626609, "penalidad_maternidad_trabajo_educ_sup": 0.03593548255182688, "penalidad_maternidad_trabajo_no_educ_sup": -0.1087532313415509, "mitigacion_penalidad_trabajo_por_educ": 0.14468871389337778, "penalidad_maternidad_ingreso_educ_sup": 2946.086257708819, "penalidad_maternidad_ingreso_no_educ_sup": 1597.7453821716772, "mitigacion_penalidad_ingreso_por_educ": 1348.340875537142, "tasa_trabaja_horas_mujer_nat": 0.6869561613053373, "tasa_trabaja_horas_hombre_nat": 0.8296203756623115, "gap_trabaja_horas_h_m_nat": 0.14266421435697418, "horas_prom_mujer_nat": 36.76971249535398, "horas_prom_hombre_nat": 43.479105401796836, "gap_horas_h_m_nat": 6.709392906442858, "pobreza_mujer_nat": 0.2442088413385761, "pobreza_hombre_nat": 0.2322337934696795, "gap_pobreza_m_h_nat": 0.011975047868896582, "ingreso_neto_hogar_mujer_nat": 20162.848268682832, "ingreso_neto_hogar_hombre_nat": 21832.45460551848, "gap_ingreso_hogar_h_m_nat": 1669.606336835648, "ratio_trabajo_m_h_nat": 0.8280367520589391, "ratio_horas_m_h_nat": 0.8456869605655322, "ratio_ingreso_hogar_m_h_nat": 0.9235264029169844, "ratio_pobreza_m_h_nat": 1.0515646224004864, "tasa_educ_sup_mujer_nat": 0.35554547204038733, "tasa_educ_sup_hombre_nat": 0.3609912877667579, "gap_educ_sup_m_h_nat": -0.00544581572637054, "ratio_educ_sup_m_h_nat": 0.984914273804056, "tasa_educ_univ_mujer_nat": 0.18929377887655863, "tasa_educ_univ_hombre_nat": 0.19497646645555872, "gap_educ_univ_m_h_nat": -0.00568268757900009, "share_mujeres_18_49_con_u6_nat": 0.3442460002916777, "prom_ninios_u6_hogar_mujer_18_49_nat": 0.4104262384202904, "share_mujeres_18_49_con_2mas_u6_nat": 0.05745832115760747, "penalidad_maternidad_trabajo_nat": -0.06484686036508747, "penalidad_maternidad_horas_nat": -3.772713030425024, "penalidad_maternidad_pobreza_nat": 0.19670889160100563, "penalidad_maternidad_ingreso_nat": -3000.5128128127326, "penalidad_maternidad_trabajo_educ_sup_nat": -0.021282949049555744, "penalidad_maternidad_trabajo_no_educ_sup_nat": -0.08813759642125918, "mitigacion_penalidad_trabajo_por_educ_nat": 0.06685464737170344, "penalidad_maternidad_ingreso_educ_sup_nat": -1865.645079079044, "penalidad_maternidad_ingreso_no_educ_sup_nat": -729.6987528538484, "mitigacion_penalidad_ingreso_por_educ_nat": -1135.9463262251957, "tasa_trabaja_horas_mujer_anom_nat": -0.03871381199403112, "tasa_trabaja_horas_hombre_anom_nat": -0.015156287922155842, "gap_trabaja_horas_h_m_anom_nat": 0.02355752407187528, "horas_prom_mujer_anom_nat": -0.24506893943370756, "horas_prom_hombre_anom_nat": -3.873428982112408, "gap_horas_h_m_anom_nat": -3.6283600426787004, "pobreza_mujer_anom_nat": 0.1123222692205175, "pobreza_hombre_anom_nat": 0.12754632661485063, "gap_pobreza_m_h_anom_nat": -0.015224057394333135, "ingreso_neto_hogar_mujer_anom_nat": -6231.460925377078, "ingreso_neto_hogar_hombre_anom_nat": -7987.191750869244, "gap_ingreso_hogar_h_m_anom_nat": -1755.7308254921663, "ratio_trabajo_m_h_anom_nat": -0.03212400517534708, "ratio_horas_m_h_anom_nat": 0.07652033035115946, "ratio_ingreso_hogar_m_h_anom_nat": 0.08269409932704475, "ratio_pobreza_m_h_anom_nat": -0.06059516451235525, "tasa_educ_sup_mujer_anom_nat": -0.1437498414858333, "tasa_educ_sup_hombre_anom_nat": -0.14369660344928772, "gap_educ_sup_m_h_anom_nat": -5.323803654558312e-05, "ratio_educ_sup_m_h_anom_nat": -0.01022116881710633, "tasa_educ_univ_mujer_anom_nat": -0.0974550895282271, "tasa_educ_univ_hombre_anom_nat": -0.11138856398457109, "gap_educ_univ_m_h_anom_nat": 0.013933474456343992, "share_mujeres_18_49_con_u6_anom_nat": 0.21591429260772893, "prom_ninios_u6_hogar_mujer_18_49_anom_nat": 0.3863114478462793, "share_mujeres_18_49_con_2mas_u6_anom_nat": 0.12136694385333327, "penalidad_maternidad_trabajo_anom_nat": -0.02794825262950884, "penalidad_maternidad_horas_anom_nat": 2.870886150967401, "penalidad_maternidad_pobreza_anom_nat": 0.03299459644847433, "penalidad_maternidad_ingreso_anom_nat": 2717.3804913500717, "penalidad_maternidad_trabajo_educ_sup_anom_nat": 0.057218431601382624, "penalidad_maternidad_trabajo_no_educ_sup_anom_nat": -0.020615634920291726, "mitigacion_penalidad_trabajo_por_educ_anom_nat": 0.07783406652167435, "penalidad_maternidad_ingreso_educ_sup_anom_nat": 4811.731336787863, "penalidad_maternidad_ingreso_no_educ_sup_anom_nat": 2327.4441350255256, "mitigacion_penalidad_ingreso_por_educ_anom_nat": 2484.2872017623376, "total_autoridades_electas": 85.0, "n_autoridades_mujeres": 35.0, "n_autoridades_hombres": 50.0, "share_autoridades_mujeres": 0.4117647058823529, "share_autoridades_hombres": 0.5882352941176471, "ratio_autoridades_mujer_hombre": 0.7, "share_liderazgo_ejecutivo_mujeres": 0.15384615384615385, "share_alcaldias_mujeres": 0.09090909090909091, "share_gobernaciones_mujeres": 0.5, "share_regidurias_mujeres": 0.5081967213114754, "share_consejerias_mujeres": 0.2, "densidad_liderazgo_femenino": 0.023529411764705882, "brecha_liderazgo_vs_base_mujeres": -0.25791855203619907, "indice_techo_politico_mujeres": 0.3736263736263737, "share_autoridades_mujeres_nat": 0.4105079075425791, "share_autoridades_hombres_nat": 0.589492092457421, "ratio_autoridades_mujer_hombre_nat": 0.6963755965432735, "share_liderazgo_ejecutivo_mujeres_nat": 0.06504904491481672, "share_alcaldias_mujeres_nat": 0.05452620434092112, "share_gobernaciones_mujeres_nat": 0.4791666666666667, "share_regidurias_mujeres_nat": 0.47733407800428185, "share_consejerias_mujeres_nat": 0.2807017543859649, "densidad_liderazgo_femenino_nat": 0.00958029197080292, "brecha_liderazgo_vs_base_mujeres_nat": -0.3454588626277624, "indice_techo_politico_mujeres_nat": 0.1584599071531153, "share_autoridades_mujeres_anom_nat": 0.0012567983397738236, "share_autoridades_hombres_anom_nat": -0.0012567983397738791, "ratio_autoridades_mujer_hombre_anom_nat": 0.0036244034567264327, "share_liderazgo_ejecutivo_mujeres_anom_nat": 0.08879710893133713, "share_alcaldias_mujeres_anom_nat": 0.03638288656816979, "share_gobernaciones_mujeres_anom_nat": 0.020833333333333315, "share_regidurias_mujeres_anom_nat": 0.03086264330719357, "share_consejerias_mujeres_anom_nat": -0.08070175438596489, "densidad_liderazgo_femenino_anom_nat": 0.013949119793902962, "brecha_liderazgo_vs_base_mujeres_anom_nat": 0.08754031059156331, "indice_techo_politico_mujeres_anom_nat": 0.21516646647325838, "indice_habilitante_liderazgo_femenino_0_100": 48.286556054027244, "n_componentes_indice_habilitante": 7}}, {"type": "Feature", "geometry": {"type": "Point", "coordinates": [-69.189, -12.593]}, "properties": {"anio": 2024, "dep_cod": "17", "departamento": "Madre de Dios", "n_adultos_18_64": 1155, "peso_total_18_64": 91672.99966669086, "tasa_trabaja_horas_hombre": 0.8859696429699144, "tasa_trabaja_horas_mujer": 0.6963999806282872, "horas_prom_hombre": 50.979061732802734, "horas_prom_mujer": 46.1350336242298, "pobreza_hombre": 0.09192907019551654, "pobreza_mujer": 0.08161726901289514, "ingreso_neto_hogar_hombre": 19898.49646915817, "ingreso_neto_hogar_mujer": 18142.839974454564, "tasa_educ_sup_hombre": 0.2711627895604563, "tasa_educ_sup_mujer": 0.31231667084636466, "tasa_educ_univ_hombre": 0.14319015576244717, "tasa_educ_univ_mujer": 0.1598858398993624, "gap_trabaja_horas_h_m": 0.1895696623416272, "gap_horas_h_m": 4.844028108572935, "gap_pobreza_m_h": -0.0103118011826214, "gap_ingreso_hogar_h_m": 1755.6564947036059, "gap_educ_sup_m_h": 0.041153881285908356, "gap_educ_univ_m_h": 0.016695684136915218, "ratio_trabajo_m_h": 0.7860314246138741, "ratio_horas_m_h": 0.904980045847803, "ratio_ingreso_hogar_m_h": 0.9117693893393001, "ratio_pobreza_m_h": 0.8878287231591698, "ratio_educ_sup_m_h": 1.1517681734747496, "n_mujeres_18_49": 499, "peso_mujeres_18_49": 41300.16123294832, "share_mujeres_18_49_con_u6": 0.4448634350655062, "prom_ninios_u6_hogar_mujer_18_49": 0.548070908075197, "share_mujeres_18_49_con_2mas_u6": 0.10195945510505697, "tasa_trabaja_mujer_no_u6": 0.7839005964489268, "tasa_trabaja_mujer_si_u6": 0.5616688340531331, "horas_mujer_no_u6": 46.158551112823474, "horas_mujer_si_u6": 42.671163596714905, "pobreza_mujer_no_u6": 0.016744237206909058, "pobreza_mujer_si_u6": 0.1728919934116634, "ingreso_hogar_mujer_no_u6": 19767.63367961178, "ingreso_hogar_mujer_si_u6": 17863.92731349563, "penalidad_maternidad_trabajo": -0.22223176239579379, "penalidad_maternidad_horas": -3.4873875161085692, "penalidad_maternidad_pobreza": 0.15614775620475432, "penalidad_maternidad_ingreso": -1903.7063661161483, "penalidad_maternidad_trabajo_educ_sup": -0.11527830229317759, "penalidad_maternidad_trabajo_no_educ_sup": -0.2710953510002926, "mitigacion_penalidad_trabajo_por_educ": 0.155817048707115, "penalidad_maternidad_ingreso_educ_sup": -1765.1507972972686, "penalidad_maternidad_ingreso_no_educ_sup": -583.9502547826414, "mitigacion_penalidad_ingreso_por_educ": -1181.2005425146272, "tasa_trabaja_horas_mujer_nat": 0.6869561613053373, "tasa_trabaja_horas_hombre_nat": 0.8296203756623115, "gap_trabaja_horas_h_m_nat": 0.14266421435697418, "horas_prom_mujer_nat": 36.76971249535398, "horas_prom_hombre_nat": 43.479105401796836, "gap_horas_h_m_nat": 6.709392906442858, "pobreza_mujer_nat": 0.2442088413385761, "pobreza_hombre_nat": 0.2322337934696795, "gap_pobreza_m_h_nat": 0.011975047868896582, "ingreso_neto_hogar_mujer_nat": 20162.848268682832, "ingreso_neto_hogar_hombre_nat": 21832.45460551848, "gap_ingreso_hogar_h_m_nat": 1669.606336835648, "ratio_trabajo_m_h_nat": 0.8280367520589391, "ratio_horas_m_h_nat": 0.8456869605655322, "ratio_ingreso_hogar_m_h_nat": 0.9235264029169844, "ratio_pobreza_m_h_nat": 1.0515646224004864, "tasa_educ_sup_mujer_nat": 0.35554547204038733, "tasa_educ_sup_hombre_nat": 0.3609912877667579, "gap_educ_sup_m_h_nat": -0.00544581572637054, "ratio_educ_sup_m_h_nat": 0.984914273804056, "tasa_educ_univ_mujer_nat": 0.18929377887655863, "tasa_educ_univ_hombre_nat": 0.19497646645555872, "gap_educ_univ_m_h_nat": -0.00568268757900009, "share_mujeres_18_49_con_u6_nat": 0.3442460002916777, "prom_ninios_u6_hogar_mujer_18_49_nat": 0.4104262384202904, "share_mujeres_18_49_con_2mas_u6_nat": 0.05745832115760747, "penalidad_maternidad_trabajo_nat": -0.06484686036508747, "penalidad_maternidad_horas_nat": -3.772713030425024, "penalidad_maternidad_pobreza_nat": 0.19670889160100563, "penalidad_maternidad_ingreso_nat": -3000.5128128127326, "penalidad_maternidad_trabajo_educ_sup_nat": -0.021282949049555744, "penalidad_maternidad_trabajo_no_educ_sup_nat": -0.08813759642125918, "mitigacion_penalidad_trabajo_por_educ_nat": 0.06685464737170344, "penalidad_maternidad_ingreso_educ_sup_nat": -1865.645079079044, "penalidad_maternidad_ingreso_no_educ_sup_nat": -729.6987528538484, "mitigacion_penalidad_ingreso_por_educ_nat": -1135.9463262251957, "tasa_trabaja_horas_mujer_anom_nat": 0.009443819322949909, "tasa_trabaja_horas_hombre_anom_nat": 0.056349267307602924, "gap_trabaja_horas_h_m_anom_nat": 0.046905447984653015, "horas_prom_mujer_anom_nat": 9.36532112887582, "horas_prom_hombre_anom_nat": 7.499956331005897, "gap_horas_h_m_anom_nat": -1.8653647978699226, "pobreza_mujer_anom_nat": -0.16259157232568094, "pobreza_hombre_anom_nat": -0.140304723274163, "gap_pobreza_m_h_anom_nat": -0.022286849051517982, "ingreso_neto_hogar_mujer_anom_nat": -2020.008294228268, "ingreso_neto_hogar_hombre_anom_nat": -1933.9581363603102, "gap_ingreso_hogar_h_m_anom_nat": 86.05015786795775, "ratio_trabajo_m_h_anom_nat": -0.04200532744506502, "ratio_horas_m_h_anom_nat": 0.05929308528227084, "ratio_ingreso_hogar_m_h_anom_nat": -0.011757013577684328, "ratio_pobreza_m_h_anom_nat": -0.1637358992413166, "tasa_educ_sup_mujer_anom_nat": -0.04322880119402267, "tasa_educ_sup_hombre_anom_nat": -0.08982849820630157, "gap_educ_sup_m_h_anom_nat": 0.046599697012278896, "ratio_educ_sup_m_h_anom_nat": 0.16685389967069353, "tasa_educ_univ_mujer_anom_nat": -0.029407938977196235, "tasa_educ_univ_hombre_anom_nat": -0.05178631069311154, "gap_educ_univ_m_h_anom_nat": 0.022378371715915307, "share_mujeres_18_49_con_u6_anom_nat": 0.1006174347738285, "prom_ninios_u6_hogar_mujer_18_49_anom_nat": 0.13764466965490657, "share_mujeres_18_49_con_2mas_u6_anom_nat": 0.0445011339474495, "penalidad_maternidad_trabajo_anom_nat": -0.15738490203070632, "penalidad_maternidad_horas_anom_nat": 0.2853255143164546, "penalidad_maternidad_pobreza_anom_nat": -0.04056113539625131, "penalidad_maternidad_ingreso_anom_nat": 1096.8064466965843, "penalidad_maternidad_trabajo_educ_sup_anom_nat": -0.09399535324362185, "penalidad_maternidad_trabajo_no_educ_sup_anom_nat": -0.1829577545790334, "mitigacion_penalidad_trabajo_por_educ_anom_nat": 0.08896240133541156, "penalidad_maternidad_ingreso_educ_sup_anom_nat": 100.4942817817755, "penalidad_maternidad_ingreso_no_educ_sup_anom_nat": 145.748498071207, "mitigacion_penalidad_ingreso_por_educ_anom_nat": -45.2542162894315, "total_autoridades_electas": 148.0, "n_autoridades_mujeres": 62.0, "n_autoridades_hombres": 86.0, "share_autoridades_mujeres": 0.4189189189189189, "share_autoridades_hombres": 0.581081081081081, "ratio_autoridades_mujer_hombre": 0.7209302325581395, "share_liderazgo_ejecutivo_mujeres": 0.13043478260869565, "share_alcaldias_mujeres": 0.09523809523809523, "share_gobernaciones_mujeres": 0.5, "share_regidurias_mujeres": 0.49557522123893805, "share_consejerias_mujeres": 0.3, "densidad_liderazgo_femenino": 0.02027027027027027, "brecha_liderazgo_vs_base_mujeres": -0.2884841363102233, "indice_techo_politico_mujeres": 0.31136044880785413, "share_autoridades_mujeres_nat": 0.4105079075425791, "share_autoridades_hombres_nat": 0.589492092457421, "ratio_autoridades_mujer_hombre_nat": 0.6963755965432735, "share_liderazgo_ejecutivo_mujeres_nat": 0.06504904491481672, "share_alcaldias_mujeres_nat": 0.05452620434092112, "share_gobernaciones_mujeres_nat": 0.4791666666666667, "share_regidurias_mujeres_nat": 0.47733407800428185, "share_consejerias_mujeres_nat": 0.2807017543859649, "densidad_liderazgo_femenino_nat": 0.00958029197080292, "brecha_liderazgo_vs_base_mujeres_nat": -0.3454588626277624, "indice_techo_politico_mujeres_nat": 0.1584599071531153, "share_autoridades_mujeres_anom_nat": 0.008411011376339816, "share_autoridades_hombres_anom_nat": -0.008411011376339927, "ratio_autoridades_mujer_hombre_anom_nat": 0.02455463601486596, "share_liderazgo_ejecutivo_mujeres_anom_nat": 0.06538573769387893, "share_alcaldias_mujeres_anom_nat": 0.04071189089717411, "share_gobernaciones_mujeres_anom_nat": 0.020833333333333315, "share_regidurias_mujeres_anom_nat": 0.0182411432346562, "share_consejerias_mujeres_anom_nat": 0.019298245614035092, "densidad_liderazgo_femenino_anom_nat": 0.010689978299467351, "brecha_liderazgo_vs_base_mujeres_anom_nat": 0.05697472631753908, "indice_techo_politico_mujeres_anom_nat": 0.15290054165473882, "indice_habilitante_liderazgo_femenino_0_100": 48.520475655008006, "n_componentes_indice_habilitante": 7}}, {"type": "Feature", "geometry": {"type": "Point", "coordinates": [-70.934, -17.194]}, "properties": {"anio": 2024, "dep_cod": "18", "departamento": "Moquegua", "n_adultos_18_64": 1627, "peso_total_18_64": 131211.50146150586, "tasa_trabaja_horas_hombre": 0.7930961242103536, "tasa_trabaja_horas_mujer": 0.7095045719001628, "horas_prom_hombre": 42.28735952598495, "horas_prom_mujer": 38.4311485958384, "pobreza_hombre": 0.07502798640758318, "pobreza_mujer": 0.09262559838351571, "ingreso_neto_hogar_hombre": 22028.353602580835, "ingreso_neto_hogar_mujer": 20665.966559116274, "tasa_educ_sup_hombre": 0.4929262703764911, "tasa_educ_sup_mujer": 0.4264872775475338, "tasa_educ_univ_hombre": 0.20147303863756352, "tasa_educ_univ_mujer": 0.18796995683166576, "gap_trabaja_horas_h_m": 0.08359155231019078, "gap_horas_h_m": 3.8562109301465455, "gap_pobreza_m_h": 0.01759761197593253, "gap_ingreso_hogar_h_m": 1362.3870434645614, "gap_educ_sup_m_h": -0.06643899282895732, "gap_educ_univ_m_h": -0.013503081805897765, "ratio_trabajo_m_h": 0.8946009824554133, "ratio_horas_m_h": 0.9088093706163668, "ratio_ingreso_hogar_m_h": 0.9381530245953131, "ratio_pobreza_m_h": 1.2345473045262736, "ratio_educ_sup_m_h": 0.8652151511863791, "n_mujeres_18_49": 535, "peso_mujeres_18_49": 43643.3462138176, "share_mujeres_18_49_con_u6": 0.25589201003403356, "prom_ninios_u6_hogar_mujer_18_49": 0.30408827699879, "share_mujeres_18_49_con_2mas_u6": 0.04043689444264993, "tasa_trabaja_mujer_no_u6": 0.687164272432461, "tasa_trabaja_mujer_si_u6": 0.5713907641321893, "horas_mujer_no_u6": 38.591113227689355, "horas_mujer_si_u6": 33.95548114165357, "pobreza_mujer_no_u6": 0.0605096508880563, "pobreza_mujer_si_u6": 0.16424121612390083, "ingreso_hogar_mujer_no_u6": 20786.089873953144, "ingreso_hogar_mujer_si_u6": 24744.99428809695, "penalidad_maternidad_trabajo": -0.11577350830027178, "penalidad_maternidad_horas": -4.635632086035784, "penalidad_maternidad_pobreza": 0.10373156523584454, "penalidad_maternidad_ingreso": 3958.904414143806, "penalidad_maternidad_trabajo_educ_sup": -0.19816388913542848, "penalidad_maternidad_trabajo_no_educ_sup": -0.02671293800709329, "mitigacion_penalidad_trabajo_por_educ": -0.1714509511283352, "penalidad_maternidad_ingreso_educ_sup": 8840.138595647444, "penalidad_maternidad_ingreso_no_educ_sup": -1317.0592905556477, "mitigacion_penalidad_ingreso_por_educ": 10157.197886203092, "tasa_trabaja_horas_mujer_nat": 0.6869561613053373, "tasa_trabaja_horas_hombre_nat": 0.8296203756623115, "gap_trabaja_horas_h_m_nat": 0.14266421435697418, "horas_prom_mujer_nat": 36.76971249535398, "horas_prom_hombre_nat": 43.479105401796836, "gap_horas_h_m_nat": 6.709392906442858, "pobreza_mujer_nat": 0.2442088413385761, "pobreza_hombre_nat": 0.2322337934696795, "gap_pobreza_m_h_nat": 0.011975047868896582, "ingreso_neto_hogar_mujer_nat": 20162.848268682832, "ingreso_neto_hogar_hombre_nat": 21832.45460551848, "gap_ingreso_hogar_h_m_nat": 1669.606336835648, "ratio_trabajo_m_h_nat": 0.8280367520589391, "ratio_horas_m_h_nat": 0.8456869605655322, "ratio_ingreso_hogar_m_h_nat": 0.9235264029169844, "ratio_pobreza_m_h_nat": 1.0515646224004864, "tasa_educ_sup_mujer_nat": 0.35554547204038733, "tasa_educ_sup_hombre_nat": 0.3609912877667579, "gap_educ_sup_m_h_nat": -0.00544581572637054, "ratio_educ_sup_m_h_nat": 0.984914273804056, "tasa_educ_univ_mujer_nat": 0.18929377887655863, "tasa_educ_univ_hombre_nat": 0.19497646645555872, "gap_educ_univ_m_h_nat": -0.00568268757900009, "share_mujeres_18_49_con_u6_nat": 0.3442460002916777, "prom_ninios_u6_hogar_mujer_18_49_nat": 0.4104262384202904, "share_mujeres_18_49_con_2mas_u6_nat": 0.05745832115760747, "penalidad_maternidad_trabajo_nat": -0.06484686036508747, "penalidad_maternidad_horas_nat": -3.772713030425024, "penalidad_maternidad_pobreza_nat": 0.19670889160100563, "penalidad_maternidad_ingreso_nat": -3000.5128128127326, "penalidad_maternidad_trabajo_educ_sup_nat": -0.021282949049555744, "penalidad_maternidad_trabajo_no_educ_sup_nat": -0.08813759642125918, "mitigacion_penalidad_trabajo_por_educ_nat": 0.06685464737170344, "penalidad_maternidad_ingreso_educ_sup_nat": -1865.645079079044, "penalidad_maternidad_ingreso_no_educ_sup_nat": -729.6987528538484, "mitigacion_penalidad_ingreso_por_educ_nat": -1135.9463262251957, "tasa_trabaja_horas_mujer_anom_nat": 0.022548410594825485, "tasa_trabaja_horas_hombre_anom_nat": -0.03652425145195792, "gap_trabaja_horas_h_m_anom_nat": -0.05907266204678341, "horas_prom_mujer_anom_nat": 1.6614361004844227, "horas_prom_hombre_anom_nat": -1.1917458758118897, "gap_horas_h_m_anom_nat": -2.8531819762963124, "pobreza_mujer_anom_nat": -0.15158324295506037, "pobreza_hombre_anom_nat": -0.15720580706209633, "gap_pobreza_m_h_anom_nat": 0.005622564107035946, "ingreso_neto_hogar_mujer_anom_nat": 503.11829043344187, "ingreso_neto_hogar_hombre_anom_nat": 195.8989970623552, "gap_ingreso_hogar_h_m_anom_nat": -307.2192933710867, "ratio_trabajo_m_h_anom_nat": 0.06656423039647419, "ratio_horas_m_h_anom_nat": 0.06312241005083463, "ratio_ingreso_hogar_m_h_anom_nat": 0.014626621678328733, "ratio_pobreza_m_h_anom_nat": 0.18298268212578717, "tasa_educ_sup_mujer_anom_nat": 0.07094180550714646, "tasa_educ_sup_hombre_anom_nat": 0.13193498260973324, "gap_educ_sup_m_h_anom_nat": -0.06099317710258678, "ratio_educ_sup_m_h_anom_nat": -0.1196991226176769, "tasa_educ_univ_mujer_anom_nat": -0.0013238220448928695, "tasa_educ_univ_hombre_anom_nat": 0.006496572182004806, "gap_educ_univ_m_h_anom_nat": -0.007820394226897676, "share_mujeres_18_49_con_u6_anom_nat": -0.08835399025764412, "prom_ninios_u6_hogar_mujer_18_49_anom_nat": -0.10633796142150043, "share_mujeres_18_49_con_2mas_u6_anom_nat": -0.017021426714957537, "penalidad_maternidad_trabajo_anom_nat": -0.05092664793518431, "penalidad_maternidad_horas_anom_nat": -0.8629190556107602, "penalidad_maternidad_pobreza_anom_nat": -0.0929773263651611, "penalidad_maternidad_ingreso_anom_nat": 6959.417226956539, "penalidad_maternidad_trabajo_educ_sup_anom_nat": -0.17688094008587274, "penalidad_maternidad_trabajo_no_educ_sup_anom_nat": 0.06142465841416589, "mitigacion_penalidad_trabajo_por_educ_anom_nat": -0.23830559850003863, "penalidad_maternidad_ingreso_educ_sup_anom_nat": 10705.783674726488, "penalidad_maternidad_ingreso_no_educ_sup_anom_nat": -587.3605377017993, "mitigacion_penalidad_ingreso_por_educ_anom_nat": 11293.144212428288, "total_autoridades_electas": 203.0, "n_autoridades_mujeres": 88.0, "n_autoridades_hombres": 115.0, "share_autoridades_mujeres": 0.43349753694581283, "share_autoridades_hombres": 0.5665024630541872, "ratio_autoridades_mujer_hombre": 0.7652173913043478, "share_liderazgo_ejecutivo_mujeres": 0.16129032258064516, "share_alcaldias_mujeres": 0.13793103448275862, "share_gobernaciones_mujeres": 0.5, "share_regidurias_mujeres": 0.49056603773584906, "share_consejerias_mujeres": 0.45454545454545453, "densidad_liderazgo_femenino": 0.024630541871921183, "brecha_liderazgo_vs_base_mujeres": -0.2722072143651677, "indice_techo_politico_mujeres": 0.37206744868035185, "share_autoridades_mujeres_nat": 0.4105079075425791, "share_autoridades_hombres_nat": 0.589492092457421, "ratio_autoridades_mujer_hombre_nat": 0.6963755965432735, "share_liderazgo_ejecutivo_mujeres_nat": 0.06504904491481672, "share_alcaldias_mujeres_nat": 0.05452620434092112, "share_gobernaciones_mujeres_nat": 0.4791666666666667, "share_regidurias_mujeres_nat": 0.47733407800428185, "share_consejerias_mujeres_nat": 0.2807017543859649, "densidad_liderazgo_femenino_nat": 0.00958029197080292, "brecha_liderazgo_vs_base_mujeres_nat": -0.3454588626277624, "indice_techo_politico_mujeres_nat": 0.1584599071531153, "share_autoridades_mujeres_anom_nat": 0.022989629403233736, "share_autoridades_hombres_anom_nat": -0.02298962940323379, "ratio_autoridades_mujer_hombre_anom_nat": 0.06884179476107433, "share_liderazgo_ejecutivo_mujeres_anom_nat": 0.09624127766582843, "share_alcaldias_mujeres_anom_nat": 0.0834048301418375, "share_gobernaciones_mujeres_anom_nat": 0.020833333333333315, "share_regidurias_mujeres_anom_nat": 0.013231959731567211, "share_consejerias_mujeres_anom_nat": 0.17384370015948963, "densidad_liderazgo_femenino_anom_nat": 0.015050249901118263, "brecha_liderazgo_vs_base_mujeres_anom_nat": 0.07325164826259467, "indice_techo_politico_mujeres_anom_nat": 0.21360754152723654, "indice_habilitante_liderazgo_femenino_0_100": 73.54794131100039, "n_componentes_indice_habilitante": 7}}, {"type": "Feature", "geometry": {"type": "Point", "coordinates": [-76.262, -10.686]}, "properties": {"anio": 2024, "dep_cod": "19", "departamento": "Pasco", "n_adultos_18_64": 1648, "peso_total_18_64": 194512.12070560458, "tasa_trabaja_horas_hombre": 0.8200072831085973, "tasa_trabaja_horas_mujer": 0.7028606017011778, "horas_prom_hombre": 43.994023683093516, "horas_prom_mujer": 34.36198540904656, "pobreza_hombre": 0.3204655372959537, "pobreza_mujer": 0.3372056902617509, "ingreso_neto_hogar_hombre": 15207.880496396967, "ingreso_neto_hogar_mujer": 13092.300031566943, "tasa_educ_sup_hombre": 0.3224786479156424, "tasa_educ_sup_mujer": 0.3340539697350611, "tasa_educ_univ_hombre": 0.18801733670241436, "tasa_educ_univ_mujer": 0.15295006600563385, "gap_trabaja_horas_h_m": 0.11714668140741946, "gap_horas_h_m": 9.632038274046955, "gap_pobreza_m_h": 0.016740152965797228, "gap_ingreso_hogar_h_m": 2115.5804648300236, "gap_educ_sup_m_h": 0.011575321819418671, "gap_educ_univ_m_h": -0.035067270696780506, "ratio_trabajo_m_h": 0.8571394622699892, "ratio_horas_m_h": 0.7810603016575531, "ratio_ingreso_hogar_m_h": 0.8608891971940965, "ratio_pobreza_m_h": 1.0522369834430512, "ratio_educ_sup_m_h": 1.0358948472844214, "n_mujeres_18_49": 618, "peso_mujeres_18_49": 72210.7807750702, "share_mujeres_18_49_con_u6": 0.36735869437504437, "prom_ninios_u6_hogar_mujer_18_49": 0.43961386665742747, "share_mujeres_18_49_con_2mas_u6": 0.06978010861053173, "tasa_trabaja_mujer_no_u6": 0.6843526805701461, "tasa_trabaja_mujer_si_u6": 0.6021554123246572, "horas_mujer_no_u6": 35.273691269043105, "horas_mujer_si_u6": 30.402947431203398, "pobreza_mujer_no_u6": 0.2883422886242405, "pobreza_mujer_si_u6": 0.4952217816288039, "ingreso_hogar_mujer_no_u6": 12819.597963608187, "ingreso_hogar_mujer_si_u6": 14364.089966462381, "penalidad_maternidad_trabajo": -0.0821972682454889, "penalidad_maternidad_horas": -4.870743837839708, "penalidad_maternidad_pobreza": 0.20687949300456343, "penalidad_maternidad_ingreso": 1544.4920028541947, "penalidad_maternidad_trabajo_educ_sup": -0.04259734193043985, "penalidad_maternidad_trabajo_no_educ_sup": -0.1081138089892526, "mitigacion_penalidad_trabajo_por_educ": 0.06551646705881276, "penalidad_maternidad_ingreso_educ_sup": 7442.3567355016585, "penalidad_maternidad_ingreso_no_educ_sup": -521.7275495624672, "mitigacion_penalidad_ingreso_por_educ": 7964.084285064126, "tasa_trabaja_horas_mujer_nat": 0.6869561613053373, "tasa_trabaja_horas_hombre_nat": 0.8296203756623115, "gap_trabaja_horas_h_m_nat": 0.14266421435697418, "horas_prom_mujer_nat": 36.76971249535398, "horas_prom_hombre_nat": 43.479105401796836, "gap_horas_h_m_nat": 6.709392906442858, "pobreza_mujer_nat": 0.2442088413385761, "pobreza_hombre_nat": 0.2322337934696795, "gap_pobreza_m_h_nat": 0.011975047868896582, "ingreso_neto_hogar_mujer_nat": 20162.848268682832, "ingreso_neto_hogar_hombre_nat": 21832.45460551848, "gap_ingreso_hogar_h_m_nat": 1669.606336835648, "ratio_trabajo_m_h_nat": 0.8280367520589391, "ratio_horas_m_h_nat": 0.8456869605655322, "ratio_ingreso_hogar_m_h_nat": 0.9235264029169844, "ratio_pobreza_m_h_nat": 1.0515646224004864, "tasa_educ_sup_mujer_nat": 0.35554547204038733, "tasa_educ_sup_hombre_nat": 0.3609912877667579, "gap_educ_sup_m_h_nat": -0.00544581572637054, "ratio_educ_sup_m_h_nat": 0.984914273804056, "tasa_educ_univ_mujer_nat": 0.18929377887655863, "tasa_educ_univ_hombre_nat": 0.19497646645555872, "gap_educ_univ_m_h_nat": -0.00568268757900009, "share_mujeres_18_49_con_u6_nat": 0.3442460002916777, "prom_ninios_u6_hogar_mujer_18_49_nat": 0.4104262384202904, "share_mujeres_18_49_con_2mas_u6_nat": 0.05745832115760747, "penalidad_maternidad_trabajo_nat": -0.06484686036508747, "penalidad_maternidad_horas_nat": -3.772713030425024, "penalidad_maternidad_pobreza_nat": 0.19670889160100563, "penalidad_maternidad_ingreso_nat": -3000.5128128127326, "penalidad_maternidad_trabajo_educ_sup_nat": -0.021282949049555744, "penalidad_maternidad_trabajo_no_educ_sup_nat": -0.08813759642125918, "mitigacion_penalidad_trabajo_por_educ_nat": 0.06685464737170344, "penalidad_maternidad_ingreso_educ_sup_nat": -1865.645079079044, "penalidad_maternidad_ingreso_no_educ_sup_nat": -729.6987528538484, "mitigacion_penalidad_ingreso_por_educ_nat": -1135.9463262251957, "tasa_trabaja_horas_mujer_anom_nat": 0.01590444039584049, "tasa_trabaja_horas_hombre_anom_nat": -0.009613092553714231, "gap_trabaja_horas_h_m_anom_nat": -0.025517532949554722, "horas_prom_mujer_anom_nat": -2.4077270863074176, "horas_prom_hombre_anom_nat": 0.5149182812966799, "gap_horas_h_m_anom_nat": 2.9226453676040975, "pobreza_mujer_anom_nat": 0.09299684892317481, "pobreza_hombre_anom_nat": 0.08823174382627416, "gap_pobreza_m_h_anom_nat": 0.004765105096900646, "ingreso_neto_hogar_mujer_anom_nat": -7070.548237115889, "ingreso_neto_hogar_hombre_anom_nat": -6624.574109121513, "gap_ingreso_hogar_h_m_anom_nat": 445.9741279943755, "ratio_trabajo_m_h_anom_nat": 0.029102710211050042, "ratio_horas_m_h_anom_nat": -0.06462665890797903, "ratio_ingreso_hogar_m_h_anom_nat": -0.06263720572288789, "ratio_pobreza_m_h_anom_nat": 0.0006723610425647397, "tasa_educ_sup_mujer_anom_nat": -0.02149150230532626, "tasa_educ_sup_hombre_anom_nat": -0.03851263985111547, "gap_educ_sup_m_h_anom_nat": 0.01702113754578921, "ratio_educ_sup_m_h_anom_nat": 0.05098057348036533, "tasa_educ_univ_mujer_anom_nat": -0.03634371287092478, "tasa_educ_univ_hombre_anom_nat": -0.006959129753144361, "gap_educ_univ_m_h_anom_nat": -0.029384583117780416, "share_mujeres_18_49_con_u6_anom_nat": 0.02311269408336669, "prom_ninios_u6_hogar_mujer_18_49_anom_nat": 0.029187628237137053, "share_mujeres_18_49_con_2mas_u6_anom_nat": 0.012321787452924261, "penalidad_maternidad_trabajo_anom_nat": -0.01735040788040143, "penalidad_maternidad_horas_anom_nat": -1.098030807414684, "penalidad_maternidad_pobreza_anom_nat": 0.0101706014035578, "penalidad_maternidad_ingreso_anom_nat": 4545.004815666927, "penalidad_maternidad_trabajo_educ_sup_anom_nat": -0.021314392880884103, "penalidad_maternidad_trabajo_no_educ_sup_anom_nat": -0.019976212567993423, "mitigacion_penalidad_trabajo_por_educ_anom_nat": -0.00133818031289068, "penalidad_maternidad_ingreso_educ_sup_anom_nat": 9308.001814580703, "penalidad_maternidad_ingreso_no_educ_sup_anom_nat": 207.97120329138124, "mitigacion_penalidad_ingreso_por_educ_anom_nat": 9100.030611289321, "total_autoridades_electas": 498.0, "n_autoridades_mujeres": 203.0, "n_autoridades_hombres": 295.0, "share_autoridades_mujeres": 0.40763052208835343, "share_autoridades_hombres": 0.5923694779116466, "ratio_autoridades_mujer_hombre": 0.688135593220339, "share_liderazgo_ejecutivo_mujeres": 0.05970149253731343, "share_alcaldias_mujeres": 0.046153846153846156, "share_gobernaciones_mujeres": 0.5, "share_regidurias_mujeres": 0.4721549636803874, "share_consejerias_mujeres": 0.18181818181818182, "densidad_liderazgo_femenino": 0.008032128514056224, "brecha_liderazgo_vs_base_mujeres": -0.34792902955104, "indice_techo_politico_mujeres": 0.14645981913094624, "share_autoridades_mujeres_nat": 0.4105079075425791, "share_autoridades_hombres_nat": 0.589492092457421, "ratio_autoridades_mujer_hombre_nat": 0.6963755965432735, "share_liderazgo_ejecutivo_mujeres_nat": 0.06504904491481672, "share_alcaldias_mujeres_nat": 0.05452620434092112, "share_gobernaciones_mujeres_nat": 0.4791666666666667, "share_regidurias_mujeres_nat": 0.47733407800428185, "share_consejerias_mujeres_nat": 0.2807017543859649, "densidad_liderazgo_femenino_nat": 0.00958029197080292, "brecha_liderazgo_vs_base_mujeres_nat": -0.3454588626277624, "indice_techo_politico_mujeres_nat": 0.1584599071531153, "share_autoridades_mujeres_anom_nat": -0.002877385454225667, "share_autoridades_hombres_anom_nat": 0.002877385454225667, "ratio_autoridades_mujer_hombre_anom_nat": -0.008240003322934508, "share_liderazgo_ejecutivo_mujeres_anom_nat": -0.005347552377503291, "share_alcaldias_mujeres_anom_nat": -0.008372358187074963, "share_gobernaciones_mujeres_anom_nat": 0.020833333333333315, "share_regidurias_mujeres_anom_nat": -0.0051791143238944515, "share_consejerias_mujeres_anom_nat": -0.09888357256778307, "densidad_liderazgo_femenino_anom_nat": -0.001548163456746696, "brecha_liderazgo_vs_base_mujeres_anom_nat": -0.002470166923277617, "indice_techo_politico_mujeres_anom_nat": -0.012000088022169064, "indice_habilitante_liderazgo_femenino_0_100": 36.45105254264002, "n_componentes_indice_habilitante": 7}}, {"type": "Feature", "geometry": {"type": "Point", "coordinates": [-80.632, -5.194]}, "properties": {"anio": 2024, "dep_cod": "20", "departamento": "Piura", "n_adultos_18_64": 3457, "peso_total_18_64": 1153104.6537990565, "tasa_trabaja_horas_hombre": 0.8916755970166026, "tasa_trabaja_horas_mujer": 0.7059618542149217, "horas_prom_hombre": 42.88135106019871, "horas_prom_mujer": 33.66782465951808, "pobreza_hombre": 0.2802789132154864, "pobreza_mujer": 0.2759551355780024, "ingreso_neto_hogar_hombre": 19058.115392708743, "ingreso_neto_hogar_mujer": 17319.85609788625, "tasa_educ_sup_hombre": 0.27355848977213554, "tasa_educ_sup_mujer": 0.3117993465188151, "tasa_educ_univ_hombre": 0.10675457709160859, "tasa_educ_univ_mujer": 0.14404998638087887, "gap_trabaja_horas_h_m": 0.18571374280168085, "gap_horas_h_m": 9.213526400680628, "gap_pobreza_m_h": -0.004323777637484039, "gap_ingreso_hogar_h_m": 1738.259294822492, "gap_educ_sup_m_h": 0.03824085674667954, "gap_educ_univ_m_h": 0.03729540928927029, "ratio_trabajo_m_h": 0.7917249912153613, "ratio_horas_m_h": 0.7851390832404912, "ratio_ingreso_hogar_m_h": 0.9087916481244774, "ratio_pobreza_m_h": 0.9845733038283911, "ratio_educ_sup_m_h": 1.1397904220721968, "n_mujeres_18_49": 1350, "peso_mujeres_18_49": 455102.54664993274, "share_mujeres_18_49_con_u6": 0.4064360626324254, "prom_ninios_u6_hogar_mujer_18_49": 0.49915034885039994, "share_mujeres_18_49_con_2mas_u6": 0.08547147117323074, "tasa_trabaja_mujer_no_u6": 0.7320689837273797, "tasa_trabaja_mujer_si_u6": 0.632898685248135, "horas_mujer_no_u6": 33.79764995714723, "horas_mujer_si_u6": 30.576081583969437, "pobreza_mujer_no_u6": 0.2306511284482895, "pobreza_mujer_si_u6": 0.37576670145485863, "ingreso_hogar_mujer_no_u6": 17939.655146424757, "ingreso_hogar_mujer_si_u6": 17321.907647510852, "penalidad_maternidad_trabajo": -0.09917029847924475, "penalidad_maternidad_horas": -3.221568373177792, "penalidad_maternidad_pobreza": 0.14511557300656913, "penalidad_maternidad_ingreso": -617.7474989139046, "penalidad_maternidad_trabajo_educ_sup": -0.011883985916062989, "penalidad_maternidad_trabajo_no_educ_sup": -0.14429091260964555, "mitigacion_penalidad_trabajo_por_educ": 0.13240692669358256, "penalidad_maternidad_ingreso_educ_sup": -463.86126808814515, "penalidad_maternidad_ingreso_no_educ_sup": 417.35153754964267, "mitigacion_penalidad_ingreso_por_educ": -881.2128056377878, "tasa_trabaja_horas_mujer_nat": 0.6869561613053373, "tasa_trabaja_horas_hombre_nat": 0.8296203756623115, "gap_trabaja_horas_h_m_nat": 0.14266421435697418, "horas_prom_mujer_nat": 36.76971249535398, "horas_prom_hombre_nat": 43.479105401796836, "gap_horas_h_m_nat": 6.709392906442858, "pobreza_mujer_nat": 0.2442088413385761, "pobreza_hombre_nat": 0.2322337934696795, "gap_pobreza_m_h_nat": 0.011975047868896582, "ingreso_neto_hogar_mujer_nat": 20162.848268682832, "ingreso_neto_hogar_hombre_nat": 21832.45460551848, "gap_ingreso_hogar_h_m_nat": 1669.606336835648, "ratio_trabajo_m_h_nat": 0.8280367520589391, "ratio_horas_m_h_nat": 0.8456869605655322, "ratio_ingreso_hogar_m_h_nat": 0.9235264029169844, "ratio_pobreza_m_h_nat": 1.0515646224004864, "tasa_educ_sup_mujer_nat": 0.35554547204038733, "tasa_educ_sup_hombre_nat": 0.3609912877667579, "gap_educ_sup_m_h_nat": -0.00544581572637054, "ratio_educ_sup_m_h_nat": 0.984914273804056, "tasa_educ_univ_mujer_nat": 0.18929377887655863, "tasa_educ_univ_hombre_nat": 0.19497646645555872, "gap_educ_univ_m_h_nat": -0.00568268757900009, "share_mujeres_18_49_con_u6_nat": 0.3442460002916777, "prom_ninios_u6_hogar_mujer_18_49_nat": 0.4104262384202904, "share_mujeres_18_49_con_2mas_u6_nat": 0.05745832115760747, "penalidad_maternidad_trabajo_nat": -0.06484686036508747, "penalidad_maternidad_horas_nat": -3.772713030425024, "penalidad_maternidad_pobreza_nat": 0.19670889160100563, "penalidad_maternidad_ingreso_nat": -3000.5128128127326, "penalidad_maternidad_trabajo_educ_sup_nat": -0.021282949049555744, "penalidad_maternidad_trabajo_no_educ_sup_nat": -0.08813759642125918, "mitigacion_penalidad_trabajo_por_educ_nat": 0.06685464737170344, "penalidad_maternidad_ingreso_educ_sup_nat": -1865.645079079044, "penalidad_maternidad_ingreso_no_educ_sup_nat": -729.6987528538484, "mitigacion_penalidad_ingreso_por_educ_nat": -1135.9463262251957, "tasa_trabaja_horas_mujer_anom_nat": 0.019005692909584426, "tasa_trabaja_horas_hombre_anom_nat": 0.06205522135429109, "gap_trabaja_horas_h_m_anom_nat": 0.043049528444706664, "horas_prom_mujer_anom_nat": -3.101887835835896, "horas_prom_hombre_anom_nat": -0.5977543415981259, "gap_horas_h_m_anom_nat": 2.50413349423777, "pobreza_mujer_anom_nat": 0.03174629423942629, "pobreza_hombre_anom_nat": 0.04804511974580691, "gap_pobreza_m_h_anom_nat": -0.01629882550638062, "ingreso_neto_hogar_mujer_anom_nat": -2842.9921707965805, "ingreso_neto_hogar_hombre_anom_nat": -2774.3392128097366, "gap_ingreso_hogar_h_m_anom_nat": 68.65295798684383, "ratio_trabajo_m_h_anom_nat": -0.03631176084357779, "ratio_horas_m_h_anom_nat": -0.060547877325040966, "ratio_ingreso_hogar_m_h_anom_nat": -0.014734754792506966, "ratio_pobreza_m_h_anom_nat": -0.06699131857209528, "tasa_educ_sup_mujer_anom_nat": -0.043746125521572254, "tasa_educ_sup_hombre_anom_nat": -0.08743279799462234, "gap_educ_sup_m_h_anom_nat": 0.04368667247305008, "ratio_educ_sup_m_h_anom_nat": 0.15487614826814078, "tasa_educ_univ_mujer_anom_nat": -0.04524379249567975, "tasa_educ_univ_hombre_anom_nat": -0.08822188936395013, "gap_educ_univ_m_h_anom_nat": 0.04297809686827038, "share_mujeres_18_49_con_u6_anom_nat": 0.0621900623407477, "prom_ninios_u6_hogar_mujer_18_49_anom_nat": 0.08872411043010953, "share_mujeres_18_49_con_2mas_u6_anom_nat": 0.028013150015623274, "penalidad_maternidad_trabajo_anom_nat": -0.03432343811415728, "penalidad_maternidad_horas_anom_nat": 0.5511446572472316, "penalidad_maternidad_pobreza_anom_nat": -0.0515933185944365, "penalidad_maternidad_ingreso_anom_nat": 2382.765313898828, "penalidad_maternidad_trabajo_educ_sup_anom_nat": 0.009398963133492755, "penalidad_maternidad_trabajo_no_educ_sup_anom_nat": -0.05615331618838637, "mitigacion_penalidad_trabajo_por_educ_anom_nat": 0.06555227932187913, "penalidad_maternidad_ingreso_educ_sup_anom_nat": 1401.783810990899, "penalidad_maternidad_ingreso_no_educ_sup_anom_nat": 1147.050290403491, "mitigacion_penalidad_ingreso_por_educ_anom_nat": 254.73352058740784, "total_autoridades_electas": 740.0, "n_autoridades_mujeres": 262.0, "n_autoridades_hombres": 478.0, "share_autoridades_mujeres": 0.35405405405405405, "share_autoridades_hombres": 0.6459459459459459, "ratio_autoridades_mujer_hombre": 0.5481171548117155, "share_liderazgo_ejecutivo_mujeres": 0.026785714285714284, "share_alcaldias_mujeres": 0.01818181818181818, "share_gobernaciones_mujeres": 0.5, "share_regidurias_mujeres": 0.423841059602649, "share_consejerias_mujeres": 0.15789473684210525, "densidad_liderazgo_femenino": 0.004054054054054054, "brecha_liderazgo_vs_base_mujeres": -0.32726833976833974, "indice_techo_politico_mujeres": 0.07565430752453653, "share_autoridades_mujeres_nat": 0.4105079075425791, "share_autoridades_hombres_nat": 0.589492092457421, "ratio_autoridades_mujer_hombre_nat": 0.6963755965432735, "share_liderazgo_ejecutivo_mujeres_nat": 0.06504904491481672, "share_alcaldias_mujeres_nat": 0.05452620434092112, "share_gobernaciones_mujeres_nat": 0.4791666666666667, "share_regidurias_mujeres_nat": 0.47733407800428185, "share_consejerias_mujeres_nat": 0.2807017543859649, "densidad_liderazgo_femenino_nat": 0.00958029197080292, "brecha_liderazgo_vs_base_mujeres_nat": -0.3454588626277624, "indice_techo_politico_mujeres_nat": 0.1584599071531153, "share_autoridades_mujeres_anom_nat": -0.05645385348852505, "share_autoridades_hombres_anom_nat": 0.05645385348852494, "ratio_autoridades_mujer_hombre_anom_nat": -0.148258441731558, "share_liderazgo_ejecutivo_mujeres_anom_nat": -0.038263330629102435, "share_alcaldias_mujeres_anom_nat": -0.03634438615910294, "share_gobernaciones_mujeres_anom_nat": 0.020833333333333315, "share_regidurias_mujeres_anom_nat": -0.05349301840163284, "share_consejerias_mujeres_anom_nat": -0.12280701754385964, "densidad_liderazgo_femenino_anom_nat": -0.005526237916748866, "brecha_liderazgo_vs_base_mujeres_anom_nat": 0.01819052285942263, "indice_techo_politico_mujeres_anom_nat": -0.08280559962857878, "indice_habilitante_liderazgo_femenino_0_100": 27.002822983259172, "n_componentes_indice_habilitante": 7}}, {"type": "Feature", "geometry": {"type": "Point", "coordinates": [-70.028, -15.84]}, "properties": {"anio": 2024, "dep_cod": "21", "departamento": "Puno", "n_adultos_18_64": 1967, "peso_total_18_64": 963623.0892422197, "tasa_trabaja_horas_hombre": 0.8029537702942652, "tasa_trabaja_horas_mujer": 0.7576446662264108, "horas_prom_hombre": 41.809605399889755, "horas_prom_mujer": 37.2045638717813, "pobreza_hombre": 0.3203646149319148, "pobreza_mujer": 0.3758556731689287, "ingreso_neto_hogar_hombre": 13206.711002026228, "ingreso_neto_hogar_mujer": 11523.427789929723, "tasa_educ_sup_hombre": 0.36478615248613216, "tasa_educ_sup_mujer": 0.2454479252743849, "tasa_educ_univ_hombre": 0.17251673218247407, "tasa_educ_univ_mujer": 0.14550793892270397, "gap_trabaja_horas_h_m": 0.04530910406785438, "gap_horas_h_m": 4.605041528108451, "gap_pobreza_m_h": 0.05549105823701389, "gap_ingreso_hogar_h_m": 1683.283212096505, "gap_educ_sup_m_h": -0.11933822721174728, "gap_educ_univ_m_h": -0.027008793259770097, "ratio_trabajo_m_h": 0.9435719642349403, "ratio_horas_m_h": 0.8898568526523192, "ratio_ingreso_hogar_m_h": 0.87254334467997, "ratio_pobreza_m_h": 1.1732121952632224, "ratio_educ_sup_m_h": 0.6728542835345591, "n_mujeres_18_49": 679, "peso_mujeres_18_49": 341449.4710423946, "share_mujeres_18_49_con_u6": 0.3042245652357284, "prom_ninios_u6_hogar_mujer_18_49": 0.32565023372563234, "share_mujeres_18_49_con_2mas_u6": 0.02039676914031836, "tasa_trabaja_mujer_no_u6": 0.718985822282566, "tasa_trabaja_mujer_si_u6": 0.717649609407517, "horas_mujer_no_u6": 36.666820471877685, "horas_mujer_si_u6": 36.583546985441856, "pobreza_mujer_no_u6": 0.32652941443146444, "pobreza_mujer_si_u6": 0.5179791284770093, "ingreso_hogar_mujer_no_u6": 13016.944288499133, "ingreso_hogar_mujer_si_u6": 11537.807379918577, "penalidad_maternidad_trabajo": -0.0013362128750490365, "penalidad_maternidad_horas": -0.08327348643582866, "penalidad_maternidad_pobreza": 0.1914497140455449, "penalidad_maternidad_ingreso": -1479.1369085805563, "penalidad_maternidad_trabajo_educ_sup": 0.1779733751653283, "penalidad_maternidad_trabajo_no_educ_sup": -0.06035050041252765, "mitigacion_penalidad_trabajo_por_educ": 0.23832387557785595, "penalidad_maternidad_ingreso_educ_sup": -3951.311261567467, "penalidad_maternidad_ingreso_no_educ_sup": 1466.210547463801, "mitigacion_penalidad_ingreso_por_educ": -5417.521809031268, "tasa_trabaja_horas_mujer_nat": 0.6869561613053373, "tasa_trabaja_horas_hombre_nat": 0.8296203756623115, "gap_trabaja_horas_h_m_nat": 0.14266421435697418, "horas_prom_mujer_nat": 36.76971249535398, "horas_prom_hombre_nat": 43.479105401796836, "gap_horas_h_m_nat": 6.709392906442858, "pobreza_mujer_nat": 0.2442088413385761, "pobreza_hombre_nat": 0.2322337934696795, "gap_pobreza_m_h_nat": 0.011975047868896582, "ingreso_neto_hogar_mujer_nat": 20162.848268682832, "ingreso_neto_hogar_hombre_nat": 21832.45460551848, "gap_ingreso_hogar_h_m_nat": 1669.606336835648, "ratio_trabajo_m_h_nat": 0.8280367520589391, "ratio_horas_m_h_nat": 0.8456869605655322, "ratio_ingreso_hogar_m_h_nat": 0.9235264029169844, "ratio_pobreza_m_h_nat": 1.0515646224004864, "tasa_educ_sup_mujer_nat": 0.35554547204038733, "tasa_educ_sup_hombre_nat": 0.3609912877667579, "gap_educ_sup_m_h_nat": -0.00544581572637054, "ratio_educ_sup_m_h_nat": 0.984914273804056, "tasa_educ_univ_mujer_nat": 0.18929377887655863, "tasa_educ_univ_hombre_nat": 0.19497646645555872, "gap_educ_univ_m_h_nat": -0.00568268757900009, "share_mujeres_18_49_con_u6_nat": 0.3442460002916777, "prom_ninios_u6_hogar_mujer_18_49_nat": 0.4104262384202904, "share_mujeres_18_49_con_2mas_u6_nat": 0.05745832115760747, "penalidad_maternidad_trabajo_nat": -0.06484686036508747, "penalidad_maternidad_horas_nat": -3.772713030425024, "penalidad_maternidad_pobreza_nat": 0.19670889160100563, "penalidad_maternidad_ingreso_nat": -3000.5128128127326, "penalidad_maternidad_trabajo_educ_sup_nat": -0.021282949049555744, "penalidad_maternidad_trabajo_no_educ_sup_nat": -0.08813759642125918, "mitigacion_penalidad_trabajo_por_educ_nat": 0.06685464737170344, "penalidad_maternidad_ingreso_educ_sup_nat": -1865.645079079044, "penalidad_maternidad_ingreso_no_educ_sup_nat": -729.6987528538484, "mitigacion_penalidad_ingreso_por_educ_nat": -1135.9463262251957, "tasa_trabaja_horas_mujer_anom_nat": 0.07068850492107348, "tasa_trabaja_horas_hombre_anom_nat": -0.026666605368046326, "gap_trabaja_horas_h_m_anom_nat": -0.0973551102891198, "horas_prom_mujer_anom_nat": 0.43485137642732496, "horas_prom_hombre_anom_nat": -1.6695000019070818, "gap_horas_h_m_anom_nat": -2.1043513783344068, "pobreza_mujer_anom_nat": 0.1316468318303526, "pobreza_hombre_anom_nat": 0.0881308214622353, "gap_pobreza_m_h_anom_nat": 0.04351601036811731, "ingreso_neto_hogar_mujer_anom_nat": -8639.420478753109, "ingreso_neto_hogar_hombre_anom_nat": -8625.743603492252, "gap_ingreso_hogar_h_m_anom_nat": 13.676875260856832, "ratio_trabajo_m_h_anom_nat": 0.11553521217600116, "ratio_horas_m_h_anom_nat": 0.04416989208678701, "ratio_ingreso_hogar_m_h_anom_nat": -0.050983058237014434, "ratio_pobreza_m_h_anom_nat": 0.12164757286273598, "tasa_educ_sup_mujer_anom_nat": -0.11009754676600245, "tasa_educ_sup_hombre_anom_nat": 0.0037948647193742913, "gap_educ_sup_m_h_anom_nat": -0.11389241148537674, "ratio_educ_sup_m_h_anom_nat": -0.31205999026949693, "tasa_educ_univ_mujer_anom_nat": -0.043785839953854655, "tasa_educ_univ_hombre_anom_nat": -0.022459734273084647, "gap_educ_univ_m_h_anom_nat": -0.021326105680770008, "share_mujeres_18_49_con_u6_anom_nat": -0.040021435055949295, "prom_ninios_u6_hogar_mujer_18_49_anom_nat": -0.08477600469465807, "share_mujeres_18_49_con_2mas_u6_anom_nat": -0.03706155201728911, "penalidad_maternidad_trabajo_anom_nat": 0.06351064749003843, "penalidad_maternidad_horas_anom_nat": 3.689439543989195, "penalidad_maternidad_pobreza_anom_nat": -0.005259177555460737, "penalidad_maternidad_ingreso_anom_nat": 1521.3759042321763, "penalidad_maternidad_trabajo_educ_sup_anom_nat": 0.19925632421488404, "penalidad_maternidad_trabajo_no_educ_sup_anom_nat": 0.027787096008731527, "mitigacion_penalidad_trabajo_por_educ_anom_nat": 0.1714692282061525, "penalidad_maternidad_ingreso_educ_sup_anom_nat": -2085.666182488423, "penalidad_maternidad_ingreso_no_educ_sup_anom_nat": 2195.9093003176495, "mitigacion_penalidad_ingreso_por_educ_anom_nat": -4281.575482806073, "total_autoridades_electas": 535.0, "n_autoridades_mujeres": 212.0, "n_autoridades_hombres": 323.0, "share_autoridades_mujeres": 0.39626168224299063, "share_autoridades_hombres": 0.6037383177570094, "ratio_autoridades_mujer_hombre": 0.6563467492260062, "share_liderazgo_ejecutivo_mujeres": 0.05, "share_alcaldias_mujeres": 0.038461538461538464, "share_gobernaciones_mujeres": 0.5, "share_regidurias_mujeres": 0.4610091743119266, "share_consejerias_mujeres": 0.26666666666666666, "densidad_liderazgo_femenino": 0.007476635514018692, "brecha_liderazgo_vs_base_mujeres": -0.34626168224299064, "indice_techo_politico_mujeres": 0.12617924528301888, "share_autoridades_mujeres_nat": 0.4105079075425791, "share_autoridades_hombres_nat": 0.589492092457421, "ratio_autoridades_mujer_hombre_nat": 0.6963755965432735, "share_liderazgo_ejecutivo_mujeres_nat": 0.06504904491481672, "share_alcaldias_mujeres_nat": 0.05452620434092112, "share_gobernaciones_mujeres_nat": 0.4791666666666667, "share_regidurias_mujeres_nat": 0.47733407800428185, "share_consejerias_mujeres_nat": 0.2807017543859649, "densidad_liderazgo_femenino_nat": 0.00958029197080292, "brecha_liderazgo_vs_base_mujeres_nat": -0.3454588626277624, "indice_techo_politico_mujeres_nat": 0.1584599071531153, "share_autoridades_mujeres_anom_nat": -0.014246225299588466, "share_autoridades_hombres_anom_nat": 0.014246225299588411, "ratio_autoridades_mujer_hombre_anom_nat": -0.0400288473172673, "share_liderazgo_ejecutivo_mujeres_anom_nat": -0.01504904491481672, "share_alcaldias_mujeres_anom_nat": -0.016064665879382656, "share_gobernaciones_mujeres_anom_nat": 0.020833333333333315, "share_regidurias_mujeres_anom_nat": -0.01632490369235523, "share_consejerias_mujeres_anom_nat": -0.014035087719298234, "densidad_liderazgo_femenino_anom_nat": -0.0021036564567842283, "brecha_liderazgo_vs_base_mujeres_anom_nat": -0.0008028196152282674, "indice_techo_politico_mujeres_anom_nat": -0.03228066187009643, "indice_habilitante_liderazgo_femenino_0_100": 36.32568502293704, "n_componentes_indice_habilitante": 7}}, {"type": "Feature", "geometry": {"type": "Point", "coordinates": [-76.371, -6.49]}, "properties": {"anio": 2024, "dep_cod": "22", "departamento": "San Martín", "n_adultos_18_64": 2761, "peso_total_18_64": 558620.6084518434, "tasa_trabaja_horas_hombre": 0.8821651678887517, "tasa_trabaja_horas_mujer": 0.7309619509343869, "horas_prom_hombre": 38.137607125606976, "horas_prom_mujer": 34.43315536258904, "pobreza_hombre": 0.1889668923696031, "pobreza_mujer": 0.1839766788915327, "ingreso_neto_hogar_hombre": 13815.153256932084, "ingreso_neto_hogar_mujer": 12772.465043104456, "tasa_educ_sup_hombre": 0.21892971211039075, "tasa_educ_sup_mujer": 0.24546069927100084, "tasa_educ_univ_hombre": 0.10142056259219318, "tasa_educ_univ_mujer": 0.09799923634437258, "gap_trabaja_horas_h_m": 0.15120321695436478, "gap_horas_h_m": 3.7044517630179357, "gap_pobreza_m_h": -0.004990213478070382, "gap_ingreso_hogar_h_m": 1042.6882138276287, "gap_educ_sup_m_h": 0.026530987160610087, "gap_educ_univ_m_h": -0.0034213262478205997, "ratio_trabajo_m_h": 0.828599878505481, "ratio_horas_m_h": 0.9028661722058952, "ratio_ingreso_hogar_m_h": 0.9245257584598683, "ratio_pobreza_m_h": 0.9735921281474538, "ratio_educ_sup_m_h": 1.1211849543164447, "n_mujeres_18_49": 1060, "peso_mujeres_18_49": 216405.51313781744, "share_mujeres_18_49_con_u6": 0.45475950796701536, "prom_ninios_u6_hogar_mujer_18_49": 0.5348430640869252, "share_mujeres_18_49_con_2mas_u6": 0.06667457163679906, "tasa_trabaja_mujer_no_u6": 0.739940945296995, "tasa_trabaja_mujer_si_u6": 0.7025135793445147, "horas_mujer_no_u6": 35.2287790235778, "horas_mujer_si_u6": 31.921301811980516, "pobreza_mujer_no_u6": 0.1356176572443839, "pobreza_mujer_si_u6": 0.27340317269445796, "ingreso_hogar_mujer_no_u6": 13343.478124715672, "ingreso_hogar_mujer_si_u6": 13231.075904669797, "penalidad_maternidad_trabajo": -0.037427365952480196, "penalidad_maternidad_horas": -3.307477211597284, "penalidad_maternidad_pobreza": 0.13778551545007406, "penalidad_maternidad_ingreso": -112.40222004587486, "penalidad_maternidad_trabajo_educ_sup": -0.06568336305374356, "penalidad_maternidad_trabajo_no_educ_sup": -0.029653578377699108, "mitigacion_penalidad_trabajo_por_educ": -0.03602978467604445, "penalidad_maternidad_ingreso_educ_sup": -887.8571878036164, "penalidad_maternidad_ingreso_no_educ_sup": 1186.9618985871875, "mitigacion_penalidad_ingreso_por_educ": -2074.819086390804, "tasa_trabaja_horas_mujer_nat": 0.6869561613053373, "tasa_trabaja_horas_hombre_nat": 0.8296203756623115, "gap_trabaja_horas_h_m_nat": 0.14266421435697418, "horas_prom_mujer_nat": 36.76971249535398, "horas_prom_hombre_nat": 43.479105401796836, "gap_horas_h_m_nat": 6.709392906442858, "pobreza_mujer_nat": 0.2442088413385761, "pobreza_hombre_nat": 0.2322337934696795, "gap_pobreza_m_h_nat": 0.011975047868896582, "ingreso_neto_hogar_mujer_nat": 20162.848268682832, "ingreso_neto_hogar_hombre_nat": 21832.45460551848, "gap_ingreso_hogar_h_m_nat": 1669.606336835648, "ratio_trabajo_m_h_nat": 0.8280367520589391, "ratio_horas_m_h_nat": 0.8456869605655322, "ratio_ingreso_hogar_m_h_nat": 0.9235264029169844, "ratio_pobreza_m_h_nat": 1.0515646224004864, "tasa_educ_sup_mujer_nat": 0.35554547204038733, "tasa_educ_sup_hombre_nat": 0.3609912877667579, "gap_educ_sup_m_h_nat": -0.00544581572637054, "ratio_educ_sup_m_h_nat": 0.984914273804056, "tasa_educ_univ_mujer_nat": 0.18929377887655863, "tasa_educ_univ_hombre_nat": 0.19497646645555872, "gap_educ_univ_m_h_nat": -0.00568268757900009, "share_mujeres_18_49_con_u6_nat": 0.3442460002916777, "prom_ninios_u6_hogar_mujer_18_49_nat": 0.4104262384202904, "share_mujeres_18_49_con_2mas_u6_nat": 0.05745832115760747, "penalidad_maternidad_trabajo_nat": -0.06484686036508747, "penalidad_maternidad_horas_nat": -3.772713030425024, "penalidad_maternidad_pobreza_nat": 0.19670889160100563, "penalidad_maternidad_ingreso_nat": -3000.5128128127326, "penalidad_maternidad_trabajo_educ_sup_nat": -0.021282949049555744, "penalidad_maternidad_trabajo_no_educ_sup_nat": -0.08813759642125918, "mitigacion_penalidad_trabajo_por_educ_nat": 0.06685464737170344, "penalidad_maternidad_ingreso_educ_sup_nat": -1865.645079079044, "penalidad_maternidad_ingreso_no_educ_sup_nat": -729.6987528538484, "mitigacion_penalidad_ingreso_por_educ_nat": -1135.9463262251957, "tasa_trabaja_horas_mujer_anom_nat": 0.04400578962904955, "tasa_trabaja_horas_hombre_anom_nat": 0.05254479222644015, "gap_trabaja_horas_h_m_anom_nat": 0.0085390025973906, "horas_prom_mujer_anom_nat": -2.3365571327649377, "horas_prom_hombre_anom_nat": -5.34149827618986, "gap_horas_h_m_anom_nat": -3.0049411434249222, "pobreza_mujer_anom_nat": -0.06023216244704338, "pobreza_hombre_anom_nat": -0.043266901100076416, "gap_pobreza_m_h_anom_nat": -0.016965261346966964, "ingreso_neto_hogar_mujer_anom_nat": -7390.383225578376, "ingreso_neto_hogar_hombre_anom_nat": -8017.301348586396, "gap_ingreso_hogar_h_m_anom_nat": -626.9181230080194, "ratio_trabajo_m_h_anom_nat": 0.0005631264465418839, "ratio_horas_m_h_anom_nat": 0.05717921164036299, "ratio_ingreso_hogar_m_h_anom_nat": 0.000999355542883884, "ratio_pobreza_m_h_anom_nat": -0.07797249425303265, "tasa_educ_sup_mujer_anom_nat": -0.1100847727693865, "tasa_educ_sup_hombre_anom_nat": -0.14206157565636712, "gap_educ_sup_m_h_anom_nat": 0.031976802886980626, "ratio_educ_sup_m_h_anom_nat": 0.13627068051238866, "tasa_educ_univ_mujer_anom_nat": -0.09129454253218605, "tasa_educ_univ_hombre_anom_nat": -0.09355590386336554, "gap_educ_univ_m_h_anom_nat": 0.00226136133117949, "share_mujeres_18_49_con_u6_anom_nat": 0.11051350767533769, "prom_ninios_u6_hogar_mujer_18_49_anom_nat": 0.12441682566663476, "share_mujeres_18_49_con_2mas_u6_anom_nat": 0.009216250479191591, "penalidad_maternidad_trabajo_anom_nat": 0.02741949441260727, "penalidad_maternidad_horas_anom_nat": 0.4652358188277397, "penalidad_maternidad_pobreza_anom_nat": -0.05892337615093157, "penalidad_maternidad_ingreso_anom_nat": 2888.1105927668577, "penalidad_maternidad_trabajo_educ_sup_anom_nat": -0.044400414004187816, "penalidad_maternidad_trabajo_no_educ_sup_anom_nat": 0.05848401804356007, "mitigacion_penalidad_trabajo_por_educ_anom_nat": -0.10288443204774789, "penalidad_maternidad_ingreso_educ_sup_anom_nat": 977.7878912754277, "penalidad_maternidad_ingreso_no_educ_sup_anom_nat": 1916.660651441036, "mitigacion_penalidad_ingreso_por_educ_anom_nat": -938.8727601656083, "total_autoridades_electas": 200.0, "n_autoridades_mujeres": 78.0, "n_autoridades_hombres": 122.0, "share_autoridades_mujeres": 0.39, "share_autoridades_hombres": 0.61, "ratio_autoridades_mujer_hombre": 0.639344262295082, "share_liderazgo_ejecutivo_mujeres": 0.1, "share_alcaldias_mujeres": 0.07142857142857142, "share_gobernaciones_mujeres": 0.5, "share_regidurias_mujeres": 0.4620253164556962, "share_consejerias_mujeres": 0.1, "densidad_liderazgo_femenino": 0.015, "brecha_liderazgo_vs_base_mujeres": -0.29000000000000004, "indice_techo_politico_mujeres": 0.25641025641025644, "share_autoridades_mujeres_nat": 0.4105079075425791, "share_autoridades_hombres_nat": 0.589492092457421, "ratio_autoridades_mujer_hombre_nat": 0.6963755965432735, "share_liderazgo_ejecutivo_mujeres_nat": 0.06504904491481672, "share_alcaldias_mujeres_nat": 0.05452620434092112, "share_gobernaciones_mujeres_nat": 0.4791666666666667, "share_regidurias_mujeres_nat": 0.47733407800428185, "share_consejerias_mujeres_nat": 0.2807017543859649, "densidad_liderazgo_femenino_nat": 0.00958029197080292, "brecha_liderazgo_vs_base_mujeres_nat": -0.3454588626277624, "indice_techo_politico_mujeres_nat": 0.1584599071531153, "share_autoridades_mujeres_anom_nat": -0.020507907542579085, "share_autoridades_hombres_anom_nat": 0.02050790754257903, "ratio_autoridades_mujer_hombre_anom_nat": -0.05703133424819151, "share_liderazgo_ejecutivo_mujeres_anom_nat": 0.03495095508518328, "share_alcaldias_mujeres_anom_nat": 0.016902367087650305, "share_gobernaciones_mujeres_anom_nat": 0.020833333333333315, "share_regidurias_mujeres_anom_nat": -0.015308761548585625, "share_consejerias_mujeres_anom_nat": -0.1807017543859649, "densidad_liderazgo_femenino_anom_nat": 0.005419708029197079, "brecha_liderazgo_vs_base_mujeres_anom_nat": 0.05545886262776234, "indice_techo_politico_mujeres_anom_nat": 0.09795034925714113, "indice_habilitante_liderazgo_femenino_0_100": 45.889551736851686, "n_componentes_indice_habilitante": 7}}, {"type": "Feature", "geometry": {"type": "Point", "coordinates": [-70.247, -18.006]}, "properties": {"anio": 2024, "dep_cod": "23", "departamento": "Tacna", "n_adultos_18_64": 2355, "peso_total_18_64": 251203.71112966537, "tasa_trabaja_horas_hombre": 0.7704178618254472, "tasa_trabaja_horas_mujer": 0.6173842239883836, "horas_prom_hombre": 43.32359385403765, "horas_prom_mujer": 38.67735150936945, "pobreza_hombre": 0.1925716649823485, "pobreza_mujer": 0.21626645230345315, "ingreso_neto_hogar_hombre": 20699.773470613087, "ingreso_neto_hogar_mujer": 18805.994956805007, "tasa_educ_sup_hombre": 0.43507456540146483, "tasa_educ_sup_mujer": 0.3169567430924069, "tasa_educ_univ_hombre": 0.25998578540009304, "tasa_educ_univ_mujer": 0.17845918384182546, "gap_trabaja_horas_h_m": 0.1530336378370637, "gap_horas_h_m": 4.646242344668195, "gap_pobreza_m_h": 0.023694787321104638, "gap_ingreso_hogar_h_m": 1893.7785138080799, "gap_educ_sup_m_h": -0.11811782230905793, "gap_educ_univ_m_h": -0.08152660155826758, "ratio_trabajo_m_h": 0.8013628117675491, "ratio_horas_m_h": 0.892754918709608, "ratio_ingreso_hogar_m_h": 0.908512114081991, "ratio_pobreza_m_h": 1.123043996754541, "ratio_educ_sup_m_h": 0.7285113134571203, "n_mujeres_18_49": 880, "peso_mujeres_18_49": 90447.91014528275, "share_mujeres_18_49_con_u6": 0.25816901036913065, "prom_ninios_u6_hogar_mujer_18_49": 0.299422172935619, "share_mujeres_18_49_con_2mas_u6": 0.03779788583688839, "tasa_trabaja_mujer_no_u6": 0.6525782063753319, "tasa_trabaja_mujer_si_u6": 0.43463194997104915, "horas_mujer_no_u6": 39.30041832237583, "horas_mujer_si_u6": 37.69381497046964, "pobreza_mujer_no_u6": 0.1773551396778973, "pobreza_mujer_si_u6": 0.41751547295676367, "ingreso_hogar_mujer_no_u6": 19036.0522664462, "ingreso_hogar_mujer_si_u6": 20215.49041829295, "penalidad_maternidad_trabajo": -0.21794625640428278, "penalidad_maternidad_horas": -1.6066033519061946, "penalidad_maternidad_pobreza": 0.24016033327886638, "penalidad_maternidad_ingreso": 1179.438151846749, "penalidad_maternidad_trabajo_educ_sup": -0.10684623180370001, "penalidad_maternidad_trabajo_no_educ_sup": -0.280132606622377, "mitigacion_penalidad_trabajo_por_educ": 0.17328637481867698, "penalidad_maternidad_ingreso_educ_sup": -6906.868315389293, "penalidad_maternidad_ingreso_no_educ_sup": 5883.280085793631, "mitigacion_penalidad_ingreso_por_educ": -12790.148401182923, "tasa_trabaja_horas_mujer_nat": 0.6869561613053373, "tasa_trabaja_horas_hombre_nat": 0.8296203756623115, "gap_trabaja_horas_h_m_nat": 0.14266421435697418, "horas_prom_mujer_nat": 36.76971249535398, "horas_prom_hombre_nat": 43.479105401796836, "gap_horas_h_m_nat": 6.709392906442858, "pobreza_mujer_nat": 0.2442088413385761, "pobreza_hombre_nat": 0.2322337934696795, "gap_pobreza_m_h_nat": 0.011975047868896582, "ingreso_neto_hogar_mujer_nat": 20162.848268682832, "ingreso_neto_hogar_hombre_nat": 21832.45460551848, "gap_ingreso_hogar_h_m_nat": 1669.606336835648, "ratio_trabajo_m_h_nat": 0.8280367520589391, "ratio_horas_m_h_nat": 0.8456869605655322, "ratio_ingreso_hogar_m_h_nat": 0.9235264029169844, "ratio_pobreza_m_h_nat": 1.0515646224004864, "tasa_educ_sup_mujer_nat": 0.35554547204038733, "tasa_educ_sup_hombre_nat": 0.3609912877667579, "gap_educ_sup_m_h_nat": -0.00544581572637054, "ratio_educ_sup_m_h_nat": 0.984914273804056, "tasa_educ_univ_mujer_nat": 0.18929377887655863, "tasa_educ_univ_hombre_nat": 0.19497646645555872, "gap_educ_univ_m_h_nat": -0.00568268757900009, "share_mujeres_18_49_con_u6_nat": 0.3442460002916777, "prom_ninios_u6_hogar_mujer_18_49_nat": 0.4104262384202904, "share_mujeres_18_49_con_2mas_u6_nat": 0.05745832115760747, "penalidad_maternidad_trabajo_nat": -0.06484686036508747, "penalidad_maternidad_horas_nat": -3.772713030425024, "penalidad_maternidad_pobreza_nat": 0.19670889160100563, "penalidad_maternidad_ingreso_nat": -3000.5128128127326, "penalidad_maternidad_trabajo_educ_sup_nat": -0.021282949049555744, "penalidad_maternidad_trabajo_no_educ_sup_nat": -0.08813759642125918, "mitigacion_penalidad_trabajo_por_educ_nat": 0.06685464737170344, "penalidad_maternidad_ingreso_educ_sup_nat": -1865.645079079044, "penalidad_maternidad_ingreso_no_educ_sup_nat": -729.6987528538484, "mitigacion_penalidad_ingreso_por_educ_nat": -1135.9463262251957, "tasa_trabaja_horas_mujer_anom_nat": -0.06957193731695377, "tasa_trabaja_horas_hombre_anom_nat": -0.05920251383686426, "gap_trabaja_horas_h_m_anom_nat": 0.010369423480089512, "horas_prom_mujer_anom_nat": 1.9076390140154729, "horas_prom_hombre_anom_nat": -0.15551154775918974, "gap_horas_h_m_anom_nat": -2.0631505617746626, "pobreza_mujer_anom_nat": -0.027942389035122944, "pobreza_hombre_anom_nat": -0.039662128487331, "gap_pobreza_m_h_anom_nat": 0.011719739452208056, "ingreso_neto_hogar_mujer_anom_nat": -1356.853311877825, "ingreso_neto_hogar_hombre_anom_nat": -1132.6811349053933, "gap_ingreso_hogar_h_m_anom_nat": 224.17217697243177, "ratio_trabajo_m_h_anom_nat": -0.02667394029139003, "ratio_horas_m_h_anom_nat": 0.04706795814407583, "ratio_ingreso_hogar_m_h_anom_nat": -0.01501428883499345, "ratio_pobreza_m_h_anom_nat": 0.07147937435405449, "tasa_educ_sup_mujer_anom_nat": -0.03858872894798043, "tasa_educ_sup_hombre_anom_nat": 0.07408327763470696, "gap_educ_sup_m_h_anom_nat": -0.11267200658268739, "ratio_educ_sup_m_h_anom_nat": -0.25640296034693577, "tasa_educ_univ_mujer_anom_nat": -0.010834595034733163, "tasa_educ_univ_hombre_anom_nat": 0.06500931894453432, "gap_educ_univ_m_h_anom_nat": -0.07584391397926749, "share_mujeres_18_49_con_u6_anom_nat": -0.08607698992254703, "prom_ninios_u6_hogar_mujer_18_49_anom_nat": -0.1110040654846714, "share_mujeres_18_49_con_2mas_u6_anom_nat": -0.01966043532071908, "penalidad_maternidad_trabajo_anom_nat": -0.1530993960391953, "penalidad_maternidad_horas_anom_nat": 2.166109678518829, "penalidad_maternidad_pobreza_anom_nat": 0.04345144167786075, "penalidad_maternidad_ingreso_anom_nat": 4179.9509646594815, "penalidad_maternidad_trabajo_educ_sup_anom_nat": -0.08556328275414427, "penalidad_maternidad_trabajo_no_educ_sup_anom_nat": -0.1919950102011178, "mitigacion_penalidad_trabajo_por_educ_anom_nat": 0.10643172744697355, "penalidad_maternidad_ingreso_educ_sup_anom_nat": -5041.2232363102485, "penalidad_maternidad_ingreso_no_educ_sup_anom_nat": 6612.978838647479, "mitigacion_penalidad_ingreso_por_educ_anom_nat": -11654.202074957728, "total_autoridades_electas": 99.0, "n_autoridades_mujeres": 39.0, "n_autoridades_hombres": 60.0, "share_autoridades_mujeres": 0.3939393939393939, "share_autoridades_hombres": 0.6060606060606061, "ratio_autoridades_mujer_hombre": 0.65, "share_liderazgo_ejecutivo_mujeres": 0.06666666666666667, "share_alcaldias_mujeres": 0.0, "share_gobernaciones_mujeres": 0.5, "share_regidurias_mujeres": 0.49333333333333335, "share_consejerias_mujeres": 0.0, "densidad_liderazgo_femenino": 0.010101010101010102, "brecha_liderazgo_vs_base_mujeres": -0.32727272727272727, "indice_techo_politico_mujeres": 0.16923076923076924, "share_autoridades_mujeres_nat": 0.4105079075425791, "share_autoridades_hombres_nat": 0.589492092457421, "ratio_autoridades_mujer_hombre_nat": 0.6963755965432735, "share_liderazgo_ejecutivo_mujeres_nat": 0.06504904491481672, "share_alcaldias_mujeres_nat": 0.05452620434092112, "share_gobernaciones_mujeres_nat": 0.4791666666666667, "share_regidurias_mujeres_nat": 0.47733407800428185, "share_consejerias_mujeres_nat": 0.2807017543859649, "densidad_liderazgo_femenino_nat": 0.00958029197080292, "brecha_liderazgo_vs_base_mujeres_nat": -0.3454588626277624, "indice_techo_politico_mujeres_nat": 0.1584599071531153, "share_autoridades_mujeres_anom_nat": -0.016568513603185175, "share_autoridades_hombres_anom_nat": 0.01656851360318512, "ratio_autoridades_mujer_hombre_anom_nat": -0.0463755965432735, "share_liderazgo_ejecutivo_mujeres_anom_nat": 0.001617621751849943, "share_alcaldias_mujeres_anom_nat": -0.05452620434092112, "share_gobernaciones_mujeres_anom_nat": 0.020833333333333315, "share_regidurias_mujeres_anom_nat": 0.0159992553290515, "share_consejerias_mujeres_anom_nat": -0.2807017543859649, "densidad_liderazgo_femenino_anom_nat": 0.0005207181302071817, "brecha_liderazgo_vs_base_mujeres_anom_nat": 0.018186135355035105, "indice_techo_politico_mujeres_anom_nat": 0.010770862077653931, "indice_habilitante_liderazgo_femenino_0_100": 33.72401821731139, "n_componentes_indice_habilitante": 7}}, {"type": "Feature", "geometry": {"type": "Point", "coordinates": [-80.451, -3.566]}, "properties": {"anio": 2024, "dep_cod": "24", "departamento": "Tumbes", "n_adultos_18_64": 1708, "peso_total_18_64": 163836.85091876978, "tasa_trabaja_horas_hombre": 0.823848270995102, "tasa_trabaja_horas_mujer": 0.5820724176721987, "horas_prom_hombre": 44.20712643513559, "horas_prom_mujer": 40.731430088767794, "pobreza_hombre": 0.22684176874479095, "pobreza_mujer": 0.2338730663550669, "ingreso_neto_hogar_hombre": 18345.957338292643, "ingreso_neto_hogar_mujer": 16605.019104632695, "tasa_educ_sup_hombre": 0.29101836414986415, "tasa_educ_sup_mujer": 0.30860726052625576, "tasa_educ_univ_hombre": 0.14182108312979794, "tasa_educ_univ_mujer": 0.1325231881222458, "gap_trabaja_horas_h_m": 0.2417758533229033, "gap_horas_h_m": 3.4756963463677977, "gap_pobreza_m_h": 0.0070312976102759606, "gap_ingreso_hogar_h_m": 1740.9382336599483, "gap_educ_sup_m_h": 0.017588896376391605, "gap_educ_univ_m_h": -0.009297895007552126, "ratio_trabajo_m_h": 0.7065286633048712, "ratio_horas_m_h": 0.9213770125622702, "ratio_ingreso_hogar_m_h": 0.9051050756546691, "ratio_pobreza_m_h": 1.0309964855642901, "ratio_educ_sup_m_h": 1.0604391287394288, "n_mujeres_18_49": 622, "peso_mujeres_18_49": 60607.86516666409, "share_mujeres_18_49_con_u6": 0.3312115315317219, "prom_ninios_u6_hogar_mujer_18_49": 0.40393806018344003, "share_mujeres_18_49_con_2mas_u6": 0.057297941182502136, "tasa_trabaja_mujer_no_u6": 0.5980323892347923, "tasa_trabaja_mujer_si_u6": 0.5169125639721331, "horas_mujer_no_u6": 41.34173134448575, "horas_mujer_si_u6": 40.593967030847686, "pobreza_mujer_no_u6": 0.19179293229426939, "pobreza_mujer_si_u6": 0.40904569329549995, "ingreso_hogar_mujer_no_u6": 17589.647690399488, "ingreso_hogar_mujer_si_u6": 15206.6476002845, "penalidad_maternidad_trabajo": -0.08111982526265915, "penalidad_maternidad_horas": -0.747764313638065, "penalidad_maternidad_pobreza": 0.21725276100123056, "penalidad_maternidad_ingreso": -2383.000090114989, "penalidad_maternidad_trabajo_educ_sup": -0.15719999372786625, "penalidad_maternidad_trabajo_no_educ_sup": -0.04091663421349401, "mitigacion_penalidad_trabajo_por_educ": -0.11628335951437224, "penalidad_maternidad_ingreso_educ_sup": -5747.611794699325, "penalidad_maternidad_ingreso_no_educ_sup": 553.5711684839389, "mitigacion_penalidad_ingreso_por_educ": -6301.182963183264, "tasa_trabaja_horas_mujer_nat": 0.6869561613053373, "tasa_trabaja_horas_hombre_nat": 0.8296203756623115, "gap_trabaja_horas_h_m_nat": 0.14266421435697418, "horas_prom_mujer_nat": 36.76971249535398, "horas_prom_hombre_nat": 43.479105401796836, "gap_horas_h_m_nat": 6.709392906442858, "pobreza_mujer_nat": 0.2442088413385761, "pobreza_hombre_nat": 0.2322337934696795, "gap_pobreza_m_h_nat": 0.011975047868896582, "ingreso_neto_hogar_mujer_nat": 20162.848268682832, "ingreso_neto_hogar_hombre_nat": 21832.45460551848, "gap_ingreso_hogar_h_m_nat": 1669.606336835648, "ratio_trabajo_m_h_nat": 0.8280367520589391, "ratio_horas_m_h_nat": 0.8456869605655322, "ratio_ingreso_hogar_m_h_nat": 0.9235264029169844, "ratio_pobreza_m_h_nat": 1.0515646224004864, "tasa_educ_sup_mujer_nat": 0.35554547204038733, "tasa_educ_sup_hombre_nat": 0.3609912877667579, "gap_educ_sup_m_h_nat": -0.00544581572637054, "ratio_educ_sup_m_h_nat": 0.984914273804056, "tasa_educ_univ_mujer_nat": 0.18929377887655863, "tasa_educ_univ_hombre_nat": 0.19497646645555872, "gap_educ_univ_m_h_nat": -0.00568268757900009, "share_mujeres_18_49_con_u6_nat": 0.3442460002916777, "prom_ninios_u6_hogar_mujer_18_49_nat": 0.4104262384202904, "share_mujeres_18_49_con_2mas_u6_nat": 0.05745832115760747, "penalidad_maternidad_trabajo_nat": -0.06484686036508747, "penalidad_maternidad_horas_nat": -3.772713030425024, "penalidad_maternidad_pobreza_nat": 0.19670889160100563, "penalidad_maternidad_ingreso_nat": -3000.5128128127326, "penalidad_maternidad_trabajo_educ_sup_nat": -0.021282949049555744, "penalidad_maternidad_trabajo_no_educ_sup_nat": -0.08813759642125918, "mitigacion_penalidad_trabajo_por_educ_nat": 0.06685464737170344, "penalidad_maternidad_ingreso_educ_sup_nat": -1865.645079079044, "penalidad_maternidad_ingreso_no_educ_sup_nat": -729.6987528538484, "mitigacion_penalidad_ingreso_por_educ_nat": -1135.9463262251957, "tasa_trabaja_horas_mujer_anom_nat": -0.10488374363313857, "tasa_trabaja_horas_hombre_anom_nat": -0.0057721046672094545, "gap_trabaja_horas_h_m_anom_nat": 0.09911163896592912, "horas_prom_mujer_anom_nat": 3.961717593413816, "horas_prom_hombre_anom_nat": 0.7280210333387558, "gap_horas_h_m_anom_nat": -3.2336965600750602, "pobreza_mujer_anom_nat": -0.010335774983509183, "pobreza_hombre_anom_nat": -0.005392024724888561, "gap_pobreza_m_h_anom_nat": -0.004943750258620622, "ingreso_neto_hogar_mujer_anom_nat": -3557.8291640501375, "ingreso_neto_hogar_hombre_anom_nat": -3486.4972672258373, "gap_ingreso_hogar_h_m_anom_nat": 71.3318968243002, "ratio_trabajo_m_h_anom_nat": -0.12150808875406793, "ratio_horas_m_h_anom_nat": 0.07569005199673806, "ratio_ingreso_hogar_m_h_anom_nat": -0.018421327262315268, "ratio_pobreza_m_h_anom_nat": -0.020568136836196294, "tasa_educ_sup_mujer_anom_nat": -0.04693821151413158, "tasa_educ_sup_hombre_anom_nat": -0.06997292361689372, "gap_educ_sup_m_h_anom_nat": 0.023034712102762145, "ratio_educ_sup_m_h_anom_nat": 0.07552485493537275, "tasa_educ_univ_mujer_anom_nat": -0.056770590754312816, "tasa_educ_univ_hombre_anom_nat": -0.05315538332576078, "gap_educ_univ_m_h_anom_nat": -0.0036152074285520364, "share_mujeres_18_49_con_u6_anom_nat": -0.013034468759955786, "prom_ninios_u6_hogar_mujer_18_49_anom_nat": -0.006488178236850384, "share_mujeres_18_49_con_2mas_u6_anom_nat": -0.00016037997510533197, "penalidad_maternidad_trabajo_anom_nat": -0.016272964897571685, "penalidad_maternidad_horas_anom_nat": 3.024948716786959, "penalidad_maternidad_pobreza_anom_nat": 0.02054386940022493, "penalidad_maternidad_ingreso_anom_nat": 617.5127226977438, "penalidad_maternidad_trabajo_educ_sup_anom_nat": -0.1359170446783105, "penalidad_maternidad_trabajo_no_educ_sup_anom_nat": 0.04722096220776517, "mitigacion_penalidad_trabajo_por_educ_anom_nat": -0.18313800688607568, "penalidad_maternidad_ingreso_educ_sup_anom_nat": -3881.9667156202813, "penalidad_maternidad_ingreso_no_educ_sup_anom_nat": 1283.2699213377873, "mitigacion_penalidad_ingreso_por_educ_anom_nat": -5165.236636958069, "total_autoridades_electas": 87.0, "n_autoridades_mujeres": 33.0, "n_autoridades_hombres": 54.0, "share_autoridades_mujeres": 0.3793103448275862, "share_autoridades_hombres": 0.6206896551724138, "ratio_autoridades_mujer_hombre": 0.6111111111111112, "share_liderazgo_ejecutivo_mujeres": 0.1111111111111111, "share_alcaldias_mujeres": 0.0, "share_gobernaciones_mujeres": 0.5, "share_regidurias_mujeres": 0.4, "share_consejerias_mujeres": 0.3333333333333333, "densidad_liderazgo_femenino": 0.011494252873563218, "brecha_liderazgo_vs_base_mujeres": -0.2681992337164751, "indice_techo_politico_mujeres": 0.29292929292929293, "share_autoridades_mujeres_nat": 0.4105079075425791, "share_autoridades_hombres_nat": 0.589492092457421, "ratio_autoridades_mujer_hombre_nat": 0.6963755965432735, "share_liderazgo_ejecutivo_mujeres_nat": 0.06504904491481672, "share_alcaldias_mujeres_nat": 0.05452620434092112, "share_gobernaciones_mujeres_nat": 0.4791666666666667, "share_regidurias_mujeres_nat": 0.47733407800428185, "share_consejerias_mujeres_nat": 0.2807017543859649, "densidad_liderazgo_femenino_nat": 0.00958029197080292, "brecha_liderazgo_vs_base_mujeres_nat": -0.3454588626277624, "indice_techo_politico_mujeres_nat": 0.1584599071531153, "share_autoridades_mujeres_anom_nat": -0.03119756271499291, "share_autoridades_hombres_anom_nat": 0.031197562714992855, "ratio_autoridades_mujer_hombre_anom_nat": -0.08526448543216236, "share_liderazgo_ejecutivo_mujeres_anom_nat": 0.04606206619629438, "share_alcaldias_mujeres_anom_nat": -0.05452620434092112, "share_gobernaciones_mujeres_anom_nat": 0.020833333333333315, "share_regidurias_mujeres_anom_nat": -0.07733407800428183, "share_consejerias_mujeres_anom_nat": 0.05263157894736842, "densidad_liderazgo_femenino_anom_nat": 0.001913960902760298, "brecha_liderazgo_vs_base_mujeres_anom_nat": 0.07725962891128729, "indice_techo_politico_mujeres_anom_nat": 0.13446938577617762, "indice_habilitante_liderazgo_femenino_0_100": 37.43950571130441, "n_componentes_indice_habilitante": 7}}, {"type": "Feature", "geometry": {"type": "Point", "coordinates": [-74.553, -8.379]}, "properties": {"anio": 2024, "dep_cod": "25", "departamento": "Ucayali", "n_adultos_18_64": 2437, "peso_total_18_64": 323826.4515094757, "tasa_trabaja_horas_hombre": 0.8645592975214982, "tasa_trabaja_horas_mujer": 0.6946657840886081, "horas_prom_hombre": 41.73916289109768, "horas_prom_mujer": 35.910276682972885, "pobreza_hombre": 0.21012490189396035, "pobreza_mujer": 0.21941082645187213, "ingreso_neto_hogar_hombre": 16163.968564681898, "ingreso_neto_hogar_mujer": 14981.900123875104, "tasa_educ_sup_hombre": 0.278738287683624, "tasa_educ_sup_mujer": 0.23939960371385155, "tasa_educ_univ_hombre": 0.11549721722070747, "tasa_educ_univ_mujer": 0.09585519270711503, "gap_trabaja_horas_h_m": 0.16989351343289005, "gap_horas_h_m": 5.828886208124793, "gap_pobreza_m_h": 0.009285924557911773, "gap_ingreso_hogar_h_m": 1182.0684408067937, "gap_educ_sup_m_h": -0.03933868396977247, "gap_educ_univ_m_h": -0.01964202451359244, "ratio_trabajo_m_h": 0.8034911961273941, "ratio_horas_m_h": 0.8603497098556329, "ratio_ingreso_hogar_m_h": 0.9268701596345837, "ratio_pobreza_m_h": 1.044192404014056, "ratio_educ_sup_m_h": 0.8588687463904384, "n_mujeres_18_49": 927, "peso_mujeres_18_49": 125240.21697616576, "share_mujeres_18_49_con_u6": 0.4781252784939867, "prom_ninios_u6_hogar_mujer_18_49": 0.6588510324980762, "share_mujeres_18_49_con_2mas_u6": 0.14747555749289995, "tasa_trabaja_mujer_no_u6": 0.7179443368634185, "tasa_trabaja_mujer_si_u6": 0.6383250627866639, "horas_mujer_no_u6": 38.292470377729344, "horas_mujer_si_u6": 33.03707126824031, "pobreza_mujer_no_u6": 0.1440947661238373, "pobreza_mujer_si_u6": 0.3515290202504498, "ingreso_hogar_mujer_no_u6": 16056.257071725558, "ingreso_hogar_mujer_si_u6": 14586.131771460612, "penalidad_maternidad_trabajo": -0.07961927407675462, "penalidad_maternidad_horas": -5.2553991094890335, "penalidad_maternidad_pobreza": 0.2074342541266125, "penalidad_maternidad_ingreso": -1470.1253002649464, "penalidad_maternidad_trabajo_educ_sup": -0.014005703345402298, "penalidad_maternidad_trabajo_no_educ_sup": -0.08083071870234271, "mitigacion_penalidad_trabajo_por_educ": 0.06682501535694041, "penalidad_maternidad_ingreso_educ_sup": -394.59505170795455, "penalidad_maternidad_ingreso_no_educ_sup": 2.893660611944142, "mitigacion_penalidad_ingreso_por_educ": -397.4887123198987, "tasa_trabaja_horas_mujer_nat": 0.6869561613053373, "tasa_trabaja_horas_hombre_nat": 0.8296203756623115, "gap_trabaja_horas_h_m_nat": 0.14266421435697418, "horas_prom_mujer_nat": 36.76971249535398, "horas_prom_hombre_nat": 43.479105401796836, "gap_horas_h_m_nat": 6.709392906442858, "pobreza_mujer_nat": 0.2442088413385761, "pobreza_hombre_nat": 0.2322337934696795, "gap_pobreza_m_h_nat": 0.011975047868896582, "ingreso_neto_hogar_mujer_nat": 20162.848268682832, "ingreso_neto_hogar_hombre_nat": 21832.45460551848, "gap_ingreso_hogar_h_m_nat": 1669.606336835648, "ratio_trabajo_m_h_nat": 0.8280367520589391, "ratio_horas_m_h_nat": 0.8456869605655322, "ratio_ingreso_hogar_m_h_nat": 0.9235264029169844, "ratio_pobreza_m_h_nat": 1.0515646224004864, "tasa_educ_sup_mujer_nat": 0.35554547204038733, "tasa_educ_sup_hombre_nat": 0.3609912877667579, "gap_educ_sup_m_h_nat": -0.00544581572637054, "ratio_educ_sup_m_h_nat": 0.984914273804056, "tasa_educ_univ_mujer_nat": 0.18929377887655863, "tasa_educ_univ_hombre_nat": 0.19497646645555872, "gap_educ_univ_m_h_nat": -0.00568268757900009, "share_mujeres_18_49_con_u6_nat": 0.3442460002916777, "prom_ninios_u6_hogar_mujer_18_49_nat": 0.4104262384202904, "share_mujeres_18_49_con_2mas_u6_nat": 0.05745832115760747, "penalidad_maternidad_trabajo_nat": -0.06484686036508747, "penalidad_maternidad_horas_nat": -3.772713030425024, "penalidad_maternidad_pobreza_nat": 0.19670889160100563, "penalidad_maternidad_ingreso_nat": -3000.5128128127326, "penalidad_maternidad_trabajo_educ_sup_nat": -0.021282949049555744, "penalidad_maternidad_trabajo_no_educ_sup_nat": -0.08813759642125918, "mitigacion_penalidad_trabajo_por_educ_nat": 0.06685464737170344, "penalidad_maternidad_ingreso_educ_sup_nat": -1865.645079079044, "penalidad_maternidad_ingreso_no_educ_sup_nat": -729.6987528538484, "mitigacion_penalidad_ingreso_por_educ_nat": -1135.9463262251957, "tasa_trabaja_horas_mujer_anom_nat": 0.007709622783270809, "tasa_trabaja_horas_hombre_anom_nat": 0.03493892185918668, "gap_trabaja_horas_h_m_anom_nat": 0.02722929907591587, "horas_prom_mujer_anom_nat": -0.8594358123810935, "horas_prom_hombre_anom_nat": -1.7399425106991586, "gap_horas_h_m_anom_nat": -0.8805066983180652, "pobreza_mujer_anom_nat": -0.024798014886703967, "pobreza_hombre_anom_nat": -0.02210889157571916, "gap_pobreza_m_h_anom_nat": -0.002689123310984809, "ingreso_neto_hogar_mujer_anom_nat": -5180.948144807728, "ingreso_neto_hogar_hombre_anom_nat": -5668.486040836582, "gap_ingreso_hogar_h_m_anom_nat": -487.53789602885445, "ratio_trabajo_m_h_anom_nat": -0.02454555593154506, "ratio_horas_m_h_anom_nat": 0.014662749290100696, "ratio_ingreso_hogar_m_h_anom_nat": 0.0033437567175993443, "ratio_pobreza_m_h_anom_nat": -0.007372218386430429, "tasa_educ_sup_mujer_anom_nat": -0.11614586832653578, "tasa_educ_sup_hombre_anom_nat": -0.08225300008313385, "gap_educ_sup_m_h_anom_nat": -0.03389286824340193, "ratio_educ_sup_m_h_anom_nat": -0.12604552741361763, "tasa_educ_univ_mujer_anom_nat": -0.0934385861694436, "tasa_educ_univ_hombre_anom_nat": -0.07947924923485125, "gap_educ_univ_m_h_anom_nat": -0.01395933693459235, "share_mujeres_18_49_con_u6_anom_nat": 0.13387927820230905, "prom_ninios_u6_hogar_mujer_18_49_anom_nat": 0.24842479407778578, "share_mujeres_18_49_con_2mas_u6_anom_nat": 0.09001723633529249, "penalidad_maternidad_trabajo_anom_nat": -0.014772413711667154, "penalidad_maternidad_horas_anom_nat": -1.4826860790640097, "penalidad_maternidad_pobreza_anom_nat": 0.01072536252560688, "penalidad_maternidad_ingreso_anom_nat": 1530.3875125477862, "penalidad_maternidad_trabajo_educ_sup_anom_nat": 0.0072772457041534455, "penalidad_maternidad_trabajo_no_educ_sup_anom_nat": 0.007306877718916471, "mitigacion_penalidad_trabajo_por_educ_anom_nat": -2.9632014763025794e-05, "penalidad_maternidad_ingreso_educ_sup_anom_nat": 1471.0500273710895, "penalidad_maternidad_ingreso_no_educ_sup_anom_nat": 732.5924134657926, "mitigacion_penalidad_ingreso_por_educ_anom_nat": 738.457613905297, "total_autoridades_electas": 155.0, "n_autoridades_mujeres": 71.0, "n_autoridades_hombres": 84.0, "share_autoridades_mujeres": 0.45806451612903226, "share_autoridades_hombres": 0.5419354838709678, "ratio_autoridades_mujer_hombre": 0.8452380952380952, "share_liderazgo_ejecutivo_mujeres": 0.1, "share_alcaldias_mujeres": 0.10526315789473684, "share_gobernaciones_mujeres": 0.0, "share_regidurias_mujeres": 0.5371900826446281, "share_consejerias_mujeres": 0.18181818181818182, "densidad_liderazgo_femenino": 0.012903225806451613, "brecha_liderazgo_vs_base_mujeres": -0.35806451612903223, "indice_techo_politico_mujeres": 0.2183098591549296, "share_autoridades_mujeres_nat": 0.4105079075425791, "share_autoridades_hombres_nat": 0.589492092457421, "ratio_autoridades_mujer_hombre_nat": 0.6963755965432735, "share_liderazgo_ejecutivo_mujeres_nat": 0.06504904491481672, "share_alcaldias_mujeres_nat": 0.05452620434092112, "share_gobernaciones_mujeres_nat": 0.4791666666666667, "share_regidurias_mujeres_nat": 0.47733407800428185, "share_consejerias_mujeres_nat": 0.2807017543859649, "densidad_liderazgo_femenino_nat": 0.00958029197080292, "brecha_liderazgo_vs_base_mujeres_nat": -0.3454588626277624, "indice_techo_politico_mujeres_nat": 0.1584599071531153, "share_autoridades_mujeres_anom_nat": 0.047556608586453164, "share_autoridades_hombres_anom_nat": -0.047556608586453164, "ratio_autoridades_mujer_hombre_anom_nat": 0.1488624986948217, "share_liderazgo_ejecutivo_mujeres_anom_nat": 0.03495095508518328, "share_alcaldias_mujeres_anom_nat": 0.05073695355381572, "share_gobernaciones_mujeres_anom_nat": -0.4791666666666667, "share_regidurias_mujeres_anom_nat": 0.05985600464034624, "share_consejerias_mujeres_anom_nat": -0.09888357256778307, "densidad_liderazgo_femenino_anom_nat": 0.0033229338356486927, "brecha_liderazgo_vs_base_mujeres_anom_nat": -0.012605653501269853, "indice_techo_politico_mujeres_anom_nat": 0.05984995200181428, "indice_habilitante_liderazgo_femenino_0_100": 50.18952080792227, "n_componentes_indice_habilitante": 7}}, {"type": "Feature", "geometry": {"type": "Point", "coordinates": [-77.528, -9.527]}, "properties": {"anio": 2024, "dep_cod": "02", "departamento": "Áncash", "n_adultos_18_64": 2791, "peso_total_18_64": 738729.4188499455, "tasa_trabaja_horas_hombre": 0.8433142309620568, "tasa_trabaja_horas_mujer": 0.725890378661644, "horas_prom_hombre": 39.58528755032098, "horas_prom_mujer": 31.00192475851678, "pobreza_hombre": 0.16835336293456565, "pobreza_mujer": 0.18915095060090473, "ingreso_neto_hogar_hombre": 18194.925476346216, "ingreso_neto_hogar_mujer": 16711.18273485788, "tasa_educ_sup_hombre": 0.3110969779779009, "tasa_educ_sup_mujer": 0.30889699974922147, "tasa_educ_univ_hombre": 0.1711920580324619, "tasa_educ_univ_mujer": 0.18424359706969057, "gap_trabaja_horas_h_m": 0.11742385230041286, "gap_horas_h_m": 8.583362791804198, "gap_pobreza_m_h": 0.020797587666339074, "gap_ingreso_hogar_h_m": 1483.742741488335, "gap_educ_sup_m_h": -0.0021999782286794556, "gap_educ_univ_m_h": 0.013051539037228665, "ratio_trabajo_m_h": 0.8607590765230474, "ratio_horas_m_h": 0.7831678554591023, "ratio_ingreso_hogar_m_h": 0.9184529365939293, "ratio_pobreza_m_h": 1.1235353265525354, "ratio_educ_sup_m_h": 0.992928320156052, "n_mujeres_18_49": 1019, "peso_mujeres_18_49": 276901.0475025178, "share_mujeres_18_49_con_u6": 0.3815287143487595, "prom_ninios_u6_hogar_mujer_18_49": 0.444745604077174, "share_mujeres_18_49_con_2mas_u6": 0.06089409218158795, "tasa_trabaja_mujer_no_u6": 0.7095391953708118, "tasa_trabaja_mujer_si_u6": 0.6973424627605437, "horas_mujer_no_u6": 33.22084487849921, "horas_mujer_si_u6": 26.546590629511016, "pobreza_mujer_no_u6": 0.16558603173366657, "pobreza_mujer_si_u6": 0.26857631073055815, "ingreso_hogar_mujer_no_u6": 16931.559246610384, "ingreso_hogar_mujer_si_u6": 19209.060923356657, "penalidad_maternidad_trabajo": -0.012196732610268102, "penalidad_maternidad_horas": -6.674254248988191, "penalidad_maternidad_pobreza": 0.10299027899689159, "penalidad_maternidad_ingreso": 2277.501676746273, "penalidad_maternidad_trabajo_educ_sup": 0.05231695070964115, "penalidad_maternidad_trabajo_no_educ_sup": -0.04696874757452307, "mitigacion_penalidad_trabajo_por_educ": 0.09928569828416423, "penalidad_maternidad_ingreso_educ_sup": 11325.783259661857, "penalidad_maternidad_ingreso_no_educ_sup": 1322.7210779401921, "mitigacion_penalidad_ingreso_por_educ": 10003.062181721665, "tasa_trabaja_horas_mujer_nat": 0.6869561613053373, "tasa_trabaja_horas_hombre_nat": 0.8296203756623115, "gap_trabaja_horas_h_m_nat": 0.14266421435697418, "horas_prom_mujer_nat": 36.76971249535398, "horas_prom_hombre_nat": 43.479105401796836, "gap_horas_h_m_nat": 6.709392906442858, "pobreza_mujer_nat": 0.2442088413385761, "pobreza_hombre_nat": 0.2322337934696795, "gap_pobreza_m_h_nat": 0.011975047868896582, "ingreso_neto_hogar_mujer_nat": 20162.848268682832, "ingreso_neto_hogar_hombre_nat": 21832.45460551848, "gap_ingreso_hogar_h_m_nat": 1669.606336835648, "ratio_trabajo_m_h_nat": 0.8280367520589391, "ratio_horas_m_h_nat": 0.8456869605655322, "ratio_ingreso_hogar_m_h_nat": 0.9235264029169844, "ratio_pobreza_m_h_nat": 1.0515646224004864, "tasa_educ_sup_mujer_nat": 0.35554547204038733, "tasa_educ_sup_hombre_nat": 0.3609912877667579, "gap_educ_sup_m_h_nat": -0.00544581572637054, "ratio_educ_sup_m_h_nat": 0.984914273804056, "tasa_educ_univ_mujer_nat": 0.18929377887655863, "tasa_educ_univ_hombre_nat": 0.19497646645555872, "gap_educ_univ_m_h_nat": -0.00568268757900009, "share_mujeres_18_49_con_u6_nat": 0.3442460002916777, "prom_ninios_u6_hogar_mujer_18_49_nat": 0.4104262384202904, "share_mujeres_18_49_con_2mas_u6_nat": 0.05745832115760747, "penalidad_maternidad_trabajo_nat": -0.06484686036508747, "penalidad_maternidad_horas_nat": -3.772713030425024, "penalidad_maternidad_pobreza_nat": 0.19670889160100563, "penalidad_maternidad_ingreso_nat": -3000.5128128127326, "penalidad_maternidad_trabajo_educ_sup_nat": -0.021282949049555744, "penalidad_maternidad_trabajo_no_educ_sup_nat": -0.08813759642125918, "mitigacion_penalidad_trabajo_por_educ_nat": 0.06685464737170344, "penalidad_maternidad_ingreso_educ_sup_nat": -1865.645079079044, "penalidad_maternidad_ingreso_no_educ_sup_nat": -729.6987528538484, "mitigacion_penalidad_ingreso_por_educ_nat": -1135.9463262251957, "tasa_trabaja_horas_mujer_anom_nat": 0.038934217356306644, "tasa_trabaja_horas_hombre_anom_nat": 0.013693855299745317, "gap_trabaja_horas_h_m_anom_nat": -0.025240362056561327, "horas_prom_mujer_anom_nat": -5.7677877368371995, "horas_prom_hombre_anom_nat": -3.893817851475859, "gap_horas_h_m_anom_nat": 1.8739698853613405, "pobreza_mujer_anom_nat": -0.05505789073767137, "pobreza_hombre_anom_nat": -0.06388043053511386, "gap_pobreza_m_h_anom_nat": 0.008822539797442491, "ingreso_neto_hogar_mujer_anom_nat": -3451.665533824951, "ingreso_neto_hogar_hombre_anom_nat": -3637.529129172264, "gap_ingreso_hogar_h_m_anom_nat": -185.8635953473131, "ratio_trabajo_m_h_anom_nat": 0.03272232446410828, "ratio_horas_m_h_anom_nat": -0.06251910510642988, "ratio_ingreso_hogar_m_h_anom_nat": -0.005073466323055054, "ratio_pobreza_m_h_anom_nat": 0.07197070415204898, "tasa_educ_sup_mujer_anom_nat": -0.046648472291165866, "tasa_educ_sup_hombre_anom_nat": -0.04989430978885695, "gap_educ_sup_m_h_anom_nat": 0.003245837497691084, "ratio_educ_sup_m_h_anom_nat": 0.008014046351995985, "tasa_educ_univ_mujer_anom_nat": -0.005050181806868059, "tasa_educ_univ_hombre_anom_nat": -0.023784408423096814, "gap_educ_univ_m_h_anom_nat": 0.018734226616228755, "share_mujeres_18_49_con_u6_anom_nat": 0.037282714057081834, "prom_ninios_u6_hogar_mujer_18_49_anom_nat": 0.034319365656883594, "share_mujeres_18_49_con_2mas_u6_anom_nat": 0.0034357710239804815, "penalidad_maternidad_trabajo_anom_nat": 0.052650127754819365, "penalidad_maternidad_horas_anom_nat": -2.9015412185631675, "penalidad_maternidad_pobreza_anom_nat": -0.09371861260411404, "penalidad_maternidad_ingreso_anom_nat": 5278.014489559006, "penalidad_maternidad_trabajo_educ_sup_anom_nat": 0.0735998997591969, "penalidad_maternidad_trabajo_no_educ_sup_anom_nat": 0.041168848846736106, "mitigacion_penalidad_trabajo_por_educ_anom_nat": 0.03243105091246079, "penalidad_maternidad_ingreso_educ_sup_anom_nat": 13191.428338740901, "penalidad_maternidad_ingreso_no_educ_sup_anom_nat": 2052.4198307940405, "mitigacion_penalidad_ingreso_por_educ_anom_nat": 11139.00850794686, "total_autoridades_electas": 1078.0, "n_autoridades_mujeres": 472.0, "n_autoridades_hombres": 606.0, "share_autoridades_mujeres": 0.437847866419295, "share_autoridades_hombres": 0.562152133580705, "ratio_autoridades_mujer_hombre": 0.7788778877887789, "share_liderazgo_ejecutivo_mujeres": 0.05357142857142857, "share_alcaldias_mujeres": 0.04819277108433735, "share_gobernaciones_mujeres": 0.5, "share_regidurias_mujeres": 0.5170454545454546, "share_consejerias_mujeres": 0.2, "densidad_liderazgo_femenino": 0.008348794063079777, "brecha_liderazgo_vs_base_mujeres": -0.38427643784786647, "indice_techo_politico_mujeres": 0.12235169491525422, "share_autoridades_mujeres_nat": 0.4105079075425791, "share_autoridades_hombres_nat": 0.589492092457421, "ratio_autoridades_mujer_hombre_nat": 0.6963755965432735, "share_liderazgo_ejecutivo_mujeres_nat": 0.06504904491481672, "share_alcaldias_mujeres_nat": 0.05452620434092112, "share_gobernaciones_mujeres_nat": 0.4791666666666667, "share_regidurias_mujeres_nat": 0.47733407800428185, "share_consejerias_mujeres_nat": 0.2807017543859649, "densidad_liderazgo_femenino_nat": 0.00958029197080292, "brecha_liderazgo_vs_base_mujeres_nat": -0.3454588626277624, "indice_techo_politico_mujeres_nat": 0.1584599071531153, "share_autoridades_mujeres_anom_nat": 0.02733995887671592, "share_autoridades_hombres_anom_nat": -0.02733995887671592, "ratio_autoridades_mujer_hombre_anom_nat": 0.08250229124550534, "share_liderazgo_ejecutivo_mujeres_anom_nat": -0.011477616343388154, "share_alcaldias_mujeres_anom_nat": -0.0063334332565837675, "share_gobernaciones_mujeres_anom_nat": 0.020833333333333315, "share_regidurias_mujeres_anom_nat": 0.03971137654117274, "share_consejerias_mujeres_anom_nat": -0.08070175438596489, "densidad_liderazgo_femenino_anom_nat": -0.001231497907723143, "brecha_liderazgo_vs_base_mujeres_anom_nat": -0.038817575220104095, "indice_techo_politico_mujeres_anom_nat": -0.03610821223786109, "indice_habilitante_liderazgo_femenino_0_100": 53.533222292325476, "n_componentes_indice_habilitante": 7}}]}