anio,dep_cod,departamento,total_autoridades_electas,n_autoridades_mujeres,n_autoridades_hombres,share_autoridades_mujeres,share_autoridades_hombres,ratio_autoridades_mujer_hombre,share_liderazgo_ejecutivo_mujeres,share_alcaldias_mujeres,share_gobernaciones_mujeres,share_regidurias_mujeres,share_consejerias_mujeres,densidad_liderazgo_femenino,brecha_liderazgo_vs_base_mujeres,indice_techo_politico_mujeres,lat,lon,share_autoridades_mujeres_nat,share_autoridades_hombres_nat,ratio_autoridades_mujer_hombre_nat,share_liderazgo_ejecutivo_mujeres_nat,share_alcaldias_mujeres_nat,share_gobernaciones_mujeres_nat,share_regidurias_mujeres_nat,share_consejerias_mujeres_nat,densidad_liderazgo_femenino_nat,brecha_liderazgo_vs_base_mujeres_nat,indice_techo_politico_mujeres_nat,share_autoridades_mujeres_anom_nat,share_autoridades_hombres_anom_nat,ratio_autoridades_mujer_hombre_anom_nat,share_liderazgo_ejecutivo_mujeres_anom_nat,share_alcaldias_mujeres_anom_nat,share_gobernaciones_mujeres_anom_nat,share_regidurias_mujeres_anom_nat,share_consejerias_mujeres_anom_nat,densidad_liderazgo_femenino_anom_nat,brecha_liderazgo_vs_base_mujeres_anom_nat,indice_techo_politico_mujeres_anom_nat
2015,01,Amazonas,543,135,408,0.24861878453038674,0.7513812154696132,0.33088235294117646,0.047619047619047616,0.047619047619047616,,0.28348214285714285,0.4444444444444444,0.007366482504604052,-0.20099973691133913,0.19153439153439153,-6.231,-77.869,0.24576929048284427,0.7542307095171558,0.32585426101276244,0.028830752802989856,0.028830752802989856,,0.2848853532990173,0.22992700729927007,0.004191895668374476,-0.2169385376798544,0.11730819886548179,0.002849494047542478,-0.0028494940475425334,0.005028091928414025,0.01878829481605776,0.01878829481605776,,-0.0014032104418744695,0.21451743714517435,0.003174586836229576,0.015938800768515282,0.07422619266890974
2015,03,Apurímac,541,116,425,0.2144177449168207,0.7855822550831792,0.27294117647058824,0.047619047619047616,0.047619047619047616,,0.24887892376681614,0.1111111111111111,0.0073937153419593345,-0.16679869729777308,0.22208538587848933,-13.637,-72.879,0.24576929048284427,0.7542307095171558,0.32585426101276244,0.028830752802989856,0.028830752802989856,,0.2848853532990173,0.22992700729927007,0.004191895668374476,-0.2169385376798544,0.11730819886548179,-0.03135154556602357,0.031351545566023487,-0.052913084542174194,0.01878829481605776,0.01878829481605776,,-0.03600642953220118,-0.11881589618815896,0.0032018196735848587,0.05013984038208133,0.10477718701300755
2015,04,Arequipa,736,196,540,0.266304347826087,0.7336956521739131,0.362962962962963,0.03669724770642202,0.03669724770642202,,0.3073170731707317,0.2,0.005434782608695652,-0.22960710011966495,0.1378019097547276,-16.398,-71.536,0.24576929048284427,0.7542307095171558,0.32585426101276244,0.028830752802989856,0.028830752802989856,,0.2848853532990173,0.22992700729927007,0.004191895668374476,-0.2169385376798544,0.11730819886548179,0.020535057343242707,-0.02053505734324268,0.03710870195020055,0.007866494903432164,0.007866494903432164,,0.022431719871714384,-0.02992700729927006,0.0012428869403211763,-0.012668562439810543,0.0204937108892458
2015,05,Ayacucho,756,168,588,0.2222222222222222,0.7777777777777778,0.2857142857142857,0.0,0.0,,0.2640901771336554,0.2857142857142857,0.0,-0.2222222222222222,0.0,-13.163,-74.224,0.24576929048284427,0.7542307095171558,0.32585426101276244,0.028830752802989856,0.028830752802989856,,0.2848853532990173,0.22992700729927007,0.004191895668374476,-0.2169385376798544,0.11730819886548179,-0.023547068260622056,0.02354706826062203,-0.04013997529847674,-0.028830752802989856,-0.028830752802989856,,-0.020795176165361917,0.05578727841501563,-0.004191895668374476,-0.0052836845423678,-0.11730819886548179
2015,06,Cajamarca,842,181,661,0.21496437054631828,0.7850356294536817,0.27382753403933435,0.015748031496062992,0.015748031496062992,,0.2539454806312769,0.125,0.0023752969121140144,-0.1992163390502553,0.07325879845129855,-7.161,-78.512,0.24576929048284427,0.7542307095171558,0.32585426101276244,0.028830752802989856,0.028830752802989856,,0.2848853532990173,0.22992700729927007,0.004191895668374476,-0.2169385376798544,0.11730819886548179,-0.030804919936525982,0.0308049199365259,-0.052026726973428084,-0.013082721306926864,-0.013082721306926864,,-0.030939872667740398,-0.10492700729927007,-0.0018165987562604614,0.017722198629599117,-0.04404940041418323
2015,07,Callao,763,161,602,0.21100917431192662,0.7889908256880734,0.26744186046511625,0.008928571428571428,0.008928571428571428,,0.24367088607594936,0.29411764705882354,0.001310615989515072,-0.2020806028833552,0.04231366459627329,-12.05,-77.118,0.24576929048284427,0.7542307095171558,0.32585426101276244,0.028830752802989856,0.028830752802989856,,0.2848853532990173,0.22992700729927007,0.004191895668374476,-0.2169385376798544,0.11730819886548179,-0.03476011617091765,0.034760116170917676,-0.05841240054764618,-0.019902181374418428,-0.019902181374418428,,-0.04121446722306796,0.06419063975955347,-0.0028812796788594036,0.014857934796499217,-0.07499453426920849
2015,08,Cusco,639,133,506,0.2081377151799687,0.7918622848200313,0.2628458498023715,0.02,0.02,,0.24053030303030304,0.4444444444444444,0.003129890453834116,-0.18813771517996872,0.09609022556390977,-13.532,-71.967,0.24576929048284427,0.7542307095171558,0.32585426101276244,0.028830752802989856,0.028830752802989856,,0.2848853532990173,0.22992700729927007,0.004191895668374476,-0.2169385376798544,0.11730819886548179,-0.03763157530287556,0.03763157530287553,-0.06300841121039091,-0.008830752802989856,-0.008830752802989856,,-0.04435505026871428,0.21451743714517435,-0.0010620052145403599,0.028800822499885692,-0.02121797330157202
2015,09,Huancavelica,566,126,440,0.2226148409893993,0.7773851590106007,0.2863636363636364,0.060240963855421686,0.060240963855421686,,0.24839400428265523,0.2857142857142857,0.0088339222614841,-0.1623738771339776,0.27060623446165616,-12.786,-74.973,0.24576929048284427,0.7542307095171558,0.32585426101276244,0.028830752802989856,0.028830752802989856,,0.2848853532990173,0.22992700729927007,0.004191895668374476,-0.2169385376798544,0.11730819886548179,-0.023154449493444973,0.023154449493444917,-0.03949062464912606,0.03141021105243183,0.03141021105243183,,-0.036491349016362085,0.05578727841501563,0.0046420265931096235,0.0545646605458768,0.1532980355961744
2015,10,Huánuco,309,95,214,0.3074433656957929,0.6925566343042071,0.4439252336448598,0.046511627906976744,0.046511627906976744,,0.35294117647058826,0.3333333333333333,0.006472491909385114,-0.2609317377888162,0.15128518971848223,-9.93,-76.242,0.24576929048284427,0.7542307095171558,0.32585426101276244,0.028830752802989856,0.028830752802989856,,0.2848853532990173,0.22992700729927007,0.004191895668374476,-0.2169385376798544,0.11730819886548179,0.061674075212948626,-0.061674075212948654,0.11807097263209737,0.017680875103986887,0.017680875103986887,,0.06805582317157094,0.10340632603406325,0.002280596241010638,-0.043993200108961766,0.03397699085300045
2015,11,Ica,835,220,615,0.2634730538922156,0.7365269461077845,0.35772357723577236,0.03225806451612903,0.03225806451612903,,0.30515759312320917,0.2727272727272727,0.004790419161676647,-0.23121498937608656,0.1224340175953079,-14.068,-75.729,0.24576929048284427,0.7542307095171558,0.32585426101276244,0.028830752802989856,0.028830752802989856,,0.2848853532990173,0.22992700729927007,0.004191895668374476,-0.2169385376798544,0.11730819886548179,0.017703763409371326,-0.017703763409371298,0.031869316223009925,0.003427311713139175,0.003427311713139175,,0.02027223982419185,0.04280026542800264,0.0005985234933021709,-0.01427645169623215,0.00512581872982612
2015,12,Junín,604,150,454,0.24834437086092714,0.7516556291390728,0.3303964757709251,0.012048192771084338,0.012048192771084338,,0.29191321499013806,0.08333333333333333,0.0016556291390728477,-0.2362961780898428,0.048514056224899606,-12.066,-75.204,0.24576929048284427,0.7542307095171558,0.32585426101276244,0.028830752802989856,0.028830752802989856,,0.2848853532990173,0.22992700729927007,0.004191895668374476,-0.2169385376798544,0.11730819886548179,0.002575080378082878,-0.002575080378082961,0.004542214758162688,-0.01678256003190552,-0.01678256003190552,,0.00702786169112074,-0.14659367396593675,-0.0025362665293016283,-0.019357640409988386,-0.06879414264058217
2015,13,La Libertad,283,70,213,0.24734982332155478,0.7526501766784452,0.3286384976525822,0.0,0.0,,0.2923728813559322,0.14285714285714285,0.0,-0.24734982332155478,0.0,-8.115,-79.029,0.24576929048284427,0.7542307095171558,0.32585426101276244,0.028830752802989856,0.028830752802989856,,0.2848853532990173,0.22992700729927007,0.004191895668374476,-0.2169385376798544,0.11730819886548179,0.0015805328387105133,-0.0015805328387105133,0.0027842366398197482,-0.028830752802989856,-0.028830752802989856,,0.007487528056914883,-0.08706986444212722,-0.004191895668374476,-0.03041128564170037,-0.11730819886548179
2015,14,Lambayeque,1325,405,920,0.30566037735849055,0.6943396226415094,0.44021739130434784,0.06432748538011696,0.06432748538011696,,0.3447069116360455,0.0,0.00830188679245283,-0.2413328919783736,0.21045411883618512,-6.772,-79.84,0.24576929048284427,0.7542307095171558,0.32585426101276244,0.028830752802989856,0.028830752802989856,,0.2848853532990173,0.22992700729927007,0.004191895668374476,-0.2169385376798544,0.11730819886548179,0.05989108687564629,-0.05989108687564637,0.1143631302915854,0.0354967325771271,0.0354967325771271,,0.05982155833702818,-0.22992700729927007,0.004109991124078355,-0.02439435429851919,0.09314591997070333
2015,15,Lima,387,110,277,0.2842377260981912,0.7157622739018088,0.3971119133574007,0.07407407407407407,0.07407407407407407,,0.325,0.18181818181818182,0.0103359173126615,-0.21016365202411713,0.2606060606060606,-12.046,-77.043,0.24576929048284427,0.7542307095171558,0.32585426101276244,0.028830752802989856,0.028830752802989856,,0.2848853532990173,0.22992700729927007,0.004191895668374476,-0.2169385376798544,0.11730819886548179,0.038468435615346935,-0.03846843561534696,0.07125765234463827,0.045243321271084214,0.045243321271084214,,0.04011464670098269,-0.048108825481088247,0.006144021644287023,0.006774885655737278,0.14329786174057885
2015,16,Loreto,81,23,58,0.2839506172839506,0.7160493827160493,0.39655172413793105,0.0,0.0,,0.3220338983050847,0.3333333333333333,0.0,-0.2839506172839506,0.0,-3.749,-73.253,0.24576929048284427,0.7542307095171558,0.32585426101276244,0.028830752802989856,0.028830752802989856,,0.2848853532990173,0.22992700729927007,0.004191895668374476,-0.2169385376798544,0.11730819886548179,0.038181326801106336,-0.03818132680110642,0.07069746312516861,-0.028830752802989856,-0.028830752802989856,,0.0371485450060674,0.10340632603406325,-0.004191895668374476,-0.06701207960409619,-0.11730819886548179
2015,17,Madre de Dios,141,36,105,0.2553191489361702,0.7446808510638298,0.34285714285714286,0.05,0.05,,0.2909090909090909,0.3333333333333333,0.0070921985815602835,-0.2053191489361702,0.19583333333333336,-12.593,-69.189,0.24576929048284427,0.7542307095171558,0.32585426101276244,0.028830752802989856,0.028830752802989856,,0.2848853532990173,0.22992700729927007,0.004191895668374476,-0.2169385376798544,0.11730819886548179,0.009549858453325927,-0.00954985845332601,0.017002881844380424,0.021169247197010146,0.021169247197010146,,0.006023737610073576,0.10340632603406325,0.002900302913185808,0.011619388743684206,0.07852513446785157
2015,18,Moquegua,201,46,155,0.22885572139303484,0.7711442786069652,0.2967741935483871,0.034482758620689655,0.034482758620689655,,0.2608695652173913,0.3333333333333333,0.004975124378109453,-0.19437296277234517,0.15067466266866567,-17.194,-70.934,0.24576929048284427,0.7542307095171558,0.32585426101276244,0.028830752802989856,0.028830752802989856,,0.2848853532990173,0.22992700729927007,0.004191895668374476,-0.2169385376798544,0.11730819886548179,-0.016913569089809427,0.016913569089809455,-0.02908006746437536,0.005652005817699798,0.005652005817699798,,-0.02401578808162602,0.10340632603406325,0.0007832287097349769,0.02256557490750924,0.03336646380318388
2015,19,Pasco,488,122,366,0.25,0.75,0.3333333333333333,0.0,0.0,,0.29055690072639223,0.25,0.0,-0.25,0.0,-10.686,-76.262,0.24576929048284427,0.7542307095171558,0.32585426101276244,0.028830752802989856,0.028830752802989856,,0.2848853532990173,0.22992700729927007,0.004191895668374476,-0.2169385376798544,0.11730819886548179,0.004230709517155734,-0.004230709517155762,0.007479072320570879,-0.028830752802989856,-0.028830752802989856,,0.005671547427374912,0.02007299270072993,-0.004191895668374476,-0.03306146232014559,-0.11730819886548179
2015,20,Piura,734,149,585,0.20299727520435967,0.7970027247956403,0.2547008547008547,0.0,0.0,,0.24217462932454695,0.125,0.0,-0.20299727520435967,0.0,-5.194,-80.632,0.24576929048284427,0.7542307095171558,0.32585426101276244,0.028830752802989856,0.028830752802989856,,0.2848853532990173,0.22992700729927007,0.004191895668374476,-0.2169385376798544,0.11730819886548179,-0.04277201527848459,0.04277201527848451,-0.07115340631190775,-0.028830752802989856,-0.028830752802989856,,-0.04271072397447037,-0.10492700729927007,-0.004191895668374476,0.013941262475494737,-0.11730819886548179
2015,21,Puno,524,128,396,0.24427480916030533,0.7557251908396947,0.32323232323232326,0.03896103896103896,0.03896103896103896,,0.279445727482679,0.3333333333333333,0.0057251908396946565,-0.2053137701992664,0.15949675324675325,-15.84,-70.028,0.24576929048284427,0.7542307095171558,0.32585426101276244,0.028830752802989856,0.028830752802989856,,0.2848853532990173,0.22992700729927007,0.004191895668374476,-0.2169385376798544,0.11730819886548179,-0.001494481322538932,0.001494481322538932,-0.0026219377804391764,0.010130286158049104,0.010130286158049104,,-0.005439625816338334,0.10340632603406325,0.0015332951713201808,0.011624767480588022,0.04218855438127146
2015,22,San Martín,195,47,148,0.24102564102564103,0.7589743589743589,0.31756756756756754,0.0,0.0,,0.2974683544303797,0.0,0.0,-0.24102564102564103,0.0,-6.49,-76.371,0.24576929048284427,0.7542307095171558,0.32585426101276244,0.028830752802989856,0.028830752802989856,,0.2848853532990173,0.22992700729927007,0.004191895668374476,-0.2169385376798544,0.11730819886548179,-0.004743649457203236,0.004743649457203181,-0.008286693445194893,-0.028830752802989856,-0.028830752802989856,,0.012583001131362404,-0.22992700729927007,-0.004191895668374476,-0.02408710334578662,-0.11730819886548179
2015,23,Tacna,97,25,72,0.25773195876288657,0.7422680412371134,0.3472222222222222,0.0,0.0,,0.28,0.42857142857142855,0.0,-0.25773195876288657,0.0,-18.006,-70.247,0.24576929048284427,0.7542307095171558,0.32585426101276244,0.028830752802989856,0.028830752802989856,,0.2848853532990173,0.22992700729927007,0.004191895668374476,-0.2169385376798544,0.11730819886548179,0.011962668280042305,-0.011962668280042332,0.021367961209459774,-0.028830752802989856,-0.028830752802989856,,-0.004885353299017292,0.19864442127215848,-0.004191895668374476,-0.04079342108303216,-0.11730819886548179
2015,24,Tumbes,83,22,61,0.26506024096385544,0.7349397590361446,0.36065573770491804,0.14285714285714285,0.14285714285714285,,0.2835820895522388,0.2857142857142857,0.012048192771084338,-0.1222030981067126,0.5389610389610389,-3.566,-80.451,0.24576929048284427,0.7542307095171558,0.32585426101276244,0.028830752802989856,0.028830752802989856,,0.2848853532990173,0.22992700729927007,0.004191895668374476,-0.2169385376798544,0.11730819886548179,0.019290950481011176,-0.01929095048101115,0.03480147669215561,0.11402639005415299,0.11402639005415299,,-0.0013032637467785269,0.05578727841501563,0.007856297102709863,0.09473543957314182,0.4216528400955571
2015,25,Ucayali,137,32,105,0.23357664233576642,0.7664233576642335,0.3047619047619048,0.0,0.0,,0.27522935779816515,0.2222222222222222,0.0,-0.23357664233576642,0.0,-8.379,-74.553,0.24576929048284427,0.7542307095171558,0.32585426101276244,0.028830752802989856,0.028830752802989856,,0.2848853532990173,0.22992700729927007,0.004191895668374476,-0.2169385376798544,0.11730819886548179,-0.01219264814707785,0.012192648147077767,-0.021092356250857647,-0.028830752802989856,-0.028830752802989856,,-0.009655995500852166,-0.00770478507704786,-0.004191895668374476,-0.016638104655912006,-0.11730819886548179
2015,02,Áncash,1072,270,802,0.251865671641791,0.7481343283582089,0.33665835411471323,0.024096385542168676,0.024096385542168676,,0.2988636363636364,0.125,0.0037313432835820895,-0.22776928609962235,0.09567157518964749,-9.527,-77.528,0.24576929048284427,0.7542307095171558,0.32585426101276244,0.028830752802989856,0.028830752802989856,,0.2848853532990173,0.22992700729927007,0.004191895668374476,-0.2169385376798544,0.11730819886548179,0.0060963811589467565,-0.00609638115894684,0.010804093101950796,-0.00473436726082118,-0.00473436726082118,,0.013978283064619068,-0.10492700729927007,-0.00046055238479238625,-0.010830748419767944,-0.0216366236758343
2016,01,Amazonas,545,136,409,0.24954128440366974,0.7504587155963303,0.33251833740831294,0.047619047619047616,0.047619047619047616,,0.28348214285714285,0.4444444444444444,0.007339449541284404,-0.20192223678462212,0.19082633053221287,-6.231,-77.869,0.2460085968682837,0.7539914031317163,0.32627506871627815,0.028830752802989856,0.028830752802989856,,0.2848853532990173,0.22992700729927007,0.004144918636782315,-0.21717784406529383,0.11719408658887734,0.0035326875353860476,-0.0035326875353860476,0.006243268692034787,0.01878829481605776,0.01878829481605776,,-0.0014032104418744695,0.21451743714517435,0.003194530904502089,0.015255607280671712,0.07363224394333553
2016,03,Apurímac,543,116,427,0.2136279926335175,0.7863720073664825,0.2716627634660422,0.047619047619047616,0.047619047619047616,,0.24887892376681614,0.1111111111111111,0.007366482504604052,-0.1660089450144699,0.22290640394088668,-13.637,-72.879,0.2460085968682837,0.7539914031317163,0.32627506871627815,0.028830752802989856,0.028830752802989856,,0.2848853532990173,0.22992700729927007,0.004144918636782315,-0.21717784406529383,0.11719408658887734,-0.032380604234766186,0.032380604234766186,-0.05461230525023597,0.01878829481605776,0.01878829481605776,,-0.03600642953220118,-0.11881589618815896,0.0032215638678217366,0.051168899050823946,0.10571231735200934
2016,04,Arequipa,742,198,544,0.2668463611859838,0.7331536388140162,0.3639705882352941,0.03669724770642202,0.03669724770642202,,0.3073170731707317,0.2,0.005390835579514825,-0.2301491134795618,0.1375220090816421,-16.398,-71.536,0.2460085968682837,0.7539914031317163,0.32627506871627815,0.028830752802989856,0.028830752802989856,,0.2848853532990173,0.22992700729927007,0.004144918636782315,-0.21717784406529383,0.11719408658887734,0.020837764317700125,-0.020837764317700125,0.03769551951901595,0.007866494903432164,0.007866494903432164,,0.022431719871714384,-0.02992700729927006,0.0012459169427325098,-0.01297126941426796,0.02032792249276477
2016,05,Ayacucho,759,169,590,0.22266139657444006,0.7773386034255599,0.2864406779661017,0.0,0.0,,0.2640901771336554,0.2857142857142857,0.0,-0.22266139657444006,0.0,-13.163,-74.224,0.2460085968682837,0.7539914031317163,0.32627506871627815,0.028830752802989856,0.028830752802989856,,0.2848853532990173,0.22992700729927007,0.004144918636782315,-0.21717784406529383,0.11719408658887734,-0.02334720029384363,0.02334720029384363,-0.039834390750176474,-0.028830752802989856,-0.028830752802989856,,-0.020795176165361917,0.05578727841501563,-0.004144918636782315,-0.005483552509146228,-0.11719408658887734
2016,06,Cajamarca,848,181,667,0.2134433962264151,0.7865566037735849,0.27136431784107945,0.015748031496062992,0.015748031496062992,,0.2539454806312769,0.125,0.0023584905660377358,-0.1976953647303521,0.07378083264453822,-7.161,-78.512,0.2460085968682837,0.7539914031317163,0.32627506871627815,0.028830752802989856,0.028830752802989856,,0.2848853532990173,0.22992700729927007,0.004144918636782315,-0.21717784406529383,0.11719408658887734,-0.0325652006418686,0.03256520064186863,-0.0549107508751987,-0.013082721306926864,-0.013082721306926864,,-0.030939872667740398,-0.10492700729927007,-0.0017864280707445795,0.019482479334941738,-0.04341325394433912
2016,07,Callao,768,162,606,0.2109375,0.7890625,0.26732673267326734,0.008928571428571428,0.008928571428571428,,0.24367088607594936,0.29411764705882354,0.0013020833333333333,-0.20200892857142858,0.042328042328042326,-12.05,-77.118,0.2460085968682837,0.7539914031317163,0.32627506871627815,0.028830752802989856,0.028830752802989856,,0.2848853532990173,0.22992700729927007,0.004144918636782315,-0.21717784406529383,0.11719408658887734,-0.03507109686828369,0.03507109686828369,-0.05894833604301081,-0.019902181374418428,-0.019902181374418428,,-0.04121446722306796,0.06419063975955347,-0.0028428353034489822,0.01516891549386526,-0.07486604426083501
2016,08,Cusco,641,133,508,0.20748829953198128,0.7925117004680188,0.2618110236220472,0.02,0.02,,0.24053030303030304,0.4444444444444444,0.0031201248049922,-0.1874882995319813,0.09639097744360903,-13.532,-71.967,0.2460085968682837,0.7539914031317163,0.32627506871627815,0.028830752802989856,0.028830752802989856,,0.2848853532990173,0.22992700729927007,0.004144918636782315,-0.21717784406529383,0.11719408658887734,-0.03852029733630241,0.03852029733630247,-0.06446404509423093,-0.008830752802989856,-0.008830752802989856,,-0.04435505026871428,0.21451743714517435,-0.0010247938317901155,0.029689544533312545,-0.02080310914526831
2016,09,Huancavelica,569,127,442,0.22319859402460457,0.7768014059753954,0.2873303167420814,0.060240963855421686,0.060240963855421686,,0.24839400428265523,0.2857142857142857,0.008787346221441126,-0.16295763016918288,0.26989849160421214,-12.786,-74.973,0.2460085968682837,0.7539914031317163,0.32627506871627815,0.028830752802989856,0.028830752802989856,,0.2848853532990173,0.22992700729927007,0.004144918636782315,-0.21717784406529383,0.11719408658887734,-0.022810002843679122,0.022810002843679067,-0.03894475197419672,0.03141021105243183,0.03141021105243183,,-0.036491349016362085,0.05578727841501563,0.00464242758465881,0.05422021389611095,0.1527044050153348
2016,10,Huánuco,313,96,217,0.30670926517571884,0.6932907348242812,0.4423963133640553,0.046511627906976744,0.046511627906976744,,0.35294117647058826,0.3333333333333333,0.006389776357827476,-0.2601976372687421,0.15164728682170542,-9.93,-76.242,0.2460085968682837,0.7539914031317163,0.32627506871627815,0.028830752802989856,0.028830752802989856,,0.2848853532990173,0.22992700729927007,0.004144918636782315,-0.21717784406529383,0.11719408658887734,0.060700668307435146,-0.060700668307435146,0.11612124464777718,0.017680875103986887,0.017680875103986887,,0.06805582317157094,0.10340632603406325,0.0022448577210451605,-0.04301979320344829,0.03445320023282808
2016,11,Ica,840,221,619,0.2630952380952381,0.736904761904762,0.3570274636510501,0.03225806451612903,0.03225806451612903,,0.30515759312320917,0.2727272727272727,0.004761904761904762,-0.23083717357910907,0.12260983797985694,-14.068,-75.729,0.2460085968682837,0.7539914031317163,0.32627506871627815,0.028830752802989856,0.028830752802989856,,0.2848853532990173,0.22992700729927007,0.004144918636782315,-0.21717784406529383,0.11719408658887734,0.017086641226954413,-0.017086641226954358,0.030752394934771943,0.003427311713139175,0.003427311713139175,,0.02027223982419185,0.04280026542800264,0.000616986125122447,-0.013659329513815238,0.005415751390979606
2016,12,Junín,611,152,459,0.24877250409165302,0.7512274959083469,0.3311546840958606,0.012048192771084338,0.012048192771084338,,0.29191321499013806,0.08333333333333333,0.0016366612111292963,-0.23672431132056868,0.048430564362714014,-12.066,-75.204,0.2460085968682837,0.7539914031317163,0.32627506871627815,0.028830752802989856,0.028830752802989856,,0.2848853532990173,0.22992700729927007,0.004144918636782315,-0.21717784406529383,0.11719408658887734,0.002763907223369333,-0.0027639072233693884,0.004879615379582425,-0.01678256003190552,-0.01678256003190552,,0.00702786169112074,-0.14659367396593675,-0.0025082574256530188,-0.01954646725527484,-0.06876352222616333
2016,13,La Libertad,288,71,217,0.2465277777777778,0.7534722222222222,0.3271889400921659,0.0,0.0,,0.2923728813559322,0.14285714285714285,0.0,-0.2465277777777778,0.0,-8.115,-79.029,0.2460085968682837,0.7539914031317163,0.32627506871627815,0.028830752802989856,0.028830752802989856,,0.2848853532990173,0.22992700729927007,0.004144918636782315,-0.21717784406529383,0.11719408658887734,0.0005191809094940991,-0.0005191809094940991,0.0009138713758877759,-0.028830752802989856,-0.028830752802989856,,0.007487528056914883,-0.08706986444212722,-0.004144918636782315,-0.029349933712483955,-0.11719408658887734
2016,14,Lambayeque,1381,422,959,0.3055756698044895,0.6944243301955105,0.44004171011470283,0.06432748538011696,0.06432748538011696,,0.3447069116360455,0.0,0.007965242577842143,-0.24124818442437257,0.21051245808043012,-6.772,-79.84,0.2460085968682837,0.7539914031317163,0.32627506871627815,0.028830752802989856,0.028830752802989856,,0.2848853532990173,0.22992700729927007,0.004144918636782315,-0.21717784406529383,0.11719408658887734,0.059567072936205834,-0.05956707293620578,0.11376664139842468,0.0354967325771271,0.0354967325771271,,0.05982155833702818,-0.22992700729927007,0.0038203239410598278,-0.024070340359078735,0.09331837149155278
2016,15,Lima,391,112,279,0.2864450127877238,0.7135549872122762,0.4014336917562724,0.07407407407407407,0.07407407407407407,,0.325,0.18181818181818182,0.010230179028132993,-0.2123709387136497,0.2585978835978836,-12.046,-77.043,0.2460085968682837,0.7539914031317163,0.32627506871627815,0.028830752802989856,0.028830752802989856,,0.2848853532990173,0.22992700729927007,0.004144918636782315,-0.21717784406529383,0.11719408658887734,0.04043641591944008,-0.04043641591944014,0.07515862303999427,0.045243321271084214,0.045243321271084214,,0.04011464670098269,-0.048108825481088247,0.006085260391350678,0.004806905351644131,0.14140379700900627
2016,16,Loreto,82,23,59,0.2804878048780488,0.7195121951219512,0.3898305084745763,0.0,0.0,,0.3220338983050847,0.3333333333333333,0.0,-0.2804878048780488,0.0,-3.749,-73.253,0.2460085968682837,0.7539914031317163,0.32627506871627815,0.028830752802989856,0.028830752802989856,,0.2848853532990173,0.22992700729927007,0.004144918636782315,-0.21717784406529383,0.11719408658887734,0.03447920800976512,-0.03447920800976512,0.06355543975829814,-0.028830752802989856,-0.028830752802989856,,0.0371485450060674,0.10340632603406325,-0.004144918636782315,-0.06330996081275497,-0.11719408658887734
2016,17,Madre de Dios,143,36,107,0.2517482517482518,0.7482517482517482,0.3364485981308411,0.05,0.05,,0.2909090909090909,0.3333333333333333,0.006993006993006993,-0.20174825174825178,0.1986111111111111,-12.593,-69.189,0.2460085968682837,0.7539914031317163,0.32627506871627815,0.028830752802989856,0.028830752802989856,,0.2848853532990173,0.22992700729927007,0.004144918636782315,-0.21717784406529383,0.11719408658887734,0.005739654879968081,-0.005739654879968081,0.010173529414562954,0.021169247197010146,0.021169247197010146,,0.006023737610073576,0.10340632603406325,0.0028480883562246777,0.015429592317042051,0.08141702452223376
2016,18,Moquegua,203,46,157,0.22660098522167488,0.7733990147783252,0.2929936305732484,0.034482758620689655,0.034482758620689655,,0.2608695652173913,0.3333333333333333,0.0049261083743842365,-0.1921182266009852,0.15217391304347827,-17.194,-70.934,0.2460085968682837,0.7539914031317163,0.32627506871627815,0.028830752802989856,0.028830752802989856,,0.2848853532990173,0.22992700729927007,0.004144918636782315,-0.21717784406529383,0.11719408658887734,-0.019407611646608813,0.01940761164660887,-0.03328143814302975,0.005652005817699798,0.005652005817699798,,-0.02401578808162602,0.10340632603406325,0.0007811897376019212,0.025059617464308626,0.03497982645460093
2016,19,Pasco,495,125,370,0.25252525252525254,0.7474747474747475,0.33783783783783783,0.0,0.0,,0.29055690072639223,0.25,0.0,-0.25252525252525254,0.0,-10.686,-76.262,0.2460085968682837,0.7539914031317163,0.32627506871627815,0.028830752802989856,0.028830752802989856,,0.2848853532990173,0.22992700729927007,0.004144918636782315,-0.21717784406529383,0.11719408658887734,0.0065166556569688505,-0.006516655656968795,0.01156276912155968,-0.028830752802989856,-0.028830752802989856,,0.005671547427374912,0.02007299270072993,-0.004144918636782315,-0.03534740845995871,-0.11719408658887734
2016,20,Piura,739,149,590,0.20162381596752368,0.7983761840324763,0.25254237288135595,0.0,0.0,,0.24217462932454695,0.125,0.0,-0.20162381596752368,0.0,-5.194,-80.632,0.2460085968682837,0.7539914031317163,0.32627506871627815,0.028830752802989856,0.028830752802989856,,0.2848853532990173,0.22992700729927007,0.004144918636782315,-0.21717784406529383,0.11719408658887734,-0.04438478090076001,0.044384780900760035,-0.0737326958349222,-0.028830752802989856,-0.028830752802989856,,-0.04271072397447037,-0.10492700729927007,-0.004144918636782315,0.01555402809777015,-0.11719408658887734
2016,21,Puno,528,129,399,0.24431818181818182,0.7556818181818182,0.3233082706766917,0.03896103896103896,0.03896103896103896,,0.279445727482679,0.3333333333333333,0.005681818181818182,-0.20535714285714285,0.15946843853820597,-15.84,-70.028,0.2460085968682837,0.7539914031317163,0.32627506871627815,0.028830752802989856,0.028830752802989856,,0.2848853532990173,0.22992700729927007,0.004144918636782315,-0.21717784406529383,0.11719408658887734,-0.0016904150501018678,0.0016904150501019233,-0.002966798039586438,0.010130286158049104,0.010130286158049104,,-0.005439625816338334,0.10340632603406325,0.0015368995450358667,0.011820701208150985,0.04227435194932863
2016,22,San Martín,197,47,150,0.23857868020304568,0.7614213197969543,0.31333333333333335,0.0,0.0,,0.2974683544303797,0.0,0.0,-0.23857868020304568,0.0,-6.49,-76.371,0.2460085968682837,0.7539914031317163,0.32627506871627815,0.028830752802989856,0.028830752802989856,,0.2848853532990173,0.22992700729927007,0.004144918636782315,-0.21717784406529383,0.11719408658887734,-0.007429916665238012,0.007429916665237957,-0.012941735382944797,-0.028830752802989856,-0.028830752802989856,,0.012583001131362404,-0.22992700729927007,-0.004144918636782315,-0.021400836137751844,-0.11719408658887734
2016,23,Tacna,99,25,74,0.25252525252525254,0.7474747474747475,0.33783783783783783,0.0,0.0,,0.28,0.42857142857142855,0.0,-0.25252525252525254,0.0,-18.006,-70.247,0.2460085968682837,0.7539914031317163,0.32627506871627815,0.028830752802989856,0.028830752802989856,,0.2848853532990173,0.22992700729927007,0.004144918636782315,-0.21717784406529383,0.11719408658887734,0.0065166556569688505,-0.006516655656968795,0.01156276912155968,-0.028830752802989856,-0.028830752802989856,,-0.004885353299017292,0.19864442127215848,-0.004144918636782315,-0.03534740845995871,-0.11719408658887734
2016,24,Tumbes,87,24,63,0.27586206896551724,0.7241379310344828,0.38095238095238093,0.14285714285714285,0.14285714285714285,,0.2835820895522388,0.2857142857142857,0.011494252873563218,-0.1330049261083744,0.5178571428571428,-3.566,-80.451,0.2460085968682837,0.7539914031317163,0.32627506871627815,0.028830752802989856,0.028830752802989856,,0.2848853532990173,0.22992700729927007,0.004144918636782315,-0.21717784406529383,0.11719408658887734,0.029853472097233547,-0.029853472097233547,0.05467731223610278,0.11402639005415299,0.11402639005415299,,-0.0013032637467785269,0.05578727841501563,0.007349334236780903,0.08417291795691945,0.4006630562682655
2016,25,Ucayali,139,32,107,0.2302158273381295,0.7697841726618705,0.29906542056074764,0.0,0.0,,0.27522935779816515,0.2222222222222222,0.0,-0.2302158273381295,0.0,-8.379,-74.553,0.2460085968682837,0.7539914031317163,0.32627506871627815,0.028830752802989856,0.028830752802989856,,0.2848853532990173,0.22992700729927007,0.004144918636782315,-0.21717784406529383,0.11719408658887734,-0.015792769530154183,0.015792769530154183,-0.027209648155530508,-0.028830752802989856,-0.028830752802989856,,-0.009655995500852166,-0.00770478507704786,-0.004144918636782315,-0.013037983272835674,-0.11719408658887734
2016,02,Áncash,1077,273,804,0.25348189415041783,0.7465181058495822,0.33955223880597013,0.024096385542168676,0.024096385542168676,,0.2988636363636364,0.125,0.003714020427112349,-0.22938550860824916,0.09506156494108302,-9.527,-77.528,0.2460085968682837,0.7539914031317163,0.32627506871627815,0.028830752802989856,0.028830752802989856,,0.2848853532990173,0.22992700729927007,0.004144918636782315,-0.21717784406529383,0.11719408658887734,0.007473297282134139,-0.007473297282134084,0.013277170089691981,-0.00473436726082118,-0.00473436726082118,,0.013978283064619068,-0.10492700729927007,-0.00043089820966996616,-0.012207664542955327,-0.02213252164779432
2017,01,Amazonas,545,136,409,0.24954128440366974,0.7504587155963303,0.33251833740831294,0.047619047619047616,0.047619047619047616,,0.28348214285714285,0.4444444444444444,0.007339449541284404,-0.20192223678462212,0.19082633053221287,-6.231,-77.869,0.2460085968682837,0.7539914031317163,0.32627506871627815,0.028830752802989856,0.028830752802989856,,0.2848853532990173,0.22992700729927007,0.004144918636782315,-0.21717784406529383,0.11719408658887734,0.0035326875353860476,-0.0035326875353860476,0.006243268692034787,0.01878829481605776,0.01878829481605776,,-0.0014032104418744695,0.21451743714517435,0.003194530904502089,0.015255607280671712,0.07363224394333553
2017,03,Apurímac,543,116,427,0.2136279926335175,0.7863720073664825,0.2716627634660422,0.047619047619047616,0.047619047619047616,,0.24887892376681614,0.1111111111111111,0.007366482504604052,-0.1660089450144699,0.22290640394088668,-13.637,-72.879,0.2460085968682837,0.7539914031317163,0.32627506871627815,0.028830752802989856,0.028830752802989856,,0.2848853532990173,0.22992700729927007,0.004144918636782315,-0.21717784406529383,0.11719408658887734,-0.032380604234766186,0.032380604234766186,-0.05461230525023597,0.01878829481605776,0.01878829481605776,,-0.03600642953220118,-0.11881589618815896,0.0032215638678217366,0.051168899050823946,0.10571231735200934
2017,04,Arequipa,742,198,544,0.2668463611859838,0.7331536388140162,0.3639705882352941,0.03669724770642202,0.03669724770642202,,0.3073170731707317,0.2,0.005390835579514825,-0.2301491134795618,0.1375220090816421,-16.398,-71.536,0.2460085968682837,0.7539914031317163,0.32627506871627815,0.028830752802989856,0.028830752802989856,,0.2848853532990173,0.22992700729927007,0.004144918636782315,-0.21717784406529383,0.11719408658887734,0.020837764317700125,-0.020837764317700125,0.03769551951901595,0.007866494903432164,0.007866494903432164,,0.022431719871714384,-0.02992700729927006,0.0012459169427325098,-0.01297126941426796,0.02032792249276477
2017,05,Ayacucho,759,169,590,0.22266139657444006,0.7773386034255599,0.2864406779661017,0.0,0.0,,0.2640901771336554,0.2857142857142857,0.0,-0.22266139657444006,0.0,-13.163,-74.224,0.2460085968682837,0.7539914031317163,0.32627506871627815,0.028830752802989856,0.028830752802989856,,0.2848853532990173,0.22992700729927007,0.004144918636782315,-0.21717784406529383,0.11719408658887734,-0.02334720029384363,0.02334720029384363,-0.039834390750176474,-0.028830752802989856,-0.028830752802989856,,-0.020795176165361917,0.05578727841501563,-0.004144918636782315,-0.005483552509146228,-0.11719408658887734
2017,06,Cajamarca,848,181,667,0.2134433962264151,0.7865566037735849,0.27136431784107945,0.015748031496062992,0.015748031496062992,,0.2539454806312769,0.125,0.0023584905660377358,-0.1976953647303521,0.07378083264453822,-7.161,-78.512,0.2460085968682837,0.7539914031317163,0.32627506871627815,0.028830752802989856,0.028830752802989856,,0.2848853532990173,0.22992700729927007,0.004144918636782315,-0.21717784406529383,0.11719408658887734,-0.0325652006418686,0.03256520064186863,-0.0549107508751987,-0.013082721306926864,-0.013082721306926864,,-0.030939872667740398,-0.10492700729927007,-0.0017864280707445795,0.019482479334941738,-0.04341325394433912
2017,07,Callao,768,162,606,0.2109375,0.7890625,0.26732673267326734,0.008928571428571428,0.008928571428571428,,0.24367088607594936,0.29411764705882354,0.0013020833333333333,-0.20200892857142858,0.042328042328042326,-12.05,-77.118,0.2460085968682837,0.7539914031317163,0.32627506871627815,0.028830752802989856,0.028830752802989856,,0.2848853532990173,0.22992700729927007,0.004144918636782315,-0.21717784406529383,0.11719408658887734,-0.03507109686828369,0.03507109686828369,-0.05894833604301081,-0.019902181374418428,-0.019902181374418428,,-0.04121446722306796,0.06419063975955347,-0.0028428353034489822,0.01516891549386526,-0.07486604426083501
2017,08,Cusco,641,133,508,0.20748829953198128,0.7925117004680188,0.2618110236220472,0.02,0.02,,0.24053030303030304,0.4444444444444444,0.0031201248049922,-0.1874882995319813,0.09639097744360903,-13.532,-71.967,0.2460085968682837,0.7539914031317163,0.32627506871627815,0.028830752802989856,0.028830752802989856,,0.2848853532990173,0.22992700729927007,0.004144918636782315,-0.21717784406529383,0.11719408658887734,-0.03852029733630241,0.03852029733630247,-0.06446404509423093,-0.008830752802989856,-0.008830752802989856,,-0.04435505026871428,0.21451743714517435,-0.0010247938317901155,0.029689544533312545,-0.02080310914526831
2017,09,Huancavelica,569,127,442,0.22319859402460457,0.7768014059753954,0.2873303167420814,0.060240963855421686,0.060240963855421686,,0.24839400428265523,0.2857142857142857,0.008787346221441126,-0.16295763016918288,0.26989849160421214,-12.786,-74.973,0.2460085968682837,0.7539914031317163,0.32627506871627815,0.028830752802989856,0.028830752802989856,,0.2848853532990173,0.22992700729927007,0.004144918636782315,-0.21717784406529383,0.11719408658887734,-0.022810002843679122,0.022810002843679067,-0.03894475197419672,0.03141021105243183,0.03141021105243183,,-0.036491349016362085,0.05578727841501563,0.00464242758465881,0.05422021389611095,0.1527044050153348
2017,10,Huánuco,313,96,217,0.30670926517571884,0.6932907348242812,0.4423963133640553,0.046511627906976744,0.046511627906976744,,0.35294117647058826,0.3333333333333333,0.006389776357827476,-0.2601976372687421,0.15164728682170542,-9.93,-76.242,0.2460085968682837,0.7539914031317163,0.32627506871627815,0.028830752802989856,0.028830752802989856,,0.2848853532990173,0.22992700729927007,0.004144918636782315,-0.21717784406529383,0.11719408658887734,0.060700668307435146,-0.060700668307435146,0.11612124464777718,0.017680875103986887,0.017680875103986887,,0.06805582317157094,0.10340632603406325,0.0022448577210451605,-0.04301979320344829,0.03445320023282808
2017,11,Ica,840,221,619,0.2630952380952381,0.736904761904762,0.3570274636510501,0.03225806451612903,0.03225806451612903,,0.30515759312320917,0.2727272727272727,0.004761904761904762,-0.23083717357910907,0.12260983797985694,-14.068,-75.729,0.2460085968682837,0.7539914031317163,0.32627506871627815,0.028830752802989856,0.028830752802989856,,0.2848853532990173,0.22992700729927007,0.004144918636782315,-0.21717784406529383,0.11719408658887734,0.017086641226954413,-0.017086641226954358,0.030752394934771943,0.003427311713139175,0.003427311713139175,,0.02027223982419185,0.04280026542800264,0.000616986125122447,-0.013659329513815238,0.005415751390979606
2017,12,Junín,611,152,459,0.24877250409165302,0.7512274959083469,0.3311546840958606,0.012048192771084338,0.012048192771084338,,0.29191321499013806,0.08333333333333333,0.0016366612111292963,-0.23672431132056868,0.048430564362714014,-12.066,-75.204,0.2460085968682837,0.7539914031317163,0.32627506871627815,0.028830752802989856,0.028830752802989856,,0.2848853532990173,0.22992700729927007,0.004144918636782315,-0.21717784406529383,0.11719408658887734,0.002763907223369333,-0.0027639072233693884,0.004879615379582425,-0.01678256003190552,-0.01678256003190552,,0.00702786169112074,-0.14659367396593675,-0.0025082574256530188,-0.01954646725527484,-0.06876352222616333
2017,13,La Libertad,288,71,217,0.2465277777777778,0.7534722222222222,0.3271889400921659,0.0,0.0,,0.2923728813559322,0.14285714285714285,0.0,-0.2465277777777778,0.0,-8.115,-79.029,0.2460085968682837,0.7539914031317163,0.32627506871627815,0.028830752802989856,0.028830752802989856,,0.2848853532990173,0.22992700729927007,0.004144918636782315,-0.21717784406529383,0.11719408658887734,0.0005191809094940991,-0.0005191809094940991,0.0009138713758877759,-0.028830752802989856,-0.028830752802989856,,0.007487528056914883,-0.08706986444212722,-0.004144918636782315,-0.029349933712483955,-0.11719408658887734
2017,14,Lambayeque,1381,422,959,0.3055756698044895,0.6944243301955105,0.44004171011470283,0.06432748538011696,0.06432748538011696,,0.3447069116360455,0.0,0.007965242577842143,-0.24124818442437257,0.21051245808043012,-6.772,-79.84,0.2460085968682837,0.7539914031317163,0.32627506871627815,0.028830752802989856,0.028830752802989856,,0.2848853532990173,0.22992700729927007,0.004144918636782315,-0.21717784406529383,0.11719408658887734,0.059567072936205834,-0.05956707293620578,0.11376664139842468,0.0354967325771271,0.0354967325771271,,0.05982155833702818,-0.22992700729927007,0.0038203239410598278,-0.024070340359078735,0.09331837149155278
2017,15,Lima,391,112,279,0.2864450127877238,0.7135549872122762,0.4014336917562724,0.07407407407407407,0.07407407407407407,,0.325,0.18181818181818182,0.010230179028132993,-0.2123709387136497,0.2585978835978836,-12.046,-77.043,0.2460085968682837,0.7539914031317163,0.32627506871627815,0.028830752802989856,0.028830752802989856,,0.2848853532990173,0.22992700729927007,0.004144918636782315,-0.21717784406529383,0.11719408658887734,0.04043641591944008,-0.04043641591944014,0.07515862303999427,0.045243321271084214,0.045243321271084214,,0.04011464670098269,-0.048108825481088247,0.006085260391350678,0.004806905351644131,0.14140379700900627
2017,16,Loreto,82,23,59,0.2804878048780488,0.7195121951219512,0.3898305084745763,0.0,0.0,,0.3220338983050847,0.3333333333333333,0.0,-0.2804878048780488,0.0,-3.749,-73.253,0.2460085968682837,0.7539914031317163,0.32627506871627815,0.028830752802989856,0.028830752802989856,,0.2848853532990173,0.22992700729927007,0.004144918636782315,-0.21717784406529383,0.11719408658887734,0.03447920800976512,-0.03447920800976512,0.06355543975829814,-0.028830752802989856,-0.028830752802989856,,0.0371485450060674,0.10340632603406325,-0.004144918636782315,-0.06330996081275497,-0.11719408658887734
2017,17,Madre de Dios,143,36,107,0.2517482517482518,0.7482517482517482,0.3364485981308411,0.05,0.05,,0.2909090909090909,0.3333333333333333,0.006993006993006993,-0.20174825174825178,0.1986111111111111,-12.593,-69.189,0.2460085968682837,0.7539914031317163,0.32627506871627815,0.028830752802989856,0.028830752802989856,,0.2848853532990173,0.22992700729927007,0.004144918636782315,-0.21717784406529383,0.11719408658887734,0.005739654879968081,-0.005739654879968081,0.010173529414562954,0.021169247197010146,0.021169247197010146,,0.006023737610073576,0.10340632603406325,0.0028480883562246777,0.015429592317042051,0.08141702452223376
2017,18,Moquegua,203,46,157,0.22660098522167488,0.7733990147783252,0.2929936305732484,0.034482758620689655,0.034482758620689655,,0.2608695652173913,0.3333333333333333,0.0049261083743842365,-0.1921182266009852,0.15217391304347827,-17.194,-70.934,0.2460085968682837,0.7539914031317163,0.32627506871627815,0.028830752802989856,0.028830752802989856,,0.2848853532990173,0.22992700729927007,0.004144918636782315,-0.21717784406529383,0.11719408658887734,-0.019407611646608813,0.01940761164660887,-0.03328143814302975,0.005652005817699798,0.005652005817699798,,-0.02401578808162602,0.10340632603406325,0.0007811897376019212,0.025059617464308626,0.03497982645460093
2017,19,Pasco,495,125,370,0.25252525252525254,0.7474747474747475,0.33783783783783783,0.0,0.0,,0.29055690072639223,0.25,0.0,-0.25252525252525254,0.0,-10.686,-76.262,0.2460085968682837,0.7539914031317163,0.32627506871627815,0.028830752802989856,0.028830752802989856,,0.2848853532990173,0.22992700729927007,0.004144918636782315,-0.21717784406529383,0.11719408658887734,0.0065166556569688505,-0.006516655656968795,0.01156276912155968,-0.028830752802989856,-0.028830752802989856,,0.005671547427374912,0.02007299270072993,-0.004144918636782315,-0.03534740845995871,-0.11719408658887734
2017,20,Piura,739,149,590,0.20162381596752368,0.7983761840324763,0.25254237288135595,0.0,0.0,,0.24217462932454695,0.125,0.0,-0.20162381596752368,0.0,-5.194,-80.632,0.2460085968682837,0.7539914031317163,0.32627506871627815,0.028830752802989856,0.028830752802989856,,0.2848853532990173,0.22992700729927007,0.004144918636782315,-0.21717784406529383,0.11719408658887734,-0.04438478090076001,0.044384780900760035,-0.0737326958349222,-0.028830752802989856,-0.028830752802989856,,-0.04271072397447037,-0.10492700729927007,-0.004144918636782315,0.01555402809777015,-0.11719408658887734
2017,21,Puno,528,129,399,0.24431818181818182,0.7556818181818182,0.3233082706766917,0.03896103896103896,0.03896103896103896,,0.279445727482679,0.3333333333333333,0.005681818181818182,-0.20535714285714285,0.15946843853820597,-15.84,-70.028,0.2460085968682837,0.7539914031317163,0.32627506871627815,0.028830752802989856,0.028830752802989856,,0.2848853532990173,0.22992700729927007,0.004144918636782315,-0.21717784406529383,0.11719408658887734,-0.0016904150501018678,0.0016904150501019233,-0.002966798039586438,0.010130286158049104,0.010130286158049104,,-0.005439625816338334,0.10340632603406325,0.0015368995450358667,0.011820701208150985,0.04227435194932863
2017,22,San Martín,197,47,150,0.23857868020304568,0.7614213197969543,0.31333333333333335,0.0,0.0,,0.2974683544303797,0.0,0.0,-0.23857868020304568,0.0,-6.49,-76.371,0.2460085968682837,0.7539914031317163,0.32627506871627815,0.028830752802989856,0.028830752802989856,,0.2848853532990173,0.22992700729927007,0.004144918636782315,-0.21717784406529383,0.11719408658887734,-0.007429916665238012,0.007429916665237957,-0.012941735382944797,-0.028830752802989856,-0.028830752802989856,,0.012583001131362404,-0.22992700729927007,-0.004144918636782315,-0.021400836137751844,-0.11719408658887734
2017,23,Tacna,99,25,74,0.25252525252525254,0.7474747474747475,0.33783783783783783,0.0,0.0,,0.28,0.42857142857142855,0.0,-0.25252525252525254,0.0,-18.006,-70.247,0.2460085968682837,0.7539914031317163,0.32627506871627815,0.028830752802989856,0.028830752802989856,,0.2848853532990173,0.22992700729927007,0.004144918636782315,-0.21717784406529383,0.11719408658887734,0.0065166556569688505,-0.006516655656968795,0.01156276912155968,-0.028830752802989856,-0.028830752802989856,,-0.004885353299017292,0.19864442127215848,-0.004144918636782315,-0.03534740845995871,-0.11719408658887734
2017,24,Tumbes,87,24,63,0.27586206896551724,0.7241379310344828,0.38095238095238093,0.14285714285714285,0.14285714285714285,,0.2835820895522388,0.2857142857142857,0.011494252873563218,-0.1330049261083744,0.5178571428571428,-3.566,-80.451,0.2460085968682837,0.7539914031317163,0.32627506871627815,0.028830752802989856,0.028830752802989856,,0.2848853532990173,0.22992700729927007,0.004144918636782315,-0.21717784406529383,0.11719408658887734,0.029853472097233547,-0.029853472097233547,0.05467731223610278,0.11402639005415299,0.11402639005415299,,-0.0013032637467785269,0.05578727841501563,0.007349334236780903,0.08417291795691945,0.4006630562682655
2017,25,Ucayali,139,32,107,0.2302158273381295,0.7697841726618705,0.29906542056074764,0.0,0.0,,0.27522935779816515,0.2222222222222222,0.0,-0.2302158273381295,0.0,-8.379,-74.553,0.2460085968682837,0.7539914031317163,0.32627506871627815,0.028830752802989856,0.028830752802989856,,0.2848853532990173,0.22992700729927007,0.004144918636782315,-0.21717784406529383,0.11719408658887734,-0.015792769530154183,0.015792769530154183,-0.027209648155530508,-0.028830752802989856,-0.028830752802989856,,-0.009655995500852166,-0.00770478507704786,-0.004144918636782315,-0.013037983272835674,-0.11719408658887734
2017,02,Áncash,1077,273,804,0.25348189415041783,0.7465181058495822,0.33955223880597013,0.024096385542168676,0.024096385542168676,,0.2988636363636364,0.125,0.003714020427112349,-0.22938550860824916,0.09506156494108302,-9.527,-77.528,0.2460085968682837,0.7539914031317163,0.32627506871627815,0.028830752802989856,0.028830752802989856,,0.2848853532990173,0.22992700729927007,0.004144918636782315,-0.21717784406529383,0.11719408658887734,0.007473297282134139,-0.007473297282134084,0.013277170089691981,-0.00473436726082118,-0.00473436726082118,,0.013978283064619068,-0.10492700729927007,-0.00043089820966996616,-0.012207664542955327,-0.02213252164779432
2018,01,Amazonas,545,136,409,0.24954128440366974,0.7504587155963303,0.33251833740831294,0.047619047619047616,0.047619047619047616,,0.28348214285714285,0.4444444444444444,0.007339449541284404,-0.20192223678462212,0.19082633053221287,-6.231,-77.869,0.2460085968682837,0.7539914031317163,0.32627506871627815,0.028830752802989856,0.028830752802989856,,0.2848853532990173,0.22992700729927007,0.004144918636782315,-0.21717784406529383,0.11719408658887734,0.0035326875353860476,-0.0035326875353860476,0.006243268692034787,0.01878829481605776,0.01878829481605776,,-0.0014032104418744695,0.21451743714517435,0.003194530904502089,0.015255607280671712,0.07363224394333553
2018,03,Apurímac,543,116,427,0.2136279926335175,0.7863720073664825,0.2716627634660422,0.047619047619047616,0.047619047619047616,,0.24887892376681614,0.1111111111111111,0.007366482504604052,-0.1660089450144699,0.22290640394088668,-13.637,-72.879,0.2460085968682837,0.7539914031317163,0.32627506871627815,0.028830752802989856,0.028830752802989856,,0.2848853532990173,0.22992700729927007,0.004144918636782315,-0.21717784406529383,0.11719408658887734,-0.032380604234766186,0.032380604234766186,-0.05461230525023597,0.01878829481605776,0.01878829481605776,,-0.03600642953220118,-0.11881589618815896,0.0032215638678217366,0.051168899050823946,0.10571231735200934
2018,04,Arequipa,742,198,544,0.2668463611859838,0.7331536388140162,0.3639705882352941,0.03669724770642202,0.03669724770642202,,0.3073170731707317,0.2,0.005390835579514825,-0.2301491134795618,0.1375220090816421,-16.398,-71.536,0.2460085968682837,0.7539914031317163,0.32627506871627815,0.028830752802989856,0.028830752802989856,,0.2848853532990173,0.22992700729927007,0.004144918636782315,-0.21717784406529383,0.11719408658887734,0.020837764317700125,-0.020837764317700125,0.03769551951901595,0.007866494903432164,0.007866494903432164,,0.022431719871714384,-0.02992700729927006,0.0012459169427325098,-0.01297126941426796,0.02032792249276477
2018,05,Ayacucho,759,169,590,0.22266139657444006,0.7773386034255599,0.2864406779661017,0.0,0.0,,0.2640901771336554,0.2857142857142857,0.0,-0.22266139657444006,0.0,-13.163,-74.224,0.2460085968682837,0.7539914031317163,0.32627506871627815,0.028830752802989856,0.028830752802989856,,0.2848853532990173,0.22992700729927007,0.004144918636782315,-0.21717784406529383,0.11719408658887734,-0.02334720029384363,0.02334720029384363,-0.039834390750176474,-0.028830752802989856,-0.028830752802989856,,-0.020795176165361917,0.05578727841501563,-0.004144918636782315,-0.005483552509146228,-0.11719408658887734
2018,06,Cajamarca,848,181,667,0.2134433962264151,0.7865566037735849,0.27136431784107945,0.015748031496062992,0.015748031496062992,,0.2539454806312769,0.125,0.0023584905660377358,-0.1976953647303521,0.07378083264453822,-7.161,-78.512,0.2460085968682837,0.7539914031317163,0.32627506871627815,0.028830752802989856,0.028830752802989856,,0.2848853532990173,0.22992700729927007,0.004144918636782315,-0.21717784406529383,0.11719408658887734,-0.0325652006418686,0.03256520064186863,-0.0549107508751987,-0.013082721306926864,-0.013082721306926864,,-0.030939872667740398,-0.10492700729927007,-0.0017864280707445795,0.019482479334941738,-0.04341325394433912
2018,07,Callao,768,162,606,0.2109375,0.7890625,0.26732673267326734,0.008928571428571428,0.008928571428571428,,0.24367088607594936,0.29411764705882354,0.0013020833333333333,-0.20200892857142858,0.042328042328042326,-12.05,-77.118,0.2460085968682837,0.7539914031317163,0.32627506871627815,0.028830752802989856,0.028830752802989856,,0.2848853532990173,0.22992700729927007,0.004144918636782315,-0.21717784406529383,0.11719408658887734,-0.03507109686828369,0.03507109686828369,-0.05894833604301081,-0.019902181374418428,-0.019902181374418428,,-0.04121446722306796,0.06419063975955347,-0.0028428353034489822,0.01516891549386526,-0.07486604426083501
2018,08,Cusco,641,133,508,0.20748829953198128,0.7925117004680188,0.2618110236220472,0.02,0.02,,0.24053030303030304,0.4444444444444444,0.0031201248049922,-0.1874882995319813,0.09639097744360903,-13.532,-71.967,0.2460085968682837,0.7539914031317163,0.32627506871627815,0.028830752802989856,0.028830752802989856,,0.2848853532990173,0.22992700729927007,0.004144918636782315,-0.21717784406529383,0.11719408658887734,-0.03852029733630241,0.03852029733630247,-0.06446404509423093,-0.008830752802989856,-0.008830752802989856,,-0.04435505026871428,0.21451743714517435,-0.0010247938317901155,0.029689544533312545,-0.02080310914526831
2018,09,Huancavelica,569,127,442,0.22319859402460457,0.7768014059753954,0.2873303167420814,0.060240963855421686,0.060240963855421686,,0.24839400428265523,0.2857142857142857,0.008787346221441126,-0.16295763016918288,0.26989849160421214,-12.786,-74.973,0.2460085968682837,0.7539914031317163,0.32627506871627815,0.028830752802989856,0.028830752802989856,,0.2848853532990173,0.22992700729927007,0.004144918636782315,-0.21717784406529383,0.11719408658887734,-0.022810002843679122,0.022810002843679067,-0.03894475197419672,0.03141021105243183,0.03141021105243183,,-0.036491349016362085,0.05578727841501563,0.00464242758465881,0.05422021389611095,0.1527044050153348
2018,10,Huánuco,313,96,217,0.30670926517571884,0.6932907348242812,0.4423963133640553,0.046511627906976744,0.046511627906976744,,0.35294117647058826,0.3333333333333333,0.006389776357827476,-0.2601976372687421,0.15164728682170542,-9.93,-76.242,0.2460085968682837,0.7539914031317163,0.32627506871627815,0.028830752802989856,0.028830752802989856,,0.2848853532990173,0.22992700729927007,0.004144918636782315,-0.21717784406529383,0.11719408658887734,0.060700668307435146,-0.060700668307435146,0.11612124464777718,0.017680875103986887,0.017680875103986887,,0.06805582317157094,0.10340632603406325,0.0022448577210451605,-0.04301979320344829,0.03445320023282808
2018,11,Ica,840,221,619,0.2630952380952381,0.736904761904762,0.3570274636510501,0.03225806451612903,0.03225806451612903,,0.30515759312320917,0.2727272727272727,0.004761904761904762,-0.23083717357910907,0.12260983797985694,-14.068,-75.729,0.2460085968682837,0.7539914031317163,0.32627506871627815,0.028830752802989856,0.028830752802989856,,0.2848853532990173,0.22992700729927007,0.004144918636782315,-0.21717784406529383,0.11719408658887734,0.017086641226954413,-0.017086641226954358,0.030752394934771943,0.003427311713139175,0.003427311713139175,,0.02027223982419185,0.04280026542800264,0.000616986125122447,-0.013659329513815238,0.005415751390979606
2018,12,Junín,611,152,459,0.24877250409165302,0.7512274959083469,0.3311546840958606,0.012048192771084338,0.012048192771084338,,0.29191321499013806,0.08333333333333333,0.0016366612111292963,-0.23672431132056868,0.048430564362714014,-12.066,-75.204,0.2460085968682837,0.7539914031317163,0.32627506871627815,0.028830752802989856,0.028830752802989856,,0.2848853532990173,0.22992700729927007,0.004144918636782315,-0.21717784406529383,0.11719408658887734,0.002763907223369333,-0.0027639072233693884,0.004879615379582425,-0.01678256003190552,-0.01678256003190552,,0.00702786169112074,-0.14659367396593675,-0.0025082574256530188,-0.01954646725527484,-0.06876352222616333
2018,13,La Libertad,288,71,217,0.2465277777777778,0.7534722222222222,0.3271889400921659,0.0,0.0,,0.2923728813559322,0.14285714285714285,0.0,-0.2465277777777778,0.0,-8.115,-79.029,0.2460085968682837,0.7539914031317163,0.32627506871627815,0.028830752802989856,0.028830752802989856,,0.2848853532990173,0.22992700729927007,0.004144918636782315,-0.21717784406529383,0.11719408658887734,0.0005191809094940991,-0.0005191809094940991,0.0009138713758877759,-0.028830752802989856,-0.028830752802989856,,0.007487528056914883,-0.08706986444212722,-0.004144918636782315,-0.029349933712483955,-0.11719408658887734
2018,14,Lambayeque,1381,422,959,0.3055756698044895,0.6944243301955105,0.44004171011470283,0.06432748538011696,0.06432748538011696,,0.3447069116360455,0.0,0.007965242577842143,-0.24124818442437257,0.21051245808043012,-6.772,-79.84,0.2460085968682837,0.7539914031317163,0.32627506871627815,0.028830752802989856,0.028830752802989856,,0.2848853532990173,0.22992700729927007,0.004144918636782315,-0.21717784406529383,0.11719408658887734,0.059567072936205834,-0.05956707293620578,0.11376664139842468,0.0354967325771271,0.0354967325771271,,0.05982155833702818,-0.22992700729927007,0.0038203239410598278,-0.024070340359078735,0.09331837149155278
2018,15,Lima,391,112,279,0.2864450127877238,0.7135549872122762,0.4014336917562724,0.07407407407407407,0.07407407407407407,,0.325,0.18181818181818182,0.010230179028132993,-0.2123709387136497,0.2585978835978836,-12.046,-77.043,0.2460085968682837,0.7539914031317163,0.32627506871627815,0.028830752802989856,0.028830752802989856,,0.2848853532990173,0.22992700729927007,0.004144918636782315,-0.21717784406529383,0.11719408658887734,0.04043641591944008,-0.04043641591944014,0.07515862303999427,0.045243321271084214,0.045243321271084214,,0.04011464670098269,-0.048108825481088247,0.006085260391350678,0.004806905351644131,0.14140379700900627
2018,16,Loreto,82,23,59,0.2804878048780488,0.7195121951219512,0.3898305084745763,0.0,0.0,,0.3220338983050847,0.3333333333333333,0.0,-0.2804878048780488,0.0,-3.749,-73.253,0.2460085968682837,0.7539914031317163,0.32627506871627815,0.028830752802989856,0.028830752802989856,,0.2848853532990173,0.22992700729927007,0.004144918636782315,-0.21717784406529383,0.11719408658887734,0.03447920800976512,-0.03447920800976512,0.06355543975829814,-0.028830752802989856,-0.028830752802989856,,0.0371485450060674,0.10340632603406325,-0.004144918636782315,-0.06330996081275497,-0.11719408658887734
2018,17,Madre de Dios,143,36,107,0.2517482517482518,0.7482517482517482,0.3364485981308411,0.05,0.05,,0.2909090909090909,0.3333333333333333,0.006993006993006993,-0.20174825174825178,0.1986111111111111,-12.593,-69.189,0.2460085968682837,0.7539914031317163,0.32627506871627815,0.028830752802989856,0.028830752802989856,,0.2848853532990173,0.22992700729927007,0.004144918636782315,-0.21717784406529383,0.11719408658887734,0.005739654879968081,-0.005739654879968081,0.010173529414562954,0.021169247197010146,0.021169247197010146,,0.006023737610073576,0.10340632603406325,0.0028480883562246777,0.015429592317042051,0.08141702452223376
2018,18,Moquegua,203,46,157,0.22660098522167488,0.7733990147783252,0.2929936305732484,0.034482758620689655,0.034482758620689655,,0.2608695652173913,0.3333333333333333,0.0049261083743842365,-0.1921182266009852,0.15217391304347827,-17.194,-70.934,0.2460085968682837,0.7539914031317163,0.32627506871627815,0.028830752802989856,0.028830752802989856,,0.2848853532990173,0.22992700729927007,0.004144918636782315,-0.21717784406529383,0.11719408658887734,-0.019407611646608813,0.01940761164660887,-0.03328143814302975,0.005652005817699798,0.005652005817699798,,-0.02401578808162602,0.10340632603406325,0.0007811897376019212,0.025059617464308626,0.03497982645460093
2018,19,Pasco,495,125,370,0.25252525252525254,0.7474747474747475,0.33783783783783783,0.0,0.0,,0.29055690072639223,0.25,0.0,-0.25252525252525254,0.0,-10.686,-76.262,0.2460085968682837,0.7539914031317163,0.32627506871627815,0.028830752802989856,0.028830752802989856,,0.2848853532990173,0.22992700729927007,0.004144918636782315,-0.21717784406529383,0.11719408658887734,0.0065166556569688505,-0.006516655656968795,0.01156276912155968,-0.028830752802989856,-0.028830752802989856,,0.005671547427374912,0.02007299270072993,-0.004144918636782315,-0.03534740845995871,-0.11719408658887734
2018,20,Piura,739,149,590,0.20162381596752368,0.7983761840324763,0.25254237288135595,0.0,0.0,,0.24217462932454695,0.125,0.0,-0.20162381596752368,0.0,-5.194,-80.632,0.2460085968682837,0.7539914031317163,0.32627506871627815,0.028830752802989856,0.028830752802989856,,0.2848853532990173,0.22992700729927007,0.004144918636782315,-0.21717784406529383,0.11719408658887734,-0.04438478090076001,0.044384780900760035,-0.0737326958349222,-0.028830752802989856,-0.028830752802989856,,-0.04271072397447037,-0.10492700729927007,-0.004144918636782315,0.01555402809777015,-0.11719408658887734
2018,21,Puno,528,129,399,0.24431818181818182,0.7556818181818182,0.3233082706766917,0.03896103896103896,0.03896103896103896,,0.279445727482679,0.3333333333333333,0.005681818181818182,-0.20535714285714285,0.15946843853820597,-15.84,-70.028,0.2460085968682837,0.7539914031317163,0.32627506871627815,0.028830752802989856,0.028830752802989856,,0.2848853532990173,0.22992700729927007,0.004144918636782315,-0.21717784406529383,0.11719408658887734,-0.0016904150501018678,0.0016904150501019233,-0.002966798039586438,0.010130286158049104,0.010130286158049104,,-0.005439625816338334,0.10340632603406325,0.0015368995450358667,0.011820701208150985,0.04227435194932863
2018,22,San Martín,197,47,150,0.23857868020304568,0.7614213197969543,0.31333333333333335,0.0,0.0,,0.2974683544303797,0.0,0.0,-0.23857868020304568,0.0,-6.49,-76.371,0.2460085968682837,0.7539914031317163,0.32627506871627815,0.028830752802989856,0.028830752802989856,,0.2848853532990173,0.22992700729927007,0.004144918636782315,-0.21717784406529383,0.11719408658887734,-0.007429916665238012,0.007429916665237957,-0.012941735382944797,-0.028830752802989856,-0.028830752802989856,,0.012583001131362404,-0.22992700729927007,-0.004144918636782315,-0.021400836137751844,-0.11719408658887734
2018,23,Tacna,99,25,74,0.25252525252525254,0.7474747474747475,0.33783783783783783,0.0,0.0,,0.28,0.42857142857142855,0.0,-0.25252525252525254,0.0,-18.006,-70.247,0.2460085968682837,0.7539914031317163,0.32627506871627815,0.028830752802989856,0.028830752802989856,,0.2848853532990173,0.22992700729927007,0.004144918636782315,-0.21717784406529383,0.11719408658887734,0.0065166556569688505,-0.006516655656968795,0.01156276912155968,-0.028830752802989856,-0.028830752802989856,,-0.004885353299017292,0.19864442127215848,-0.004144918636782315,-0.03534740845995871,-0.11719408658887734
2018,24,Tumbes,87,24,63,0.27586206896551724,0.7241379310344828,0.38095238095238093,0.14285714285714285,0.14285714285714285,,0.2835820895522388,0.2857142857142857,0.011494252873563218,-0.1330049261083744,0.5178571428571428,-3.566,-80.451,0.2460085968682837,0.7539914031317163,0.32627506871627815,0.028830752802989856,0.028830752802989856,,0.2848853532990173,0.22992700729927007,0.004144918636782315,-0.21717784406529383,0.11719408658887734,0.029853472097233547,-0.029853472097233547,0.05467731223610278,0.11402639005415299,0.11402639005415299,,-0.0013032637467785269,0.05578727841501563,0.007349334236780903,0.08417291795691945,0.4006630562682655
2018,25,Ucayali,139,32,107,0.2302158273381295,0.7697841726618705,0.29906542056074764,0.0,0.0,,0.27522935779816515,0.2222222222222222,0.0,-0.2302158273381295,0.0,-8.379,-74.553,0.2460085968682837,0.7539914031317163,0.32627506871627815,0.028830752802989856,0.028830752802989856,,0.2848853532990173,0.22992700729927007,0.004144918636782315,-0.21717784406529383,0.11719408658887734,-0.015792769530154183,0.015792769530154183,-0.027209648155530508,-0.028830752802989856,-0.028830752802989856,,-0.009655995500852166,-0.00770478507704786,-0.004144918636782315,-0.013037983272835674,-0.11719408658887734
2018,02,Áncash,1077,273,804,0.25348189415041783,0.7465181058495822,0.33955223880597013,0.024096385542168676,0.024096385542168676,,0.2988636363636364,0.125,0.003714020427112349,-0.22938550860824916,0.09506156494108302,-9.527,-77.528,0.2460085968682837,0.7539914031317163,0.32627506871627815,0.028830752802989856,0.028830752802989856,,0.2848853532990173,0.22992700729927007,0.004144918636782315,-0.21717784406529383,0.11719408658887734,0.007473297282134139,-0.007473297282134084,0.013277170089691981,-0.00473436726082118,-0.00473436726082118,,0.013978283064619068,-0.10492700729927007,-0.00043089820966996616,-0.012207664542955327,-0.02213252164779432
2019,01,Amazonas,546,138,408,0.25274725274725274,0.7472527472527473,0.3382352941176471,0.05813953488372093,0.05952380952380952,0.0,0.28794642857142855,0.3,0.009157509157509158,-0.19460771786353182,0.23003033367037412,-6.231,-77.869,0.26038654694871405,0.739613453051286,0.3520576131687243,0.05080352514256091,0.0494944119212347,0.1,0.3000279355619704,0.19207317073170732,0.007457008065743418,-0.20958302180615312,0.19510810269536397,-0.007639294201461311,0.007639294201461255,-0.013822319051077225,0.00733600974116002,0.010029397602574819,-0.1,-0.012081506990541835,0.10792682926829267,0.00170050109176574,0.01497530394262131,0.034922230975010154
2019,03,Apurímac,544,118,426,0.21691176470588236,0.7830882352941176,0.27699530516431925,0.023255813953488372,0.023809523809523808,0.0,0.257847533632287,0.1,0.003676470588235294,-0.193655950752394,0.10721324398896334,-13.637,-72.879,0.26038654694871405,0.739613453051286,0.3520576131687243,0.05080352514256091,0.0494944119212347,0.1,0.3000279355619704,0.19207317073170732,0.007457008065743418,-0.20958302180615312,0.19510810269536397,-0.04347478224283169,0.04347478224283163,-0.07506230800440505,-0.027547711189072538,-0.025684888111710893,-0.1,-0.042180401929683364,-0.09207317073170732,-0.003780537477508124,0.015927071053759123,-0.08789485870640062
2019,04,Arequipa,750,225,525,0.3,0.7,0.42857142857142855,0.08108108108108109,0.08256880733944955,0.0,0.3408723747980614,0.21428571428571427,0.012,-0.2189189189189189,0.2702702702702703,-16.398,-71.536,0.26038654694871405,0.739613453051286,0.3520576131687243,0.05080352514256091,0.0494944119212347,0.1,0.3000279355619704,0.19207317073170732,0.007457008065743418,-0.20958302180615312,0.19510810269536397,0.03961345305128594,-0.03961345305128605,0.07651381540270424,0.030277555938520176,0.033074395418214844,-0.1,0.04084443923609099,0.022212543554006953,0.004542991934256582,-0.009335897112765779,0.07516216757490632
2019,05,Ayacucho,757,187,570,0.24702774108322326,0.7529722589167768,0.3280701754385965,0.041666666666666664,0.03389830508474576,0.5,0.28640776699029125,0.25,0.0066050198150594455,-0.2053610744165566,0.16867201426024955,-13.163,-74.224,0.26038654694871405,0.739613453051286,0.3520576131687243,0.05080352514256091,0.0494944119212347,0.1,0.3000279355619704,0.19207317073170732,0.007457008065743418,-0.20958302180615312,0.19510810269536397,-0.013358805865490792,0.013358805865490764,-0.023987437730127792,-0.009136858475894245,-0.015596106836488939,0.4,-0.013620168571679137,0.05792682926829268,-0.0008519882506839724,0.004221947389596525,-0.026436088435114413
2019,06,Cajamarca,851,172,679,0.20211515863689777,0.7978848413631022,0.2533136966126657,0.015503875968992248,0.007874015748031496,0.5,0.24103299856527977,0.10526315789473684,0.0023501762632197414,-0.18661128266790553,0.07670813052100234,-7.161,-78.512,0.26038654694871405,0.739613453051286,0.3520576131687243,0.05080352514256091,0.0494944119212347,0.1,0.3000279355619704,0.19207317073170732,0.007457008065743418,-0.20958302180615312,0.19510810269536397,-0.058271388311816275,0.05827138831181622,-0.09874391655605863,-0.03529964917356866,-0.041620396173203206,0.4,-0.05899493699669062,-0.08681001283697048,-0.005106831802523677,0.0229717391382476,-0.11839997217436163
2019,07,Callao,778,172,606,0.2210796915167095,0.7789203084832905,0.2838283828382838,0.034782608695652174,0.02654867256637168,0.5,0.2543171114599686,0.23809523809523808,0.005141388174807198,-0.18629708282105734,0.15733063700707786,-12.05,-77.118,0.26038654694871405,0.739613453051286,0.3520576131687243,0.05080352514256091,0.0494944119212347,0.1,0.3000279355619704,0.19207317073170732,0.007457008065743418,-0.20958302180615312,0.19510810269536397,-0.039306855432004545,0.03930685543200452,-0.06822923033044048,-0.016020916446908735,-0.02294573935486302,0.4,-0.04571082410200178,0.04602206736353076,-0.0023156198909362203,0.02328593898509579,-0.037777465688286105
2019,08,Cusco,649,150,499,0.23112480739599384,0.7688751926040062,0.30060120240480964,0.08737864077669903,0.0891089108910891,0.0,0.2589118198874296,0.2727272727272727,0.01386748844375963,-0.1437461666192948,0.3780582524271845,-13.532,-71.967,0.26038654694871405,0.739613453051286,0.3520576131687243,0.05080352514256091,0.0494944119212347,0.1,0.3000279355619704,0.19207317073170732,0.007457008065743418,-0.20958302180615312,0.19510810269536397,-0.029261739552720212,0.029261739552720156,-0.05145641076391466,0.03657511563413812,0.0396144989698544,-0.1,-0.041116115674540765,0.08065410199556539,0.006410480378016213,0.06583685518685833,0.18295014973182053
2019,09,Huancavelica,578,132,446,0.22837370242214533,0.7716262975778547,0.29596412556053814,0.03488372093023256,0.03571428571428571,0.0,0.2680851063829787,0.10526315789473684,0.005190311418685121,-0.19348998149191277,0.15274841437632136,-12.786,-74.973,0.26038654694871405,0.739613453051286,0.3520576131687243,0.05080352514256091,0.0494944119212347,0.1,0.3000279355619704,0.19207317073170732,0.007457008065743418,-0.20958302180615312,0.19510810269536397,-0.03201284452656872,0.03201284452656872,-0.056093487608186166,-0.015919804212328352,-0.01378012620694899,-0.1,-0.03194282917899166,-0.08681001283697048,-0.002266696647058297,0.01609304031424036,-0.042359688319042604
2019,10,Huánuco,313,102,211,0.3258785942492013,0.6741214057507987,0.4834123222748815,0.13333333333333333,0.13953488372093023,0.0,0.36470588235294116,0.2222222222222222,0.019169329073482427,-0.19254526091586796,0.4091503267973856,-9.93,-76.242,0.26038654694871405,0.739613453051286,0.3520576131687243,0.05080352514256091,0.0494944119212347,0.1,0.3000279355619704,0.19207317073170732,0.007457008065743418,-0.20958302180615312,0.19510810269536397,0.06549204730048724,-0.0654920473004873,0.1313547091061572,0.08252980819077242,0.09004047179969553,-0.1,0.06467794679097078,0.03014905149051489,0.011712321007739009,0.017037760890285164,0.21404222410202164
2019,11,Ica,840,240,600,0.2857142857142857,0.7142857142857143,0.4,0.03968253968253968,0.04032258064516129,0.0,0.3333333333333333,0.15384615384615385,0.005952380952380952,-0.24603174603174602,0.1388888888888889,-14.068,-75.729,0.26038654694871405,0.739613453051286,0.3520576131687243,0.05080352514256091,0.0494944119212347,0.1,0.3000279355619704,0.19207317073170732,0.007457008065743418,-0.20958302180615312,0.19510810269536397,0.02532773876557165,-0.025327738765571706,0.04794238683127572,-0.01112098546002123,-0.009171831276073412,-0.1,0.03330539777136293,-0.038227016885553466,-0.0015046271133624658,-0.03644872422559289,-0.05621921380647507
2019,12,Junín,616,157,459,0.25487012987012986,0.7451298701298701,0.3420479302832244,0.011764705882352941,0.012048192771084338,0.0,0.29469548133595286,0.26666666666666666,0.0016233766233766235,-0.2431054239877769,0.046159610340951666,-12.066,-75.204,0.26038654694871405,0.739613453051286,0.3520576131687243,0.05080352514256091,0.0494944119212347,0.1,0.3000279355619704,0.19207317073170732,0.007457008065743418,-0.20958302180615312,0.19510810269536397,-0.00551641707858419,0.005516417078584079,-0.010009682885499915,-0.03903881926020797,-0.03744621915015037,-0.1,-0.0053324542260175245,0.07459349593495934,-0.005833631442366795,-0.03352240218162378,-0.1489484923544123
2019,13,La Libertad,293,89,204,0.3037542662116041,0.6962457337883959,0.4362745098039216,0.05,0.05263157894736842,0.0,0.3487394957983193,0.3,0.006825938566552901,-0.25375426621160413,0.1646067415730337,-8.115,-79.029,0.26038654694871405,0.739613453051286,0.3520576131687243,0.05080352514256091,0.0494944119212347,0.1,0.3000279355619704,0.19207317073170732,0.007457008065743418,-0.20958302180615312,0.19510810269536397,0.04336771926289007,-0.04336771926289007,0.08421689663519727,-0.0008035251425609069,0.0031371670261337165,-0.1,0.04871156023634893,0.10792682926829267,-0.0006310694991905168,-0.044171244405451004,-0.03050136112233026
2019,14,Lambayeque,1393,451,942,0.3237616654702082,0.6762383345297918,0.47876857749469215,0.09770114942528736,0.09883720930232558,0.0,0.3626086956521739,0.0,0.012203876525484566,-0.22606051604492083,0.30176873869052173,-6.772,-79.84,0.26038654694871405,0.739613453051286,0.3520576131687243,0.05080352514256091,0.0494944119212347,0.1,0.3000279355619704,0.19207317073170732,0.007457008065743418,-0.20958302180615312,0.19510810269536397,0.06337511852149413,-0.06337511852149424,0.12671096432596785,0.04689762428272645,0.049342797381090875,-0.1,0.06258076009020352,-0.19207317073170732,0.004746868459741148,-0.01647749423876771,0.10666063599515777
2019,15,Lima,390,106,284,0.2717948717948718,0.7282051282051282,0.3732394366197183,0.01818181818181818,0.018867924528301886,0.0,0.31746031746031744,0.1875,0.002564102564102564,-0.2536130536130536,0.06689536878216124,-12.046,-77.043,0.26038654694871405,0.739613453051286,0.3520576131687243,0.05080352514256091,0.0494944119212347,0.1,0.3000279355619704,0.19207317073170732,0.007457008065743418,-0.20958302180615312,0.19510810269536397,0.011408324846157725,-0.011408324846157836,0.02118182345099401,-0.03262170696074273,-0.030626487392932816,-0.1,0.01743238189834706,-0.004573170731707321,-0.004892905501640853,-0.04403003180690046,-0.12821273391320273
2019,16,Loreto,86,27,59,0.313953488372093,0.686046511627907,0.4576271186440678,0.0,0.0,0.0,0.3968253968253968,0.2222222222222222,0.0,-0.313953488372093,0.0,-3.749,-73.253,0.26038654694871405,0.739613453051286,0.3520576131687243,0.05080352514256091,0.0494944119212347,0.1,0.3000279355619704,0.19207317073170732,0.007457008065743418,-0.20958302180615312,0.19510810269536397,0.05356694142337898,-0.05356694142337903,0.1055695054753435,-0.05080352514256091,-0.0494944119212347,-0.1,0.09679746126342642,0.03014905149051489,-0.007457008065743418,-0.1043704665659399,-0.19510810269536397
2019,17,Madre de Dios,143,37,106,0.25874125874125875,0.7412587412587412,0.3490566037735849,0.0,0.0,0.0,0.3181818181818182,0.2222222222222222,0.0,-0.25874125874125875,0.0,-12.593,-69.189,0.26038654694871405,0.739613453051286,0.3520576131687243,0.05080352514256091,0.0494944119212347,0.1,0.3000279355619704,0.19207317073170732,0.007457008065743418,-0.20958302180615312,0.19510810269536397,-0.0016452882074552977,0.0016452882074552422,-0.00300100939513942,-0.05080352514256091,-0.0494944119212347,-0.1,0.018153882619847794,0.03014905149051489,-0.007457008065743418,-0.049158236935105626,-0.19510810269536397
2019,18,Moquegua,205,48,157,0.23414634146341465,0.7658536585365854,0.3057324840764331,0.0,0.0,0.0,0.2883435582822086,0.1111111111111111,0.0,-0.23414634146341465,0.0,-17.194,-70.934,0.26038654694871405,0.739613453051286,0.3520576131687243,0.05080352514256091,0.0494944119212347,0.1,0.3000279355619704,0.19207317073170732,0.007457008065743418,-0.20958302180615312,0.19510810269536397,-0.0262402054852994,0.026240205485299373,-0.046325129092291195,-0.05080352514256091,-0.0494944119212347,-0.1,-0.011684377279761793,-0.08096205962059622,-0.007457008065743418,-0.024563319657261523,-0.19510810269536397
2019,19,Pasco,504,125,379,0.24801587301587302,0.751984126984127,0.32981530343007914,0.07352941176470588,0.07575757575757576,0.0,0.2799043062200957,0.0,0.00992063492063492,-0.17448646125116712,0.2964705882352941,-10.686,-76.262,0.26038654694871405,0.739613453051286,0.3520576131687243,0.05080352514256091,0.0494944119212347,0.1,0.3000279355619704,0.19207317073170732,0.007457008065743418,-0.20958302180615312,0.19510810269536397,-0.012370673932841025,0.01237067393284097,-0.02224230973864516,0.022725886622144975,0.026263163836341058,-0.1,-0.02012362934187467,-0.19207317073170732,0.0024636268548915022,0.035096560554986,0.10136248553993013
2019,20,Piura,756,163,593,0.2156084656084656,0.7843915343915344,0.2748735244519393,0.03571428571428571,0.03636363636363636,0.0,0.24838709677419354,0.2631578947368421,0.005291005291005291,-0.17989417989417988,0.1656441717791411,-5.194,-80.632,0.26038654694871405,0.739613453051286,0.3520576131687243,0.05080352514256091,0.0494944119212347,0.1,0.3000279355619704,0.19207317073170732,0.007457008065743418,-0.20958302180615312,0.19510810269536397,-0.04477808134024844,0.04477808134024841,-0.077184088716785,-0.015089239428275197,-0.01313077555759834,-0.1,-0.05164083878777684,0.07108472400513477,-0.002166002774738127,0.02968884191197324,-0.029463930916222875
2019,21,Puno,531,146,385,0.2749529190207156,0.7250470809792844,0.37922077922077924,0.11392405063291139,0.1038961038961039,0.5,0.3071593533487298,0.2,0.01694915254237288,-0.16102886838780422,0.4143402115484654,-15.84,-70.028,0.26038654694871405,0.739613453051286,0.3520576131687243,0.05080352514256091,0.0494944119212347,0.1,0.3000279355619704,0.19207317073170732,0.007457008065743418,-0.20958302180615312,0.19510810269536397,0.014566372072001565,-0.014566372072001621,0.027163166052054932,0.06312052549035048,0.0544016919748692,0.4,0.007131417786759409,0.00792682926829269,0.009492144476629463,0.0485541534183489,0.21923210885310143
2019,22,San Martín,205,64,141,0.3121951219512195,0.6878048780487804,0.45390070921985815,0.06451612903225806,0.034482758620689655,0.5,0.36809815950920244,0.2222222222222222,0.00975609756097561,-0.24767899291896145,0.2066532258064516,-6.49,-76.371,0.26038654694871405,0.739613453051286,0.3520576131687243,0.05080352514256091,0.0494944119212347,0.1,0.3000279355619704,0.19207317073170732,0.007457008065743418,-0.20958302180615312,0.19510810269536397,0.051808575002505464,-0.051808575002505575,0.10184309605113384,0.013712603889697153,-0.015011653300545047,0.4,0.06807022394723206,0.03014905149051489,0.002299089495232192,-0.038095971112808324,0.01154512311108763
2019,23,Tacna,99,27,72,0.2727272727272727,0.7272727272727273,0.375,0.06666666666666667,0.07692307692307693,0.0,0.3466666666666667,0.0,0.010101010101010102,-0.20606060606060606,0.24444444444444446,-18.006,-70.247,0.26038654694871405,0.739613453051286,0.3520576131687243,0.05080352514256091,0.0494944119212347,0.1,0.3000279355619704,0.19207317073170732,0.007457008065743418,-0.20958302180615312,0.19510810269536397,0.012340725778558659,-0.012340725778558714,0.022942386831275696,0.015863141524105756,0.027428665001842226,-0.1,0.046638731104696296,-0.19207317073170732,0.002644002035266684,0.0035224157455470695,0.0493363417490805
2019,24,Tumbes,89,25,64,0.2808988764044944,0.7191011235955056,0.390625,0.0,0.0,0.0,0.2835820895522388,0.4444444444444444,0.0,-0.2808988764044944,0.0,-3.566,-80.451,0.26038654694871405,0.739613453051286,0.3520576131687243,0.05080352514256091,0.0494944119212347,0.1,0.3000279355619704,0.19207317073170732,0.007457008065743418,-0.20958302180615312,0.19510810269536397,0.020512329455780354,-0.02051232945578041,0.038567386831275696,-0.05080352514256091,-0.0494944119212347,-0.1,-0.01644584600973159,0.2523712737127371,-0.007457008065743418,-0.07131585459834128,-0.19510810269536397
2019,25,Ucayali,142,43,99,0.3028169014084507,0.6971830985915493,0.43434343434343436,0.05263157894736842,0.058823529411764705,0.0,0.36936936936936937,0.1,0.007042253521126761,-0.25018532246108227,0.17380660954712362,-8.379,-74.553,0.26038654694871405,0.739613453051286,0.3520576131687243,0.05080352514256091,0.0494944119212347,0.1,0.3000279355619704,0.19207317073170732,0.007457008065743418,-0.20958302180615312,0.19510810269536397,0.04243035445973664,-0.04243035445973675,0.08228582117471006,0.0018280538048075085,0.009329117490530003,-0.1,0.06934143380739899,-0.09207317073170732,-0.00041475454461665714,-0.040602300654929147,-0.02130149314824034
2019,02,Áncash,1084,278,806,0.2564575645756458,0.7435424354243543,0.34491315136476425,0.029585798816568046,0.029940119760479042,0.0,0.2983050847457627,0.24,0.004612546125461255,-0.22687176575907775,0.11536333063726532,-9.527,-77.528,0.26038654694871405,0.739613453051286,0.3520576131687243,0.05080352514256091,0.0494944119212347,0.1,0.3000279355619704,0.19207317073170732,0.007457008065743418,-0.20958302180615312,0.19510810269536397,-0.003928982373068268,0.003928982373068268,-0.007144461803960056,-0.021217726325992864,-0.01955429216075566,-0.1,-0.001722850816207655,0.04792682926829267,-0.0028444619402821633,-0.017288743952924623,-0.07974477205809864
2020,01,Amazonas,546,137,409,0.2509157509157509,0.7490842490842491,0.33496332518337407,0.05813953488372093,0.05952380952380952,0.0,0.28794642857142855,0.3,0.009157509157509158,-0.19277621603203,0.2317093872008148,-6.231,-77.869,0.26023436311063763,0.7397656368893624,0.3517794692450113,0.05080352514256091,0.0494944119212347,0.1,0.3000279355619704,0.19207317073170732,0.007457008065743418,-0.2094308379680767,0.19522220100103377,-0.009318612194886722,0.009318612194886722,-0.016816144061637228,0.00733600974116002,0.010029397602574819,-0.1,-0.012081506990541835,0.10792682926829267,0.00170050109176574,0.01665462193604672,0.03648718619978103
2020,03,Apurímac,544,118,426,0.21691176470588236,0.7830882352941176,0.27699530516431925,0.023255813953488372,0.023809523809523808,0.0,0.257847533632287,0.1,0.003676470588235294,-0.193655950752394,0.10721324398896334,-13.637,-72.879,0.26023436311063763,0.7397656368893624,0.3517794692450113,0.05080352514256091,0.0494944119212347,0.1,0.3000279355619704,0.19207317073170732,0.007457008065743418,-0.2094308379680767,0.19522220100103377,-0.043322598404755275,0.043322598404755275,-0.07478416408069205,-0.027547711189072538,-0.025684888111710893,-0.1,-0.042180401929683364,-0.09207317073170732,-0.003780537477508124,0.01577488721568271,-0.08800895701207043
2020,04,Arequipa,750,224,526,0.2986666666666667,0.7013333333333334,0.42585551330798477,0.08108108108108109,0.08256880733944955,0.0,0.3408723747980614,0.21428571428571427,0.012,-0.2175855855855856,0.271476833976834,-16.398,-71.536,0.26023436311063763,0.7397656368893624,0.3517794692450113,0.05080352514256091,0.0494944119212347,0.1,0.3000279355619704,0.19207317073170732,0.007457008065743418,-0.2094308379680767,0.19522220100103377,0.03843230355602906,-0.038432303556029,0.07407604406297347,0.030277555938520176,0.033074395418214844,-0.1,0.04084443923609099,0.022212543554006953,0.004542991934256582,-0.008154747617508895,0.07625463297580021
2020,05,Ayacucho,757,186,571,0.24570673712021135,0.7542932628797886,0.3257443082311734,0.041666666666666664,0.03389830508474576,0.5,0.28640776699029125,0.25,0.0066050198150594455,-0.2040400704535447,0.16957885304659498,-13.163,-74.224,0.26023436311063763,0.7397656368893624,0.3517794692450113,0.05080352514256091,0.0494944119212347,0.1,0.3000279355619704,0.19207317073170732,0.007457008065743418,-0.2094308379680767,0.19522220100103377,-0.014527625990426285,0.01452762599042623,-0.026035161013837904,-0.009136858475894245,-0.015596106836488939,0.4,-0.013620168571679137,0.05792682926829268,-0.0008519882506839724,0.005390767514532019,-0.02564334795443879
2020,06,Cajamarca,851,174,677,0.2044653349001175,0.7955346650998825,0.2570162481536189,0.015503875968992248,0.007874015748031496,0.5,0.24103299856527977,0.10526315789473684,0.0023501762632197414,-0.18896145893112526,0.07582642787133564,-7.161,-78.512,0.26023436311063763,0.7397656368893624,0.3517794692450113,0.05080352514256091,0.0494944119212347,0.1,0.3000279355619704,0.19207317073170732,0.007457008065743418,-0.2094308379680767,0.19522220100103377,-0.05576902821052013,0.0557690282105201,-0.0947632210913924,-0.03529964917356866,-0.041620396173203206,0.4,-0.05899493699669062,-0.08681001283697048,-0.005106831802523677,0.02046937903695145,-0.11939577312969812
2020,07,Callao,778,172,606,0.2210796915167095,0.7789203084832905,0.2838283828382838,0.034782608695652174,0.02654867256637168,0.5,0.2543171114599686,0.23809523809523808,0.005141388174807198,-0.18629708282105734,0.15733063700707786,-12.05,-77.118,0.26023436311063763,0.7397656368893624,0.3517794692450113,0.05080352514256091,0.0494944119212347,0.1,0.3000279355619704,0.19207317073170732,0.007457008065743418,-0.2094308379680767,0.19522220100103377,-0.03915467159392813,0.03915467159392816,-0.06795108640672748,-0.016020916446908735,-0.02294573935486302,0.4,-0.04571082410200178,0.04602206736353076,-0.0023156198909362203,0.023133755147019375,-0.03789156399395591
2020,08,Cusco,649,150,499,0.23112480739599384,0.7688751926040062,0.30060120240480964,0.08737864077669903,0.0891089108910891,0.0,0.2589118198874296,0.2727272727272727,0.01386748844375963,-0.1437461666192948,0.3780582524271845,-13.532,-71.967,0.26023436311063763,0.7397656368893624,0.3517794692450113,0.05080352514256091,0.0494944119212347,0.1,0.3000279355619704,0.19207317073170732,0.007457008065743418,-0.2094308379680767,0.19522220100103377,-0.029109555714643798,0.029109555714643798,-0.05117826684020166,0.03657511563413812,0.0396144989698544,-0.1,-0.041116115674540765,0.08065410199556539,0.006410480378016213,0.06568467134878192,0.18283605142615073
2020,09,Huancavelica,578,133,445,0.2301038062283737,0.7698961937716263,0.298876404494382,0.03488372093023256,0.03571428571428571,0.0,0.2680851063829787,0.10526315789473684,0.005190311418685121,-0.19522008529814114,0.1515999300577024,-12.786,-74.973,0.26023436311063763,0.7397656368893624,0.3517794692450113,0.05080352514256091,0.0494944119212347,0.1,0.3000279355619704,0.19207317073170732,0.007457008065743418,-0.2094308379680767,0.19522220100103377,-0.03013055688226393,0.03013055688226396,-0.05290306475062928,-0.015919804212328352,-0.01378012620694899,-0.1,-0.03194282917899166,-0.08681001283697048,-0.002266696647058297,0.014210752669935572,-0.043622270943331376
2020,10,Huánuco,313,102,211,0.3258785942492013,0.6741214057507987,0.4834123222748815,0.13333333333333333,0.13953488372093023,0.0,0.36470588235294116,0.2222222222222222,0.019169329073482427,-0.19254526091586796,0.4091503267973856,-9.93,-76.242,0.26023436311063763,0.7397656368893624,0.3517794692450113,0.05080352514256091,0.0494944119212347,0.1,0.3000279355619704,0.19207317073170732,0.007457008065743418,-0.2094308379680767,0.19522220100103377,0.06564423113856366,-0.06564423113856366,0.1316328530298702,0.08252980819077242,0.09004047179969553,-0.1,0.06467794679097078,0.03014905149051489,0.011712321007739009,0.01688557705220875,0.21392812579635184
2020,11,Ica,840,239,601,0.2845238095238095,0.7154761904761905,0.39767054908485855,0.03968253968253968,0.04032258064516129,0.0,0.3333333333333333,0.15384615384615385,0.005952380952380952,-0.24484126984126983,0.1394700139470014,-14.068,-75.729,0.26023436311063763,0.7397656368893624,0.3517794692450113,0.05080352514256091,0.0494944119212347,0.1,0.3000279355619704,0.19207317073170732,0.007457008065743418,-0.2094308379680767,0.19522220100103377,0.024289446413171878,-0.024289446413171878,0.04589107983984725,-0.01112098546002123,-0.009171831276073412,-0.1,0.03330539777136293,-0.038227016885553466,-0.0015046271133624658,-0.03541043187319312,-0.05575218705403237
2020,12,Junín,616,157,459,0.25487012987012986,0.7451298701298701,0.3420479302832244,0.011764705882352941,0.012048192771084338,0.0,0.29469548133595286,0.26666666666666666,0.0016233766233766235,-0.2431054239877769,0.046159610340951666,-12.066,-75.204,0.26023436311063763,0.7397656368893624,0.3517794692450113,0.05080352514256091,0.0494944119212347,0.1,0.3000279355619704,0.19207317073170732,0.007457008065743418,-0.2094308379680767,0.19522220100103377,-0.005364233240507776,0.005364233240507721,-0.009731538961786912,-0.03903881926020797,-0.03744621915015037,-0.1,-0.0053324542260175245,0.07459349593495934,-0.005833631442366795,-0.03367458601970019,-0.1490625906600821
2020,13,La Libertad,293,90,203,0.30716723549488056,0.6928327645051194,0.4433497536945813,0.05,0.05263157894736842,0.0,0.3487394957983193,0.3,0.006825938566552901,-0.2571672354948806,0.16277777777777777,-8.115,-79.029,0.26023436311063763,0.7397656368893624,0.3517794692450113,0.05080352514256091,0.0494944119212347,0.1,0.3000279355619704,0.19207317073170732,0.007457008065743418,-0.2094308379680767,0.19522220100103377,0.04693287238424293,-0.04693287238424293,0.09157028444957,-0.0008035251425609069,0.0031371670261337165,-0.1,0.04871156023634893,0.10792682926829267,-0.0006310694991905168,-0.047736397526803864,-0.032444423223256
2020,14,Lambayeque,1393,451,942,0.3237616654702082,0.6762383345297918,0.47876857749469215,0.09770114942528736,0.09883720930232558,0.0,0.3626086956521739,0.0,0.012203876525484566,-0.22606051604492083,0.30176873869052173,-6.772,-79.84,0.26023436311063763,0.7397656368893624,0.3517794692450113,0.05080352514256091,0.0494944119212347,0.1,0.3000279355619704,0.19207317073170732,0.007457008065743418,-0.2094308379680767,0.19522220100103377,0.06352730235957055,-0.0635273023595706,0.12698910824968085,0.04689762428272645,0.049342797381090875,-0.1,0.06258076009020352,-0.19207317073170732,0.004746868459741148,-0.016629678076844123,0.10654653768948796
2020,15,Lima,390,105,285,0.2692307692307692,0.7307692307692307,0.3684210526315789,0.01818181818181818,0.018867924528301886,0.0,0.31746031746031744,0.1875,0.002564102564102564,-0.25104895104895103,0.06753246753246753,-12.046,-77.043,0.26023436311063763,0.7397656368893624,0.3517794692450113,0.05080352514256091,0.0494944119212347,0.1,0.3000279355619704,0.19207317073170732,0.007457008065743418,-0.2094308379680767,0.19522220100103377,0.008996406120131584,-0.00899640612013164,0.016641583386567627,-0.03262170696074273,-0.030626487392932816,-0.1,0.01743238189834706,-0.004573170731707321,-0.004892905501640853,-0.04161811308087432,-0.12768973346856624
2020,16,Loreto,86,27,59,0.313953488372093,0.686046511627907,0.4576271186440678,0.0,0.0,0.0,0.3968253968253968,0.2222222222222222,0.0,-0.313953488372093,0.0,-3.749,-73.253,0.26023436311063763,0.7397656368893624,0.3517794692450113,0.05080352514256091,0.0494944119212347,0.1,0.3000279355619704,0.19207317073170732,0.007457008065743418,-0.2094308379680767,0.19522220100103377,0.05371912526145539,-0.05371912526145539,0.1058476493990565,-0.05080352514256091,-0.0494944119212347,-0.1,0.09679746126342642,0.03014905149051489,-0.007457008065743418,-0.10452265040401632,-0.19522220100103377
2020,17,Madre de Dios,143,37,106,0.25874125874125875,0.7412587412587412,0.3490566037735849,0.0,0.0,0.0,0.3181818181818182,0.2222222222222222,0.0,-0.25874125874125875,0.0,-12.593,-69.189,0.26023436311063763,0.7397656368893624,0.3517794692450113,0.05080352514256091,0.0494944119212347,0.1,0.3000279355619704,0.19207317073170732,0.007457008065743418,-0.2094308379680767,0.19522220100103377,-0.0014931043693788837,0.0014931043693788837,-0.0027228654714264167,-0.05080352514256091,-0.0494944119212347,-0.1,0.018153882619847794,0.03014905149051489,-0.007457008065743418,-0.04931042077318204,-0.19522220100103377
2020,18,Moquegua,205,48,157,0.23414634146341465,0.7658536585365854,0.3057324840764331,0.0,0.0,0.0,0.2883435582822086,0.1111111111111111,0.0,-0.23414634146341465,0.0,-17.194,-70.934,0.26023436311063763,0.7397656368893624,0.3517794692450113,0.05080352514256091,0.0494944119212347,0.1,0.3000279355619704,0.19207317073170732,0.007457008065743418,-0.2094308379680767,0.19522220100103377,-0.026088021647222986,0.026088021647223014,-0.04604698516857819,-0.05080352514256091,-0.0494944119212347,-0.1,-0.011684377279761793,-0.08096205962059622,-0.007457008065743418,-0.024715503495337937,-0.19522220100103377
2020,19,Pasco,504,124,380,0.24603174603174602,0.753968253968254,0.3263157894736842,0.07352941176470588,0.07575757575757576,0.0,0.2799043062200957,0.0,0.00992063492063492,-0.17250233426704015,0.29886148007590135,-10.686,-76.262,0.26023436311063763,0.7397656368893624,0.3517794692450113,0.05080352514256091,0.0494944119212347,0.1,0.3000279355619704,0.19207317073170732,0.007457008065743418,-0.2094308379680767,0.19522220100103377,-0.014202617078891616,0.014202617078891588,-0.025463679771327075,0.022725886622144975,0.026263163836341058,-0.1,-0.02012362934187467,-0.19207317073170732,0.0024636268548915022,0.036928503701036564,0.10363927907486759
2020,20,Piura,756,165,591,0.21825396825396826,0.7817460317460317,0.27918781725888325,0.03571428571428571,0.03636363636363636,0.0,0.24838709677419354,0.2631578947368421,0.005291005291005291,-0.18253968253968256,0.16363636363636364,-5.194,-80.632,0.26023436311063763,0.7397656368893624,0.3517794692450113,0.05080352514256091,0.0494944119212347,0.1,0.3000279355619704,0.19207317073170732,0.007457008065743418,-0.2094308379680767,0.19522220100103377,-0.04198039485666938,0.04198039485666938,-0.07259165198612805,-0.015089239428275197,-0.01313077555759834,-0.1,-0.05164083878777684,0.07108472400513477,-0.002166002774738127,0.026891155428394153,-0.03158583736467013
2020,21,Puno,531,146,385,0.2749529190207156,0.7250470809792844,0.37922077922077924,0.11392405063291139,0.1038961038961039,0.5,0.3071593533487298,0.2,0.01694915254237288,-0.16102886838780422,0.4143402115484654,-15.84,-70.028,0.26023436311063763,0.7397656368893624,0.3517794692450113,0.05080352514256091,0.0494944119212347,0.1,0.3000279355619704,0.19207317073170732,0.007457008065743418,-0.2094308379680767,0.19522220100103377,0.01471855591007798,-0.01471855591007798,0.027441309975767936,0.06312052549035048,0.0544016919748692,0.4,0.007131417786759409,0.00792682926829269,0.009492144476629463,0.048401969580272486,0.21911801054743163
2020,22,San Martín,205,64,141,0.3121951219512195,0.6878048780487804,0.45390070921985815,0.06451612903225806,0.034482758620689655,0.5,0.36809815950920244,0.2222222222222222,0.00975609756097561,-0.24767899291896145,0.2066532258064516,-6.49,-76.371,0.26023436311063763,0.7397656368893624,0.3517794692450113,0.05080352514256091,0.0494944119212347,0.1,0.3000279355619704,0.19207317073170732,0.007457008065743418,-0.2094308379680767,0.19522220100103377,0.05196075884058188,-0.05196075884058193,0.10212123997484684,0.013712603889697153,-0.015011653300545047,0.4,0.06807022394723206,0.03014905149051489,0.002299089495232192,-0.03824815495088474,0.011431024805417828
2020,23,Tacna,99,27,72,0.2727272727272727,0.7272727272727273,0.375,0.06666666666666667,0.07692307692307693,0.0,0.3466666666666667,0.0,0.010101010101010102,-0.20606060606060606,0.24444444444444446,-18.006,-70.247,0.26023436311063763,0.7397656368893624,0.3517794692450113,0.05080352514256091,0.0494944119212347,0.1,0.3000279355619704,0.19207317073170732,0.007457008065743418,-0.2094308379680767,0.19522220100103377,0.012492909616635073,-0.012492909616635073,0.0232205307549887,0.015863141524105756,0.027428665001842226,-0.1,0.046638731104696296,-0.19207317073170732,0.002644002035266684,0.0033702319074706555,0.049222243443410696
2020,24,Tumbes,89,23,66,0.25842696629213485,0.7415730337078652,0.3484848484848485,0.0,0.0,0.0,0.2835820895522388,0.4444444444444444,0.0,-0.25842696629213485,0.0,-3.566,-80.451,0.26023436311063763,0.7397656368893624,0.3517794692450113,0.05080352514256091,0.0494944119212347,0.1,0.3000279355619704,0.19207317073170732,0.007457008065743418,-0.2094308379680767,0.19522220100103377,-0.0018073968185027822,0.0018073968185028377,-0.003294620760162792,-0.05080352514256091,-0.0494944119212347,-0.1,-0.01644584600973159,0.2523712737127371,-0.007457008065743418,-0.04899612832405814,-0.19522220100103377
2020,25,Ucayali,142,44,98,0.30985915492957744,0.6901408450704225,0.4489795918367347,0.05263157894736842,0.058823529411764705,0.0,0.36936936936936937,0.1,0.007042253521126761,-0.257227575982209,0.16985645933014354,-8.379,-74.553,0.26023436311063763,0.7397656368893624,0.3517794692450113,0.05080352514256091,0.0494944119212347,0.1,0.3000279355619704,0.19207317073170732,0.007457008065743418,-0.2094308379680767,0.19522220100103377,0.049624791818939806,-0.04962479181893986,0.09720012259172339,0.0018280538048075085,0.009329117490530003,-0.1,0.06934143380739899,-0.09207317073170732,-0.00041475454461665714,-0.04779673801413231,-0.02536574167089023
2020,02,Áncash,1084,277,807,0.2555350553505535,0.7444649446494465,0.34324659231722426,0.029585798816568046,0.029940119760479042,0.0,0.2983050847457627,0.24,0.004612546125461255,-0.22594925653398545,0.11577980475508941,-9.527,-77.528,0.26023436311063763,0.7397656368893624,0.3517794692450113,0.05080352514256091,0.0494944119212347,0.1,0.3000279355619704,0.19207317073170732,0.007457008065743418,-0.2094308379680767,0.19522220100103377,-0.004699307760084148,0.004699307760084093,-0.008532876927787036,-0.021217726325992864,-0.01955429216075566,-0.1,-0.001722850816207655,0.04792682926829267,-0.0028444619402821633,-0.016518418565908743,-0.07944239624594436
2021,01,Amazonas,548,138,410,0.2518248175182482,0.7481751824817519,0.33658536585365856,0.05813953488372093,0.05952380952380952,0.0,0.28794642857142855,0.3,0.009124087591240875,-0.19368528263452728,0.23087293562521063,-6.231,-77.869,0.2614098508811568,0.7385901491188432,0.3539308657081676,0.05077720207253886,0.04946808510638298,0.1,0.30007446016381234,0.19207317073170732,0.007380629612893508,-0.21063264880861796,0.19424364422908985,-0.009585033362908613,0.009585033362908613,-0.01734549985450906,0.007362332811182072,0.01005572441742654,-0.1,-0.012128031592383792,0.10792682926829267,0.001743457978347367,0.016947366174090678,0.03662929139612078
2021,03,Apurímac,546,119,427,0.21794871794871795,0.782051282051282,0.2786885245901639,0.023255813953488372,0.023809523809523808,0.0,0.257847533632287,0.1,0.003663003663003663,-0.1946929039952296,0.106703146374829,-13.637,-72.879,0.2614098508811568,0.7385901491188432,0.3539308657081676,0.05077720207253886,0.04946808510638298,0.1,0.30007446016381234,0.19207317073170732,0.007380629612893508,-0.21063264880861796,0.19424364422908985,-0.04346113293243886,0.043461132932438806,-0.07524234111800371,-0.027521388119050486,-0.025658561296859173,-0.1,-0.04222692653152532,-0.09207317073170732,-0.003717625949889845,0.015939744813388362,-0.08754049785426085
2021,04,Arequipa,756,226,530,0.29894179894179895,0.701058201058201,0.42641509433962266,0.08108108108108109,0.08256880733944955,0.0,0.3408723747980614,0.21428571428571427,0.011904761904761904,-0.21786071786071787,0.27122697919158095,-16.398,-71.536,0.2614098508811568,0.7385901491188432,0.3539308657081676,0.05077720207253886,0.04946808510638298,0.1,0.30007446016381234,0.19207317073170732,0.007380629612893508,-0.21063264880861796,0.19424364422908985,0.03753194806064214,-0.037531948060642195,0.07248422863145504,0.03030387900854223,0.033100722233066565,-0.1,0.04079791463424903,0.022212543554006953,0.004524132291868396,-0.007228069052099911,0.0769833349624911
2021,05,Ayacucho,766,189,577,0.24673629242819844,0.7532637075718016,0.3275563258232236,0.04132231404958678,0.03361344537815126,0.5,0.28731942215088285,0.25,0.006527415143603133,-0.20541397837861167,0.16747562202107658,-13.163,-74.224,0.2614098508811568,0.7385901491188432,0.3539308657081676,0.05077720207253886,0.04946808510638298,0.1,0.30007446016381234,0.19207317073170732,0.007380629612893508,-0.21063264880861796,0.19424364422908985,-0.014673558452958368,0.014673558452958368,-0.026374539884944037,-0.00945488802295208,-0.01585463972823172,0.4,-0.012755038012929487,0.05792682926829268,-0.0008532144692903754,0.005218670430006289,-0.026768022208013276
2021,06,Cajamarca,857,177,680,0.20653442240373396,0.793465577596266,0.26029411764705884,0.015503875968992248,0.007874015748031496,0.5,0.24103299856527977,0.10526315789473684,0.002333722287047841,-0.1910305464347417,0.0750667892961941,-7.161,-78.512,0.2614098508811568,0.7385901491188432,0.3539308657081676,0.05077720207253886,0.04946808510638298,0.1,0.30007446016381234,0.19207317073170732,0.007380629612893508,-0.21063264880861796,0.19424364422908985,-0.054875428477422855,0.05487542847742277,-0.09363674806110878,-0.03527332610354661,-0.041594069358351485,0.4,-0.059041461598532574,-0.08681001283697048,-0.005046907325845667,0.019602102373876246,-0.11917685493289575
2021,07,Callao,783,174,609,0.2222222222222222,0.7777777777777778,0.2857142857142857,0.034782608695652174,0.02654867256637168,0.5,0.2543171114599686,0.23809523809523808,0.005108556832694764,-0.18743961352657004,0.1565217391304348,-12.05,-77.118,0.2614098508811568,0.7385901491188432,0.3539308657081676,0.05077720207253886,0.04946808510638298,0.1,0.30007446016381234,0.19207317073170732,0.007380629612893508,-0.21063264880861796,0.19424364422908985,-0.0391876286589346,0.03918762865893455,-0.06821657999388192,-0.015994593376886683,-0.0229194125400113,0.4,-0.04575734870384374,0.04602206736353076,-0.002272072780198744,0.023193035282047914,-0.037721905098655056
2021,08,Cusco,651,150,501,0.2304147465437788,0.7695852534562212,0.2994011976047904,0.08737864077669903,0.0891089108910891,0.0,0.2589118198874296,0.2727272727272727,0.013824884792626729,-0.14303610576707976,0.3792233009708738,-13.532,-71.967,0.2614098508811568,0.7385901491188432,0.3539308657081676,0.05077720207253886,0.04946808510638298,0.1,0.30007446016381234,0.19207317073170732,0.007380629612893508,-0.21063264880861796,0.19424364422908985,-0.03099510433737801,0.030995104337377954,-0.05452966810337723,0.036601438704160175,0.039640825784706124,-0.1,-0.04116264027638272,0.08065410199556539,0.006444255179733221,0.0675965430415382,0.18497965674178396
2021,09,Huancavelica,581,134,447,0.2306368330464716,0.7693631669535284,0.29977628635346754,0.03488372093023256,0.03571428571428571,0.0,0.2680851063829787,0.10526315789473684,0.0051635111876075735,-0.19575311211623903,0.15124956612287402,-12.786,-74.973,0.2614098508811568,0.7385901491188432,0.3539308657081676,0.05077720207253886,0.04946808510638298,0.1,0.30007446016381234,0.19207317073170732,0.007380629612893508,-0.21063264880861796,0.19424364422908985,-0.030773017834685223,0.030773017834685112,-0.05415457935470008,-0.0158934811423063,-0.013753799392097268,-0.1,-0.03198935378083362,-0.08681001283697048,-0.0022171184252859346,0.01487953669237893,-0.04299407810621583
2021,10,Huánuco,317,102,215,0.3217665615141956,0.6782334384858044,0.4744186046511628,0.13333333333333333,0.13953488372093023,0.0,0.36470588235294116,0.2222222222222222,0.01892744479495268,-0.18843322818086225,0.41437908496732023,-9.93,-76.242,0.2614098508811568,0.7385901491188432,0.3539308657081676,0.05077720207253886,0.04946808510638298,0.1,0.30007446016381234,0.19207317073170732,0.007380629612893508,-0.21063264880861796,0.19424364422908985,0.06035671063303877,-0.060356710633038824,0.12048773894299519,0.08255613126079447,0.09006679861454725,-0.1,0.06463142218912882,0.03014905149051489,0.011546815182059173,0.022199420627755706,0.22013544073823038
2021,11,Ica,845,240,605,0.28402366863905326,0.7159763313609467,0.39669421487603307,0.03968253968253968,0.04032258064516129,0.0,0.3333333333333333,0.15384615384615385,0.005917159763313609,-0.24434112895651358,0.13971560846560846,-14.068,-75.729,0.2614098508811568,0.7385901491188432,0.3539308657081676,0.05077720207253886,0.04946808510638298,0.1,0.30007446016381234,0.19207317073170732,0.007380629612893508,-0.21063264880861796,0.19424364422908985,0.02261381775789645,-0.022613817757896504,0.04276334916786545,-0.011094662389999177,-0.009145504461221692,-0.1,0.033258873169520975,-0.038227016885553466,-0.0014634698495798988,-0.033708480147895625,-0.05452803576348139
2021,12,Junín,623,158,465,0.2536115569823435,0.7463884430176565,0.33978494623655914,0.011764705882352941,0.012048192771084338,0.0,0.29469548133595286,0.26666666666666666,0.0016051364365971107,-0.24184685109999055,0.04638868205510052,-12.066,-75.204,0.2614098508811568,0.7385901491188432,0.3539308657081676,0.05077720207253886,0.04946808510638298,0.1,0.30007446016381234,0.19207317073170732,0.007380629612893508,-0.21063264880861796,0.19424364422908985,-0.007798293898813313,0.007798293898813258,-0.014145919471608481,-0.039012496190185916,-0.037419892335298646,-0.1,-0.005378978827859482,0.07459349593495934,-0.005775493176296397,-0.03121420229137259,-0.14785496217398933
2021,13,La Libertad,298,93,205,0.31208053691275167,0.6879194630872483,0.45365853658536587,0.05,0.05263157894736842,0.0,0.3487394957983193,0.3,0.006711409395973154,-0.2620805369127517,0.16021505376344086,-8.115,-79.029,0.2614098508811568,0.7385901491188432,0.3539308657081676,0.05077720207253886,0.04946808510638298,0.1,0.30007446016381234,0.19207317073170732,0.007380629612893508,-0.21063264880861796,0.19424364422908985,0.05067068603159486,-0.05067068603159497,0.09972767087719825,-0.0007772020725388545,0.0031634938409854374,-0.1,0.04866503563450697,0.10792682926829267,-0.000669220216920354,-0.05144788810413373,-0.03402859046564899
2021,14,Lambayeque,1432,468,964,0.3268156424581006,0.6731843575418994,0.4854771784232365,0.09770114942528736,0.09883720930232558,0.0,0.3626086956521739,0.0,0.011871508379888268,-0.22911449303281323,0.2989488161901955,-6.772,-79.84,0.2614098508811568,0.7385901491188432,0.3539308657081676,0.05077720207253886,0.04946808510638298,0.1,0.30007446016381234,0.19207317073170732,0.007380629612893508,-0.21063264880861796,0.19424364422908985,0.06540579157694376,-0.06540579157694382,0.1315463127150689,0.046923947352748505,0.049369124195942596,-0.1,0.06253423548836157,-0.19207317073170732,0.00449087876699476,-0.01848184422419527,0.10470517196110563
2021,15,Lima,394,106,288,0.26903553299492383,0.7309644670050761,0.3680555555555556,0.01818181818181818,0.018867924528301886,0.0,0.31746031746031744,0.1875,0.0025380710659898475,-0.25085371481310564,0.06758147512864494,-12.046,-77.043,0.2614098508811568,0.7385901491188432,0.3539308657081676,0.05077720207253886,0.04946808510638298,0.1,0.30007446016381234,0.19207317073170732,0.007380629612893508,-0.21063264880861796,0.19424364422908985,0.007625682113767018,-0.007625682113767129,0.014124689847387961,-0.032595383890720676,-0.030600160578081095,-0.1,0.017385857296505103,-0.004573170731707321,-0.004842558546903661,-0.04022106600448769,-0.12666216910044492
2021,16,Loreto,87,27,60,0.3103448275862069,0.6896551724137931,0.45,0.0,0.0,0.0,0.3968253968253968,0.2222222222222222,0.0,-0.3103448275862069,0.0,-3.749,-73.253,0.2614098508811568,0.7385901491188432,0.3539308657081676,0.05077720207253886,0.04946808510638298,0.1,0.30007446016381234,0.19207317073170732,0.007380629612893508,-0.21063264880861796,0.19424364422908985,0.04893497670505009,-0.04893497670505009,0.09606913429183239,-0.05077720207253886,-0.04946808510638298,-0.1,0.09675093666158446,0.03014905149051489,-0.007380629612893508,-0.09971217877758895,-0.19424364422908985
2021,17,Madre de Dios,145,37,108,0.25517241379310346,0.7448275862068966,0.3425925925925926,0.0,0.0,0.0,0.3181818181818182,0.2222222222222222,0.0,-0.25517241379310346,0.0,-12.593,-69.189,0.2614098508811568,0.7385901491188432,0.3539308657081676,0.05077720207253886,0.04946808510638298,0.1,0.30007446016381234,0.19207317073170732,0.007380629612893508,-0.21063264880861796,0.19424364422908985,-0.006237437088053355,0.006237437088053355,-0.011338273115575004,-0.05077720207253886,-0.04946808510638298,-0.1,0.018107358018005837,0.03014905149051489,-0.007380629612893508,-0.0445397649844855,-0.19424364422908985
2021,18,Moquegua,207,48,159,0.2318840579710145,0.7681159420289855,0.3018867924528302,0.0,0.0,0.0,0.2883435582822086,0.1111111111111111,0.0,-0.2318840579710145,0.0,-17.194,-70.934,0.2614098508811568,0.7385901491188432,0.3539308657081676,0.05077720207253886,0.04946808510638298,0.1,0.30007446016381234,0.19207317073170732,0.007380629612893508,-0.21063264880861796,0.19424364422908985,-0.029525792910142318,0.029525792910142235,-0.05204407325533744,-0.05077720207253886,-0.04946808510638298,-0.1,-0.01173090188160375,-0.08096205962059622,-0.007380629612893508,-0.02125140916239654,-0.19424364422908985
2021,19,Pasco,511,126,385,0.2465753424657534,0.7534246575342466,0.32727272727272727,0.07352941176470588,0.07575757575757576,0.0,0.2799043062200957,0.0,0.009784735812133072,-0.1730459307010475,0.298202614379085,-10.686,-76.262,0.2614098508811568,0.7385901491188432,0.3539308657081676,0.05077720207253886,0.04946808510638298,0.1,0.30007446016381234,0.19207317073170732,0.007380629612893508,-0.21063264880861796,0.19424364422908985,-0.014834508415403402,0.014834508415403347,-0.02665813843544035,0.022752209692167027,0.02628949065119278,-0.1,-0.02017015394371663,-0.19207317073170732,0.0024041061992395637,0.037586718107570444,0.10395897014999517
2021,20,Piura,761,165,596,0.21681997371879105,0.783180026281209,0.27684563758389263,0.03571428571428571,0.03636363636363636,0.0,0.24838709677419354,0.2631578947368421,0.005256241787122208,-0.18110568800450533,0.1647186147186147,-5.194,-80.632,0.2614098508811568,0.7385901491188432,0.3539308657081676,0.05077720207253886,0.04946808510638298,0.1,0.30007446016381234,0.19207317073170732,0.007380629612893508,-0.21063264880861796,0.19424364422908985,-0.04458987716236576,0.04458987716236573,-0.07708522812427498,-0.015062916358253145,-0.013104448742746619,-0.1,-0.051687363389618796,0.07108472400513477,-0.0021243878257713004,0.02952696080411263,-0.029525029510475143
2021,21,Puno,535,149,386,0.27850467289719627,0.7214953271028037,0.3860103626943005,0.11392405063291139,0.1038961038961039,0.5,0.3071593533487298,0.2,0.016822429906542057,-0.16458062226428488,0.4090561549570979,-15.84,-70.028,0.2614098508811568,0.7385901491188432,0.3539308657081676,0.05077720207253886,0.04946808510638298,0.1,0.30007446016381234,0.19207317073170732,0.007380629612893508,-0.21063264880861796,0.19424364422908985,0.017094822016039457,-0.017094822016039513,0.03207949698613288,0.06314684856037253,0.05442801878972092,0.4,0.007084893184917451,0.00792682926829269,0.009441800293648548,0.046052026544333075,0.21481251072800805
2021,22,San Martín,207,65,142,0.3140096618357488,0.6859903381642513,0.45774647887323944,0.06451612903225806,0.034482758620689655,0.5,0.36809815950920244,0.2222222222222222,0.00966183574879227,-0.24949353280349074,0.2054590570719603,-6.49,-76.371,0.2614098508811568,0.7385901491188432,0.3539308657081676,0.05077720207253886,0.04946808510638298,0.1,0.30007446016381234,0.19207317073170732,0.007380629612893508,-0.21063264880861796,0.19424364422908985,0.052599810954591986,-0.052599810954591986,0.10381561316507182,0.013738926959719205,-0.014985326485693326,0.4,0.0680236993453901,0.03014905149051489,0.002281206135898762,-0.03886088399487278,0.011215412842870448
2021,23,Tacna,101,28,73,0.27722772277227725,0.7227722772277227,0.3835616438356164,0.06666666666666667,0.07692307692307693,0.0,0.3466666666666667,0.0,0.009900990099009901,-0.2105610561056106,0.24047619047619045,-18.006,-70.247,0.2614098508811568,0.7385901491188432,0.3539308657081676,0.05077720207253886,0.04946808510638298,0.1,0.30007446016381234,0.19207317073170732,0.007380629612893508,-0.21063264880861796,0.19424364422908985,0.01581787189112044,-0.015817871891120494,0.029630778127448798,0.01588946459412781,0.027454991816693947,-0.1,0.04659220650285434,-0.19207317073170732,0.002520360486116393,7.159270300735598e-05,0.0462325462471006
2021,24,Tumbes,93,26,67,0.27956989247311825,0.7204301075268817,0.3880597014925373,0.0,0.0,0.0,0.2835820895522388,0.4444444444444444,0.0,-0.27956989247311825,0.0,-3.566,-80.451,0.2614098508811568,0.7385901491188432,0.3539308657081676,0.05077720207253886,0.04946808510638298,0.1,0.30007446016381234,0.19207317073170732,0.007380629612893508,-0.21063264880861796,0.19424364422908985,0.01816004159196144,-0.018160041591961495,0.034128835784369704,-0.05077720207253886,-0.04946808510638298,-0.1,-0.016492370611573548,0.2523712737127371,-0.007380629612893508,-0.0689372436645003,-0.19424364422908985
2021,25,Ucayali,145,46,99,0.31724137931034485,0.6827586206896552,0.46464646464646464,0.05263157894736842,0.058823529411764705,0.0,0.36936936936936937,0.1,0.006896551724137931,-0.26460980036297643,0.16590389016018303,-8.379,-74.553,0.2614098508811568,0.7385901491188432,0.3539308657081676,0.05077720207253886,0.04946808510638298,0.1,0.30007446016381234,0.19207317073170732,0.007380629612893508,-0.21063264880861796,0.19424364422908985,0.05583152842918804,-0.05583152842918804,0.11071559893829702,0.0018543768748295608,0.009355444305381724,-0.1,0.06929490920555703,-0.09207317073170732,-0.00048407788875557724,-0.05397715155435848,-0.02833975406890682
2021,02,Áncash,1089,280,809,0.2571166207529844,0.7428833792470156,0.34610630407911,0.029585798816568046,0.029940119760479042,0.0,0.2983050847457627,0.24,0.004591368227731864,-0.22753082193641638,0.11506762468300928,-9.527,-77.528,0.2614098508811568,0.7385901491188432,0.3539308657081676,0.05077720207253886,0.04946808510638298,0.1,0.30007446016381234,0.19207317073170732,0.007380629612893508,-0.21063264880861796,0.19424364422908985,-0.004293230128172398,0.004293230128172398,-0.007824561629057591,-0.02119140325597081,-0.01952796534590394,-0.1,-0.0017693754180496124,0.04792682926829267,-0.0027892613851616442,-0.016898173127798427,-0.07917601954608057
2022,01,Amazonas,546,138,408,0.25274725274725274,0.7472527472527473,0.3382352941176471,0.05813953488372093,0.05952380952380952,0.0,0.28794642857142855,0.3,0.009157509157509158,-0.19460771786353182,0.23003033367037412,-6.231,-77.869,0.26149862930246726,0.7385013706975327,0.3540936275520726,0.05077720207253886,0.04946808510638298,0.1,0.30007446016381234,0.19207317073170732,0.007462686567164179,-0.2107214272299284,0.19417769878176477,-0.008751376555214518,0.008751376555214518,-0.015858333434425498,0.007362332811182072,0.01005572441742654,-0.1,-0.012128031592383792,0.10792682926829267,0.001694822590344979,0.016113709366396584,0.03585263488860935
2022,03,Apurímac,544,119,425,0.21875,0.78125,0.28,0.023255813953488372,0.023809523809523808,0.0,0.257847533632287,0.1,0.003676470588235294,-0.19549418604651164,0.10631229235880399,-13.637,-72.879,0.26149862930246726,0.7385013706975327,0.3540936275520726,0.05077720207253886,0.04946808510638298,0.1,0.30007446016381234,0.19207317073170732,0.007462686567164179,-0.2107214272299284,0.19417769878176477,-0.042748629302467256,0.042748629302467256,-0.07409362755207255,-0.027521388119050486,-0.025658561296859173,-0.1,-0.04222692653152532,-0.09207317073170732,-0.003786215978928885,0.015227241183416756,-0.08786540642296078
2022,04,Arequipa,750,225,525,0.3,0.7,0.42857142857142855,0.08108108108108109,0.08256880733944955,0.0,0.3408723747980614,0.21428571428571427,0.012,-0.2189189189189189,0.2702702702702703,-16.398,-71.536,0.26149862930246726,0.7385013706975327,0.3540936275520726,0.05077720207253886,0.04946808510638298,0.1,0.30007446016381234,0.19207317073170732,0.007462686567164179,-0.2107214272299284,0.19417769878176477,0.03850137069753273,-0.03850137069753279,0.07447780101935597,0.03030387900854223,0.033100722233066565,-0.1,0.04079791463424903,0.022212543554006953,0.004537313432835821,-0.008197491688990505,0.07609257148850551
2022,05,Ayacucho,763,189,574,0.24770642201834864,0.7522935779816514,0.32926829268292684,0.04132231404958678,0.03361344537815126,0.5,0.28731942215088285,0.25,0.00655307994757536,-0.20638410796876186,0.16681971227425774,-13.163,-74.224,0.26149862930246726,0.7385013706975327,0.3540936275520726,0.05077720207253886,0.04946808510638298,0.1,0.30007446016381234,0.19207317073170732,0.007462686567164179,-0.2107214272299284,0.19417769878176477,-0.013792207284118618,0.013792207284118674,-0.024825334869145732,-0.00945488802295208,-0.01585463972823172,0.4,-0.012755038012929487,0.05792682926829268,-0.0009096066195888189,0.004337319261166539,-0.027357986507507037
2022,06,Cajamarca,851,175,676,0.2056404230317274,0.7943595769682726,0.2588757396449704,0.015503875968992248,0.007874015748031496,0.5,0.24103299856527977,0.10526315789473684,0.0023501762632197414,-0.19013654706273514,0.07539313399778516,-7.161,-78.512,0.26149862930246726,0.7385013706975327,0.3540936275520726,0.05077720207253886,0.04946808510638298,0.1,0.30007446016381234,0.19207317073170732,0.007462686567164179,-0.2107214272299284,0.19417769878176477,-0.05585820627073987,0.055858206270739896,-0.09521788790710217,-0.03527332610354661,-0.041594069358351485,0.4,-0.059041461598532574,-0.08681001283697048,-0.005112510303944438,0.02058488016719326,-0.11878456478397961
2022,07,Callao,778,173,605,0.22236503856041132,0.7776349614395887,0.2859504132231405,0.034782608695652174,0.02654867256637168,0.5,0.2543171114599686,0.23809523809523808,0.005141388174807198,-0.18758242986475915,0.1564212113596381,-12.05,-77.118,0.26149862930246726,0.7385013706975327,0.3540936275520726,0.05077720207253886,0.04946808510638298,0.1,0.30007446016381234,0.19207317073170732,0.007462686567164179,-0.2107214272299284,0.19417769878176477,-0.03913359074205594,0.03913359074205591,-0.06814321432893206,-0.015994593376886683,-0.0229194125400113,0.4,-0.04575734870384374,0.04602206736353076,-0.0023212983923569814,0.02313899736516925,-0.03775648742212667
2022,08,Cusco,649,150,499,0.23112480739599384,0.7688751926040062,0.30060120240480964,0.08737864077669903,0.0891089108910891,0.0,0.2589118198874296,0.2727272727272727,0.01386748844375963,-0.1437461666192948,0.3780582524271845,-13.532,-71.967,0.26149862930246726,0.7385013706975327,0.3540936275520726,0.05077720207253886,0.04946808510638298,0.1,0.30007446016381234,0.19207317073170732,0.007462686567164179,-0.2107214272299284,0.19417769878176477,-0.03037382190647342,0.03037382190647342,-0.053492425147262934,0.036601438704160175,0.039640825784706124,-0.1,-0.04116264027638272,0.08065410199556539,0.0064048018765954515,0.06697526061063361,0.18388055364541972
2022,09,Huancavelica,578,132,446,0.22837370242214533,0.7716262975778547,0.29596412556053814,0.03488372093023256,0.03571428571428571,0.0,0.2680851063829787,0.10526315789473684,0.005190311418685121,-0.19348998149191277,0.15274841437632136,-12.786,-74.973,0.26149862930246726,0.7385013706975327,0.3540936275520726,0.05077720207253886,0.04946808510638298,0.1,0.30007446016381234,0.19207317073170732,0.007462686567164179,-0.2107214272299284,0.19417769878176477,-0.033124926880321925,0.03312492688032198,-0.05812950199153444,-0.0158934811423063,-0.013753799392097268,-0.1,-0.03198935378083362,-0.08681001283697048,-0.002272375148479058,0.017231445738015633,-0.04142928440544341
2022,10,Huánuco,313,101,212,0.3226837060702875,0.6773162939297125,0.47641509433962265,0.13333333333333333,0.13953488372093023,0.0,0.36470588235294116,0.2222222222222222,0.019169329073482427,-0.18935037273695418,0.4132013201320132,-9.93,-76.242,0.26149862930246726,0.7385013706975327,0.3540936275520726,0.05077720207253886,0.04946808510638298,0.1,0.30007446016381234,0.19207317073170732,0.007462686567164179,-0.2107214272299284,0.19417769878176477,0.06118507676782026,-0.06118507676782026,0.12232146678755007,0.08255613126079447,0.09006679861454725,-0.1,0.06463142218912882,0.03014905149051489,0.011706642506318247,0.021371054492974217,0.21902362135024844
2022,11,Ica,840,240,600,0.2857142857142857,0.7142857142857143,0.4,0.03968253968253968,0.04032258064516129,0.0,0.3333333333333333,0.15384615384615385,0.005952380952380952,-0.24603174603174602,0.1388888888888889,-14.068,-75.729,0.26149862930246726,0.7385013706975327,0.3540936275520726,0.05077720207253886,0.04946808510638298,0.1,0.30007446016381234,0.19207317073170732,0.007462686567164179,-0.2107214272299284,0.19417769878176477,0.024215656411818443,-0.024215656411818443,0.045906372447927446,-0.011094662389999177,-0.009145504461221692,-0.1,0.033258873169520975,-0.038227016885553466,-0.001510305614783227,-0.03531031880181762,-0.05528880989287588
2022,12,Junín,616,156,460,0.2532467532467532,0.7467532467532467,0.3391304347826087,0.011764705882352941,0.012048192771084338,0.0,0.29469548133595286,0.26666666666666666,0.0016233766233766235,-0.24148204736440027,0.04645550527903469,-12.066,-75.204,0.26149862930246726,0.7385013706975327,0.3540936275520726,0.05077720207253886,0.04946808510638298,0.1,0.30007446016381234,0.19207317073170732,0.007462686567164179,-0.2107214272299284,0.19417769878176477,-0.008251876055714036,0.00825187605571398,-0.014963192769463896,-0.039012496190185916,-0.037419892335298646,-0.1,-0.005378978827859482,0.07459349593495934,-0.005839309943787556,-0.030760620134471867,-0.14772219350273008
2022,13,La Libertad,293,91,202,0.310580204778157,0.689419795221843,0.4504950495049505,0.05,0.05263157894736842,0.0,0.3487394957983193,0.3,0.006825938566552901,-0.260580204778157,0.160989010989011,-8.115,-79.029,0.26149862930246726,0.7385013706975327,0.3540936275520726,0.05077720207253886,0.04946808510638298,0.1,0.30007446016381234,0.19207317073170732,0.007462686567164179,-0.2107214272299284,0.19417769878176477,0.049081575475689754,-0.0490815754756897,0.09640142195287793,-0.0007772020725388545,0.0031634938409854374,-0.1,0.04866503563450697,0.10792682926829267,-0.0006367480006112779,-0.04985877754822862,-0.033188687792753774
2022,14,Lambayeque,1376,451,925,0.32776162790697677,0.6722383720930233,0.4875675675675676,0.09770114942528736,0.09883720930232558,0.0,0.3626086956521739,0.0,0.012354651162790697,-0.23006047848168942,0.29808599026429133,-6.772,-79.84,0.26149862930246726,0.7385013706975327,0.3540936275520726,0.05077720207253886,0.04946808510638298,0.1,0.30007446016381234,0.19207317073170732,0.007462686567164179,-0.2107214272299284,0.19417769878176477,0.06626299860450952,-0.06626299860450946,0.133473940015495,0.046923947352748505,0.049369124195942596,-0.1,0.06253423548836157,-0.19207317073170732,0.004891964595626518,-0.019339051251761025,0.10390829148252656
2022,15,Lima,390,105,285,0.2692307692307692,0.7307692307692307,0.3684210526315789,0.01818181818181818,0.018867924528301886,0.0,0.31746031746031744,0.1875,0.002564102564102564,-0.25104895104895103,0.06753246753246753,-12.046,-77.043,0.26149862930246726,0.7385013706975327,0.3540936275520726,0.05077720207253886,0.04946808510638298,0.1,0.30007446016381234,0.19207317073170732,0.007462686567164179,-0.2107214272299284,0.19417769878176477,0.007732139928301962,-0.007732139928302018,0.01432742507950635,-0.032595383890720676,-0.030600160578081095,-0.1,0.017385857296505103,-0.004573170731707321,-0.004898584003061614,-0.04032752381902263,-0.12664523124929725
2022,16,Loreto,86,27,59,0.313953488372093,0.686046511627907,0.4576271186440678,0.0,0.0,0.0,0.3968253968253968,0.2222222222222222,0.0,-0.313953488372093,0.0,-3.749,-73.253,0.26149862930246726,0.7385013706975327,0.3540936275520726,0.05077720207253886,0.04946808510638298,0.1,0.30007446016381234,0.19207317073170732,0.007462686567164179,-0.2107214272299284,0.19417769878176477,0.05245485906962577,-0.05245485906962577,0.10353349109199522,-0.05077720207253886,-0.04946808510638298,-0.1,0.09675093666158446,0.03014905149051489,-0.007462686567164179,-0.10323206114216463,-0.19417769878176477
2022,17,Madre de Dios,143,37,106,0.25874125874125875,0.7412587412587412,0.3490566037735849,0.0,0.0,0.0,0.3181818181818182,0.2222222222222222,0.0,-0.25874125874125875,0.0,-12.593,-69.189,0.26149862930246726,0.7385013706975327,0.3540936275520726,0.05077720207253886,0.04946808510638298,0.1,0.30007446016381234,0.19207317073170732,0.007462686567164179,-0.2107214272299284,0.19417769878176477,-0.0027573705612085053,0.0027573705612085053,-0.0050370237784876926,-0.05077720207253886,-0.04946808510638298,-0.1,0.018107358018005837,0.03014905149051489,-0.007462686567164179,-0.04801983151133035,-0.19417769878176477
2022,18,Moquegua,205,48,157,0.23414634146341465,0.7658536585365854,0.3057324840764331,0.0,0.0,0.0,0.2883435582822086,0.1111111111111111,0.0,-0.23414634146341465,0.0,-17.194,-70.934,0.26149862930246726,0.7385013706975327,0.3540936275520726,0.05077720207253886,0.04946808510638298,0.1,0.30007446016381234,0.19207317073170732,0.007462686567164179,-0.2107214272299284,0.19417769878176477,-0.027352287839052608,0.027352287839052636,-0.04836114347563947,-0.05077720207253886,-0.04946808510638298,-0.1,-0.01173090188160375,-0.08096205962059622,-0.007462686567164179,-0.02342491423348625,-0.19417769878176477
2022,19,Pasco,504,124,380,0.24603174603174602,0.753968253968254,0.3263157894736842,0.07352941176470588,0.07575757575757576,0.0,0.2799043062200957,0.0,0.00992063492063492,-0.17250233426704015,0.29886148007590135,-10.686,-76.262,0.26149862930246726,0.7385013706975327,0.3540936275520726,0.05077720207253886,0.04946808510638298,0.1,0.30007446016381234,0.19207317073170732,0.007462686567164179,-0.2107214272299284,0.19417769878176477,-0.015466883270721238,0.01546688327072121,-0.02777783807838835,0.022752209692167027,0.02628949065119278,-0.1,-0.02017015394371663,-0.19207317073170732,0.002457948353470741,0.03821909296288825,0.10468378129413658
2022,20,Piura,756,163,593,0.2156084656084656,0.7843915343915344,0.2748735244519393,0.03571428571428571,0.03636363636363636,0.0,0.24838709677419354,0.2631578947368421,0.005291005291005291,-0.17989417989417988,0.1656441717791411,-5.194,-80.632,0.26149862930246726,0.7385013706975327,0.3540936275520726,0.05077720207253886,0.04946808510638298,0.1,0.30007446016381234,0.19207317073170732,0.007462686567164179,-0.2107214272299284,0.19417769878176477,-0.045890163694001646,0.04589016369400167,-0.07922010310013328,-0.015062916358253145,-0.013104448742746619,-0.1,-0.051687363389618796,0.07108472400513477,-0.0021716812761588883,0.030827247335748514,-0.028533527002623682
2022,21,Puno,531,148,383,0.2787193973634652,0.7212806026365348,0.38642297650130547,0.11392405063291139,0.1038961038961039,0.5,0.3071593533487298,0.2,0.01694915254237288,-0.1647953467305538,0.4087410195005131,-15.84,-70.028,0.26149862930246726,0.7385013706975327,0.3540936275520726,0.05077720207253886,0.04946808510638298,0.1,0.30007446016381234,0.19207317073170732,0.007462686567164179,-0.2107214272299284,0.19417769878176477,0.017220768060997926,-0.017220768060997926,0.032329348949232894,0.06314684856037253,0.05442801878972092,0.4,0.007084893184917451,0.00792682926829269,0.009486465975208701,0.045926080499374605,0.21456332071874834
2022,22,San Martín,205,65,140,0.3170731707317073,0.6829268292682927,0.4642857142857143,0.06451612903225806,0.034482758620689655,0.5,0.36809815950920244,0.2222222222222222,0.00975609756097561,-0.25255704169944926,0.20347394540942929,-6.49,-76.371,0.26149862930246726,0.7385013706975327,0.3540936275520726,0.05077720207253886,0.04946808510638298,0.1,0.30007446016381234,0.19207317073170732,0.007462686567164179,-0.2107214272299284,0.19417769878176477,0.055574541429240065,-0.05557454142924001,0.11019208673364173,0.013738926959719205,-0.014985326485693326,0.4,0.0680236993453901,0.03014905149051489,0.002293410993811431,-0.04183561446952086,0.009296246627664512
2022,23,Tacna,99,28,71,0.2828282828282828,0.7171717171717171,0.39436619718309857,0.06666666666666667,0.07692307692307693,0.0,0.3466666666666667,0.0,0.010101010101010102,-0.21616161616161617,0.2357142857142857,-18.006,-70.247,0.26149862930246726,0.7385013706975327,0.3540936275520726,0.05077720207253886,0.04946808510638298,0.1,0.30007446016381234,0.19207317073170732,0.007462686567164179,-0.2107214272299284,0.19417769878176477,0.02132965352581556,-0.021329653525815617,0.04027256963102599,0.01588946459412781,0.027454991816693947,-0.1,0.04659220650285434,-0.19207317073170732,0.002638323533845923,-0.005440188931687767,0.041536586932520936
2022,24,Tumbes,89,26,63,0.29213483146067415,0.7078651685393258,0.4126984126984127,0.0,0.0,0.0,0.2835820895522388,0.4444444444444444,0.0,-0.29213483146067415,0.0,-3.566,-80.451,0.26149862930246726,0.7385013706975327,0.3540936275520726,0.05077720207253886,0.04946808510638298,0.1,0.30007446016381234,0.19207317073170732,0.007462686567164179,-0.2107214272299284,0.19417769878176477,0.030636202158206893,-0.03063620215820695,0.0586047851463401,-0.05077720207253886,-0.04946808510638298,-0.1,-0.016492370611573548,0.2523712737127371,-0.007462686567164179,-0.08141340423074575,-0.19417769878176477
2022,25,Ucayali,143,45,98,0.3146853146853147,0.6853146853146853,0.45918367346938777,0.05263157894736842,0.058823529411764705,0.0,0.36936936936936937,0.1,0.006993006993006993,-0.26205373573794627,0.1672514619883041,-8.379,-74.553,0.26149862930246726,0.7385013706975327,0.3540936275520726,0.05077720207253886,0.04946808510638298,0.1,0.30007446016381234,0.19207317073170732,0.007462686567164179,-0.2107214272299284,0.19417769878176477,0.05318668538284743,-0.05318668538284743,0.10509004591731519,0.0018543768748295608,0.009355444305381724,-0.1,0.06929490920555703,-0.09207317073170732,-0.00046967957415718596,-0.05133230850801787,-0.02692623679346068
2022,02,Áncash,1084,278,806,0.2564575645756458,0.7435424354243543,0.34491315136476425,0.029585798816568046,0.029940119760479042,0.0,0.2983050847457627,0.24,0.004612546125461255,-0.22687176575907775,0.11536333063726532,-9.527,-77.528,0.26149862930246726,0.7385013706975327,0.3540936275520726,0.05077720207253886,0.04946808510638298,0.1,0.30007446016381234,0.19207317073170732,0.007462686567164179,-0.2107214272299284,0.19417769878176477,-0.005041064726821476,0.005041064726821531,-0.009180476187308328,-0.02119140325597081,-0.01952796534590394,-0.1,-0.0017693754180496124,0.04792682926829267,-0.0028501404417029244,-0.01615033852914935,-0.07881436814449945
2023,01,Amazonas,544,247,297,0.4540441176470588,0.5459558823529411,0.8316498316498316,0.05813953488372093,0.047619047619047616,0.5,0.5336322869955157,0.3,0.009191176470588236,-0.3959045827633379,0.1280482063835797,-6.231,-77.869,0.41054313099041534,0.5894568690095847,0.6964769647696477,0.06508264462809918,0.05455508474576271,0.4791666666666667,0.47737008753957905,0.2807017543859649,0.009584664536741214,-0.3454604863623162,0.15852815384120655,0.04350098665664348,-0.04350098665664359,0.13517286688018393,-0.006943109744378249,-0.006936037126715096,0.020833333333333315,0.056262199455936635,0.019298245614035092,-0.00039348806615297806,-0.05044409640102171,-0.03047994745762686
2023,03,Apurímac,544,217,327,0.39889705882352944,0.6011029411764706,0.6636085626911316,0.04597701149425287,0.03529411764705882,0.5,0.46846846846846846,0.36363636363636365,0.007352941176470588,-0.35292004732927656,0.11526034217914083,-13.637,-72.879,0.41054313099041534,0.5894568690095847,0.6964769647696477,0.06508264462809918,0.05455508474576271,0.4791666666666667,0.47737008753957905,0.2807017543859649,0.009584664536741214,-0.3454604863623162,0.15852815384120655,-0.011646072166885901,0.011646072166885846,-0.03286840207851616,-0.019105633133846306,-0.01926096709870389,0.020833333333333315,-0.00890161907111059,0.08293460925039875,-0.0022317233602706255,-0.007459560966960377,-0.043267811662065725
2023,04,Arequipa,753,319,434,0.42363877822045154,0.5763612217795485,0.7350230414746544,0.06306306306306306,0.05504587155963303,0.5,0.4887459807073955,0.42857142857142855,0.009296148738379814,-0.3605757151573885,0.14886045920528676,-16.398,-71.536,0.41054313099041534,0.5894568690095847,0.6964769647696477,0.06508264462809918,0.05455508474576271,0.4791666666666667,0.47737008753957905,0.2807017543859649,0.009584664536741214,-0.3454604863623162,0.15852815384120655,0.0130956472300362,-0.0130956472300362,0.03854607670500665,-0.0020195815650361215,0.0004907868138703184,0.020833333333333315,0.011375893167816453,0.14786967418546365,-0.00028851579836139916,-0.015115228795072322,-0.009667694635919793
2023,05,Ayacucho,796,317,479,0.39824120603015073,0.6017587939698492,0.6617954070981211,0.03968253968253968,0.03225806451612903,0.5,0.4723076923076923,0.23529411764705882,0.00628140703517588,-0.358558666347611,0.09964448450252866,-13.163,-74.224,0.41054313099041534,0.5894568690095847,0.6964769647696477,0.06508264462809918,0.05455508474576271,0.4791666666666667,0.47737008753957905,0.2807017543859649,0.009584664536741214,-0.3454604863623162,0.15852815384120655,-0.01230192496026461,0.012301924960264499,-0.034681557671526586,-0.0254001049455595,-0.02229702022963368,0.020833333333333315,-0.005062395231886729,-0.045407636738906076,-0.003303257501565334,-0.013098179985294833,-0.05888366933867789
2023,06,Cajamarca,835,321,514,0.3844311377245509,0.615568862275449,0.6245136186770428,0.031496062992125984,0.024,0.5,0.45095168374816985,0.3157894736842105,0.004790419161676647,-0.3529350747324249,0.08192901121004734,-7.161,-78.512,0.41054313099041534,0.5894568690095847,0.6964769647696477,0.06508264462809918,0.05455508474576271,0.4791666666666667,0.47737008753957905,0.2807017543859649,0.009584664536741214,-0.3454604863623162,0.15852815384120655,-0.02611199326586444,0.02611199326586433,-0.07196334609260491,-0.033586581635973195,-0.03055508474576271,0.020833333333333315,-0.026418403791409195,0.03508771929824561,-0.004794245375064567,-0.007474588370108726,-0.07659914263115922
2023,07,Callao,799,315,484,0.39424280350438046,0.6057571964956195,0.6508264462809917,0.0847457627118644,0.07758620689655173,0.5,0.4525993883792049,0.3181818181818182,0.012515644555694618,-0.30949704079251605,0.2149582997040624,-12.05,-77.118,0.41054313099041534,0.5894568690095847,0.6964769647696477,0.06508264462809918,0.05455508474576271,0.4791666666666667,0.47737008753957905,0.2807017543859649,0.009584664536741214,-0.3454604863623162,0.15852815384120655,-0.016300327486034882,0.016300327486034827,-0.04565051848865598,0.019663118083765224,0.023031122150789014,0.020833333333333315,-0.024770699160374166,0.03748006379585328,0.0029309800189534045,0.035963445569800134,0.05643014586285586
2023,08,Cusco,645,248,397,0.38449612403100775,0.6155038759689923,0.6246851385390428,0.038461538461538464,0.029411764705882353,0.5,0.4621212121212121,0.0,0.006201550387596899,-0.3460345855694693,0.10003101736972705,-13.532,-71.967,0.41054313099041534,0.5894568690095847,0.6964769647696477,0.06508264462809918,0.05455508474576271,0.4791666666666667,0.47737008753957905,0.2807017543859649,0.009584664536741214,-0.3454604863623162,0.15852815384120655,-0.026047006959407593,0.026047006959407537,-0.07179182623060487,-0.026621106166560715,-0.02514332003988036,0.020833333333333315,-0.015248875418366947,-0.2807017543859649,-0.0033831141491443145,-0.0005740992071531226,-0.0584971364714795
2023,09,Huancavelica,566,239,327,0.42226148409893993,0.5777385159010601,0.7308868501529052,0.07058823529411765,0.07142857142857142,0.0,0.49344978165938863,0.3,0.01060070671378092,-0.3516732488048223,0.16716711789318237,-12.786,-74.973,0.41054313099041534,0.5894568690095847,0.6964769647696477,0.06508264462809918,0.05455508474576271,0.4791666666666667,0.47737008753957905,0.2807017543859649,0.009584664536741214,-0.3454604863623162,0.15852815384120655,0.011718353108524593,-0.011718353108524648,0.03440988538325751,0.005505590666018467,0.016873486682808712,-0.4791666666666667,0.016079694119809584,0.019298245614035092,0.0010160421770397058,-0.006212762442506126,0.008638964051975812
2023,10,Huánuco,321,146,175,0.45482866043613707,0.5451713395638629,0.8342857142857143,0.13333333333333333,0.11627906976744186,0.5,0.5172413793103449,0.45454545454545453,0.018691588785046728,-0.3214953271028037,0.29315068493150687,-9.93,-76.242,0.41054313099041534,0.5894568690095847,0.6964769647696477,0.06508264462809918,0.05455508474576271,0.4791666666666667,0.47737008753957905,0.2807017543859649,0.009584664536741214,-0.3454604863623162,0.15852815384120655,0.04428552944572173,-0.04428552944572184,0.1378087495160666,0.06825068870523415,0.06172398502167915,0.020833333333333315,0.039871291770765815,0.17384370015948963,0.009106924248305514,0.02396515925951248,0.1346225310903003
2023,11,Ica,834,349,485,0.4184652278177458,0.5815347721822542,0.7195876288659794,0.05555555555555555,0.04838709677419355,0.5,0.4855072463768116,0.46153846153846156,0.008393285371702638,-0.3629096722621903,0.13276026743075453,-14.068,-75.729,0.41054313099041534,0.5894568690095847,0.6964769647696477,0.06508264462809918,0.05455508474576271,0.4791666666666667,0.47737008753957905,0.2807017543859649,0.009584664536741214,-0.3454604863623162,0.15852815384120655,0.007922096827330471,-0.007922096827330471,0.023110664096331668,-0.009527089072543626,-0.006167987971569165,0.020833333333333315,0.008137158837232539,0.18083670715249667,-0.001191379165038576,-0.017449185899874098,-0.025767886410452023
2023,12,Junín,612,244,368,0.39869281045751637,0.6013071895424836,0.6630434782608695,0.03529411764705882,0.024096385542168676,0.5,0.4572564612326044,0.5882352941176471,0.004901960784313725,-0.36339869281045756,0.08852459016393442,-12.066,-75.204,0.41054313099041534,0.5894568690095847,0.6964769647696477,0.06508264462809918,0.05455508474576271,0.4791666666666667,0.47737008753957905,0.2807017543859649,0.009584664536741214,-0.3454604863623162,0.15852815384120655,-0.011850320532898972,0.011850320532898917,-0.0334334865087782,-0.029788526981040356,-0.030458699203594036,0.020833333333333315,-0.020113626306974663,0.3075335397316822,-0.004682703752427488,-0.01793820644814137,-0.07000356367727213
2023,13,La Libertad,297,121,176,0.4074074074074074,0.5925925925925926,0.6875,0.1,0.07894736842105263,0.5,0.45867768595041325,0.3,0.013468013468013467,-0.30740740740740735,0.24545454545454548,-8.115,-79.029,0.41054313099041534,0.5894568690095847,0.6964769647696477,0.06508264462809918,0.05455508474576271,0.4791666666666667,0.47737008753957905,0.2807017543859649,0.009584664536741214,-0.3454604863623162,0.15852815384120655,-0.0031357235830079544,0.0031357235830078434,-0.00897696476964771,0.03491735537190083,0.024392283675289915,0.020833333333333315,-0.018692401589165797,0.019298245614035092,0.0038833489312722538,0.03805307895490884,0.08692639161333893
2023,14,Lambayeque,1382,595,787,0.4305354558610709,0.5694645441389291,0.7560355781448539,0.10404624277456648,0.09941520467836257,0.5,0.48055315471045806,0.3076923076923077,0.013024602026049204,-0.3264892130865044,0.24166707145285862,-6.772,-79.84,0.41054313099041534,0.5894568690095847,0.6964769647696477,0.06508264462809918,0.05455508474576271,0.4791666666666667,0.47737008753957905,0.2807017543859649,0.009584664536741214,-0.3454604863623162,0.15852815384120655,0.019992324870655553,-0.01999232487065561,0.05955861337520618,0.0389635981464673,0.044860119932599855,0.020833333333333315,0.003183067170879017,0.026990553306342813,0.0034399374893079905,0.018971273275811773,0.08313891761165207
2023,15,Lima,390,164,226,0.4205128205128205,0.5794871794871795,0.7256637168141593,0.10909090909090909,0.09433962264150944,0.5,0.49206349206349204,0.125,0.015384615384615385,-0.31142191142191145,0.25942350332594233,-12.046,-77.043,0.41054313099041534,0.5894568690095847,0.6964769647696477,0.06508264462809918,0.05455508474576271,0.4791666666666667,0.47737008753957905,0.2807017543859649,0.009584664536741214,-0.3454604863623162,0.15852815384120655,0.009969689522405178,-0.009969689522405178,0.0291867520445116,0.04400826446280991,0.03978453789574673,0.020833333333333315,0.01469340452391299,-0.1557017543859649,0.005799950847874172,0.03403857494040474,0.10089534948473577
2023,16,Loreto,85,35,50,0.4117647058823529,0.5882352941176471,0.7,0.15384615384615385,0.09090909090909091,0.5,0.5081967213114754,0.2,0.023529411764705882,-0.25791855203619907,0.3736263736263737,-3.749,-73.253,0.41054313099041534,0.5894568690095847,0.6964769647696477,0.06508264462809918,0.05455508474576271,0.4791666666666667,0.47737008753957905,0.2807017543859649,0.009584664536741214,-0.3454604863623162,0.15852815384120655,0.0012215748919375824,-0.001221574891937638,0.003523035230352245,0.08876350921805468,0.0363540061633282,0.020833333333333315,0.030826633771896372,-0.08070175438596489,0.013944747227964668,0.08754193432611712,0.21509821978516713
2023,17,Madre de Dios,148,62,86,0.4189189189189189,0.581081081081081,0.7209302325581395,0.13043478260869565,0.09523809523809523,0.5,0.49557522123893805,0.3,0.02027027027027027,-0.2884841363102233,0.31136044880785413,-12.593,-69.189,0.41054313099041534,0.5894568690095847,0.6964769647696477,0.06508264462809918,0.05455508474576271,0.4791666666666667,0.47737008753957905,0.2807017543859649,0.009584664536741214,-0.3454604863623162,0.15852815384120655,0.008375787928503575,-0.008375787928503686,0.024453267788491773,0.06535213798059647,0.04068301049233252,0.020833333333333315,0.018205133699359,0.019298245614035092,0.010685605733529058,0.056976350052092894,0.15283229496664757
2023,18,Moquegua,203,88,115,0.43349753694581283,0.5665024630541872,0.7652173913043478,0.16129032258064516,0.13793103448275862,0.5,0.49056603773584906,0.45454545454545453,0.024630541871921183,-0.2722072143651677,0.37206744868035185,-17.194,-70.934,0.41054313099041534,0.5894568690095847,0.6964769647696477,0.06508264462809918,0.05455508474576271,0.4791666666666667,0.47737008753957905,0.2807017543859649,0.009584664536741214,-0.3454604863623162,0.15852815384120655,0.022954405955397494,-0.02295440595539755,0.06874042653470014,0.09620767795254598,0.08337594973699591,0.020833333333333315,0.013195950196270012,0.17384370015948963,0.01504587733517997,0.07325327199714848,0.2135392948391453
2023,19,Pasco,498,203,295,0.40763052208835343,0.5923694779116466,0.688135593220339,0.05970149253731343,0.046153846153846156,0.5,0.4721549636803874,0.18181818181818182,0.008032128514056224,-0.34792902955104,0.14645981913094624,-10.686,-76.262,0.41054313099041534,0.5894568690095847,0.6964769647696477,0.06508264462809918,0.05455508474576271,0.4791666666666667,0.47737008753957905,0.2807017543859649,0.009584664536741214,-0.3454604863623162,0.15852815384120655,-0.0029126089020619084,0.0029126089020619084,-0.008341371549308696,-0.005381152090785747,-0.008401238591916556,0.020833333333333315,-0.0052151238591916504,-0.09888357256778307,-0.0015525360226849895,-0.002468543188723804,-0.012068334710260309
2023,20,Piura,740,262,478,0.35405405405405405,0.6459459459459459,0.5481171548117155,0.026785714285714284,0.01818181818181818,0.5,0.423841059602649,0.15789473684210525,0.004054054054054054,-0.32726833976833974,0.07565430752453653,-5.194,-80.632,0.41054313099041534,0.5894568690095847,0.6964769647696477,0.06508264462809918,0.05455508474576271,0.4791666666666667,0.47737008753957905,0.2807017543859649,0.009584664536741214,-0.3454604863623162,0.15852815384120655,-0.05648907693636129,0.05648907693636118,-0.1483598099579322,-0.03829693034238489,-0.03637326656394453,0.020833333333333315,-0.05352902793693004,-0.12280701754385964,-0.005530610482687159,0.018192146593976444,-0.08287384631667002
2023,21,Puno,535,212,323,0.39626168224299063,0.6037383177570094,0.6563467492260062,0.05,0.038461538461538464,0.5,0.4610091743119266,0.26666666666666666,0.007476635514018692,-0.34626168224299064,0.12617924528301888,-15.84,-70.028,0.41054313099041534,0.5894568690095847,0.6964769647696477,0.06508264462809918,0.05455508474576271,0.4791666666666667,0.47737008753957905,0.2807017543859649,0.009584664536741214,-0.3454604863623162,0.15852815384120655,-0.014281448747424708,0.014281448747424652,-0.04013021554364149,-0.015082644628099176,-0.01609354628422425,0.020833333333333315,-0.01636091322765243,-0.014035087719298234,-0.0021080290227225218,-0.0008011958806744546,-0.03234890855818767
2023,22,San Martín,200,78,122,0.39,0.61,0.639344262295082,0.1,0.07142857142857142,0.5,0.4620253164556962,0.1,0.015,-0.29000000000000004,0.25641025641025644,-6.49,-76.371,0.41054313099041534,0.5894568690095847,0.6964769647696477,0.06508264462809918,0.05455508474576271,0.4791666666666667,0.47737008753957905,0.2807017543859649,0.009584664536741214,-0.3454604863623162,0.15852815384120655,-0.020543130990415326,0.02054313099041527,-0.0571327024745657,0.03491735537190083,0.016873486682808712,0.020833333333333315,-0.015344771083882824,-0.1807017543859649,0.005415335463258786,0.05546048636231615,0.09788210256904989
2023,23,Tacna,99,39,60,0.3939393939393939,0.6060606060606061,0.65,0.06666666666666667,0.0,0.5,0.49333333333333335,0.0,0.010101010101010102,-0.32727272727272727,0.16923076923076924,-18.006,-70.247,0.41054313099041534,0.5894568690095847,0.6964769647696477,0.06508264462809918,0.05455508474576271,0.4791666666666667,0.47737008753957905,0.2807017543859649,0.009584664536741214,-0.3454604863623162,0.15852815384120655,-0.016603737051021417,0.01660373705102136,-0.04647696476964769,0.001584022038567487,-0.05455508474576271,0.020833333333333315,0.0159632457937543,-0.2807017543859649,0.0005163455642688882,0.018187759089588917,0.010702615389562686
2023,24,Tumbes,87,33,54,0.3793103448275862,0.6206896551724138,0.6111111111111112,0.1111111111111111,0.0,0.5,0.4,0.3333333333333333,0.011494252873563218,-0.2681992337164751,0.29292929292929293,-3.566,-80.451,0.41054313099041534,0.5894568690095847,0.6964769647696477,0.06508264462809918,0.05455508474576271,0.4791666666666667,0.47737008753957905,0.2807017543859649,0.009584664536741214,-0.3454604863623162,0.15852815384120655,-0.03123278616282915,0.031232786162829096,-0.08536585365853655,0.046028466483011926,-0.05455508474576271,0.020833333333333315,-0.07737008753957902,0.05263157894736842,0.0019095883368220046,0.0772612526458411,0.13440113908808637
2023,25,Ucayali,155,71,84,0.45806451612903226,0.5419354838709678,0.8452380952380952,0.1,0.10526315789473684,0.0,0.5371900826446281,0.18181818181818182,0.012903225806451613,-0.35806451612903223,0.2183098591549296,-8.379,-74.553,0.41054313099041534,0.5894568690095847,0.6964769647696477,0.06508264462809918,0.05455508474576271,0.4791666666666667,0.47737008753957905,0.2807017543859649,0.009584664536741214,-0.3454604863623162,0.15852815384120655,0.04752138513861692,-0.04752138513861692,0.14876113046844752,0.03491735537190083,0.050708073148974124,-0.4791666666666667,0.05981999510504904,-0.09888357256778307,0.0033185612697103992,-0.01260402976671604,0.05978170531372304
2023,02,Áncash,1078,472,606,0.437847866419295,0.562152133580705,0.7788778877887789,0.05357142857142857,0.04819277108433735,0.5,0.5170454545454546,0.2,0.008348794063079777,-0.38427643784786647,0.12235169491525422,-9.527,-77.528,0.41054313099041534,0.5894568690095847,0.6964769647696477,0.06508264462809918,0.05455508474576271,0.4791666666666667,0.47737008753957905,0.2807017543859649,0.009584664536741214,-0.3454604863623162,0.15852815384120655,0.02730473542887968,-0.02730473542887968,0.08240092301913116,-0.01151121605667061,-0.00636231366142536,0.020833333333333315,0.03967536700587554,-0.08070175438596489,-0.0012358704736614365,-0.03881595148555028,-0.03617645892595234
2024,01,Amazonas,544,247,297,0.4540441176470588,0.5459558823529411,0.8316498316498316,0.05813953488372093,0.047619047619047616,0.5,0.5336322869955157,0.3,0.009191176470588236,-0.3959045827633379,0.1280482063835797,-6.231,-77.869,0.4105079075425791,0.589492092457421,0.6963755965432735,0.06504904491481672,0.05452620434092112,0.4791666666666667,0.47733407800428185,0.2807017543859649,0.00958029197080292,-0.3454588626277624,0.1584599071531153,0.04353621010447972,-0.04353621010447983,0.13527423510655812,-0.006909510031095793,-0.006907156721873503,0.020833333333333315,0.056298208991233833,0.019298245614035092,-0.00038911550021468455,-0.05044572013557552,-0.030411700769535616
2024,03,Apurímac,544,217,327,0.39889705882352944,0.6011029411764706,0.6636085626911316,0.04597701149425287,0.03529411764705882,0.5,0.46846846846846846,0.36363636363636365,0.007352941176470588,-0.35292004732927656,0.11526034217914083,-13.637,-72.879,0.4105079075425791,0.589492092457421,0.6963755965432735,0.06504904491481672,0.05452620434092112,0.4791666666666667,0.47733407800428185,0.2807017543859649,0.00958029197080292,-0.3454588626277624,0.1584599071531153,-0.01161084871904966,0.011610848719049605,-0.03276703385214197,-0.01907203342056385,-0.019232086693862296,0.020833333333333315,-0.00886560953581339,0.08293460925039875,-0.002227350794332332,-0.00746118470151419,-0.04319956497397448
2024,04,Arequipa,753,319,434,0.42363877822045154,0.5763612217795485,0.7350230414746544,0.06306306306306306,0.05504587155963303,0.5,0.4887459807073955,0.42857142857142855,0.009296148738379814,-0.3605757151573885,0.14886045920528676,-16.398,-71.536,0.4105079075425791,0.589492092457421,0.6963755965432735,0.06504904491481672,0.05452620434092112,0.4791666666666667,0.47733407800428185,0.2807017543859649,0.00958029197080292,-0.3454588626277624,0.1584599071531153,0.013130870677872442,-0.013130870677872442,0.03864744493138084,-0.0019859818517536654,0.0005196672187119111,0.020833333333333315,0.011411902703113652,0.14786967418546365,-0.00028414323242310566,-0.015116852529626135,-0.009599447947828549
2024,05,Ayacucho,796,317,479,0.39824120603015073,0.6017587939698492,0.6617954070981211,0.03968253968253968,0.03225806451612903,0.5,0.4723076923076923,0.23529411764705882,0.00628140703517588,-0.358558666347611,0.09964448450252866,-13.163,-74.224,0.4105079075425791,0.589492092457421,0.6963755965432735,0.06504904491481672,0.05452620434092112,0.4791666666666667,0.47733407800428185,0.2807017543859649,0.00958029197080292,-0.3454588626277624,0.1584599071531153,-0.012266701512428368,0.012266701512428257,-0.0345801894451524,-0.025366505232277042,-0.022268139824792088,0.020833333333333315,-0.00502638569658953,-0.045407636738906076,-0.0032988849356270404,-0.013099803719848646,-0.058815422650586646
2024,06,Cajamarca,841,323,518,0.38406658739595717,0.6159334126040428,0.6235521235521235,0.03125,0.023809523809523808,0.5,0.45058139534883723,0.3157894736842105,0.0047562425683709865,-0.35281658739595717,0.08136609907120744,-7.161,-78.512,0.4105079075425791,0.589492092457421,0.6963755965432735,0.06504904491481672,0.05452620434092112,0.4791666666666667,0.47733407800428185,0.2807017543859649,0.00958029197080292,-0.3454588626277624,0.1584599071531153,-0.026441320146621927,0.026441320146621816,-0.07282347299115,-0.03379904491481672,-0.03071668053139731,0.020833333333333315,-0.026752682655444615,0.03508771929824561,-0.004824049402431934,-0.0073577247681947955,-0.07709380808190787
2024,07,Callao,799,315,484,0.39424280350438046,0.6057571964956195,0.6508264462809917,0.0847457627118644,0.07758620689655173,0.5,0.4525993883792049,0.3181818181818182,0.012515644555694618,-0.30949704079251605,0.2149582997040624,-12.05,-77.118,0.4105079075425791,0.589492092457421,0.6963755965432735,0.06504904491481672,0.05452620434092112,0.4791666666666667,0.47733407800428185,0.2807017543859649,0.00958029197080292,-0.3454588626277624,0.1584599071531153,-0.01626510403819864,0.016265104038198586,-0.04554915026228179,0.01969671779704768,0.023060002555630607,0.020833333333333315,-0.024734689625076967,0.03748006379585328,0.002935352584891698,0.03596182183524632,0.0564983925509471
2024,08,Cusco,645,248,397,0.38449612403100775,0.6155038759689923,0.6246851385390428,0.038461538461538464,0.029411764705882353,0.5,0.4621212121212121,0.0,0.006201550387596899,-0.3460345855694693,0.10003101736972705,-13.532,-71.967,0.4105079075425791,0.589492092457421,0.6963755965432735,0.06504904491481672,0.05452620434092112,0.4791666666666667,0.47733407800428185,0.2807017543859649,0.00958029197080292,-0.3454588626277624,0.1584599071531153,-0.02601178351157135,0.026011783511571296,-0.07169045800423068,-0.02658750645327826,-0.025114439635038767,0.020833333333333315,-0.015212865883069748,-0.2807017543859649,-0.003378741583206021,-0.0005757229417069354,-0.058428889783388255
2024,09,Huancavelica,566,239,327,0.42226148409893993,0.5777385159010601,0.7308868501529052,0.07058823529411765,0.07142857142857142,0.0,0.49344978165938863,0.3,0.01060070671378092,-0.3516732488048223,0.16716711789318237,-12.786,-74.973,0.4105079075425791,0.589492092457421,0.6963755965432735,0.06504904491481672,0.05452620434092112,0.4791666666666667,0.47733407800428185,0.2807017543859649,0.00958029197080292,-0.3454588626277624,0.1584599071531153,0.011753576556360834,-0.01175357655636089,0.0345112536096317,0.005539190379300923,0.016902367087650305,-0.4791666666666667,0.016115703655106783,0.019298245614035092,0.0010204147429779993,-0.0062143861770599385,0.008707210740067056
2024,10,Huánuco,321,146,175,0.45482866043613707,0.5451713395638629,0.8342857142857143,0.13333333333333333,0.11627906976744186,0.5,0.5172413793103449,0.45454545454545453,0.018691588785046728,-0.3214953271028037,0.29315068493150687,-9.93,-76.242,0.4105079075425791,0.589492092457421,0.6963755965432735,0.06504904491481672,0.05452620434092112,0.4791666666666667,0.47733407800428185,0.2807017543859649,0.00958029197080292,-0.3454588626277624,0.1584599071531153,0.04432075289355797,-0.04432075289355808,0.13791011774244077,0.06828428841851661,0.06175286542652074,0.020833333333333315,0.039907301306063014,0.17384370015948963,0.009111296814243807,0.023963535524958668,0.13469077777839156
2024,11,Ica,834,349,485,0.4184652278177458,0.5815347721822542,0.7195876288659794,0.05555555555555555,0.04838709677419355,0.5,0.4855072463768116,0.46153846153846156,0.008393285371702638,-0.3629096722621903,0.13276026743075453,-14.068,-75.729,0.4105079075425791,0.589492092457421,0.6963755965432735,0.06504904491481672,0.05452620434092112,0.4791666666666667,0.47733407800428185,0.2807017543859649,0.00958029197080292,-0.3454588626277624,0.1584599071531153,0.007957320275166713,-0.007957320275166713,0.023212032322705856,-0.00949348935926117,-0.006139107566727572,0.020833333333333315,0.008173168372529738,0.18083670715249667,-0.0011870065991002824,-0.01745080963442791,-0.02569963972236078
2024,12,Junín,612,244,368,0.39869281045751637,0.6013071895424836,0.6630434782608695,0.03529411764705882,0.024096385542168676,0.5,0.4572564612326044,0.5882352941176471,0.004901960784313725,-0.36339869281045756,0.08852459016393442,-12.066,-75.204,0.4105079075425791,0.589492092457421,0.6963755965432735,0.06504904491481672,0.05452620434092112,0.4791666666666667,0.47733407800428185,0.2807017543859649,0.00958029197080292,-0.3454588626277624,0.1584599071531153,-0.011815097085062731,0.011815097085062676,-0.03333211828240401,-0.0297549272677579,-0.030429818798752443,0.020833333333333315,-0.020077616771677465,0.3075335397316822,-0.004678331186489195,-0.017939830182695182,-0.06993531698918089
2024,13,La Libertad,297,121,176,0.4074074074074074,0.5925925925925926,0.6875,0.1,0.07894736842105263,0.5,0.45867768595041325,0.3,0.013468013468013467,-0.30740740740740735,0.24545454545454548,-8.115,-79.029,0.4105079075425791,0.589492092457421,0.6963755965432735,0.06504904491481672,0.05452620434092112,0.4791666666666667,0.47733407800428185,0.2807017543859649,0.00958029197080292,-0.3454588626277624,0.1584599071531153,-0.003100500135171713,0.003100500135171602,-0.008875596543273523,0.03495095508518328,0.024421164080131508,0.020833333333333315,-0.018656392053868598,0.019298245614035092,0.0038877214972105473,0.038051455220355024,0.08699463830143017
2024,14,Lambayeque,1382,595,787,0.4305354558610709,0.5694645441389291,0.7560355781448539,0.10404624277456648,0.09941520467836257,0.5,0.48055315471045806,0.3076923076923077,0.013024602026049204,-0.3264892130865044,0.24166707145285862,-6.772,-79.84,0.4105079075425791,0.589492092457421,0.6963755965432735,0.06504904491481672,0.05452620434092112,0.4791666666666667,0.47733407800428185,0.2807017543859649,0.00958029197080292,-0.3454588626277624,0.1584599071531153,0.020027548318491795,-0.02002754831849185,0.05965998160158037,0.038997197859749755,0.04488900033744145,0.020833333333333315,0.003219076706176216,0.026990553306342813,0.003444310055246284,0.01896964954125796,0.08320716429974331
2024,15,Lima,390,164,226,0.4205128205128205,0.5794871794871795,0.7256637168141593,0.10909090909090909,0.09433962264150944,0.5,0.49206349206349204,0.125,0.015384615384615385,-0.31142191142191145,0.25942350332594233,-12.046,-77.043,0.4105079075425791,0.589492092457421,0.6963755965432735,0.06504904491481672,0.05452620434092112,0.4791666666666667,0.47733407800428185,0.2807017543859649,0.00958029197080292,-0.3454588626277624,0.1584599071531153,0.01000491297024142,-0.01000491297024142,0.029288120270885787,0.04404186417609236,0.03981341830058832,0.020833333333333315,0.014729414059210189,-0.1557017543859649,0.005804323413812465,0.03403695120585093,0.10096359617282702
2024,16,Loreto,85,35,50,0.4117647058823529,0.5882352941176471,0.7,0.15384615384615385,0.09090909090909091,0.5,0.5081967213114754,0.2,0.023529411764705882,-0.25791855203619907,0.3736263736263737,-3.749,-73.253,0.4105079075425791,0.589492092457421,0.6963755965432735,0.06504904491481672,0.05452620434092112,0.4791666666666667,0.47733407800428185,0.2807017543859649,0.00958029197080292,-0.3454588626277624,0.1584599071531153,0.0012567983397738236,-0.0012567983397738791,0.0036244034567264327,0.08879710893133713,0.03638288656816979,0.020833333333333315,0.03086264330719357,-0.08070175438596489,0.013949119793902962,0.08754031059156331,0.21516646647325838
2024,17,Madre de Dios,148,62,86,0.4189189189189189,0.581081081081081,0.7209302325581395,0.13043478260869565,0.09523809523809523,0.5,0.49557522123893805,0.3,0.02027027027027027,-0.2884841363102233,0.31136044880785413,-12.593,-69.189,0.4105079075425791,0.589492092457421,0.6963755965432735,0.06504904491481672,0.05452620434092112,0.4791666666666667,0.47733407800428185,0.2807017543859649,0.00958029197080292,-0.3454588626277624,0.1584599071531153,0.008411011376339816,-0.008411011376339927,0.02455463601486596,0.06538573769387893,0.04071189089717411,0.020833333333333315,0.0182411432346562,0.019298245614035092,0.010689978299467351,0.05697472631753908,0.15290054165473882
2024,18,Moquegua,203,88,115,0.43349753694581283,0.5665024630541872,0.7652173913043478,0.16129032258064516,0.13793103448275862,0.5,0.49056603773584906,0.45454545454545453,0.024630541871921183,-0.2722072143651677,0.37206744868035185,-17.194,-70.934,0.4105079075425791,0.589492092457421,0.6963755965432735,0.06504904491481672,0.05452620434092112,0.4791666666666667,0.47733407800428185,0.2807017543859649,0.00958029197080292,-0.3454588626277624,0.1584599071531153,0.022989629403233736,-0.02298962940323379,0.06884179476107433,0.09624127766582843,0.0834048301418375,0.020833333333333315,0.013231959731567211,0.17384370015948963,0.015050249901118263,0.07325164826259467,0.21360754152723654
2024,19,Pasco,498,203,295,0.40763052208835343,0.5923694779116466,0.688135593220339,0.05970149253731343,0.046153846153846156,0.5,0.4721549636803874,0.18181818181818182,0.008032128514056224,-0.34792902955104,0.14645981913094624,-10.686,-76.262,0.4105079075425791,0.589492092457421,0.6963755965432735,0.06504904491481672,0.05452620434092112,0.4791666666666667,0.47733407800428185,0.2807017543859649,0.00958029197080292,-0.3454588626277624,0.1584599071531153,-0.002877385454225667,0.002877385454225667,-0.008240003322934508,-0.005347552377503291,-0.008372358187074963,0.020833333333333315,-0.0051791143238944515,-0.09888357256778307,-0.001548163456746696,-0.002470166923277617,-0.012000088022169064
2024,20,Piura,740,262,478,0.35405405405405405,0.6459459459459459,0.5481171548117155,0.026785714285714284,0.01818181818181818,0.5,0.423841059602649,0.15789473684210525,0.004054054054054054,-0.32726833976833974,0.07565430752453653,-5.194,-80.632,0.4105079075425791,0.589492092457421,0.6963755965432735,0.06504904491481672,0.05452620434092112,0.4791666666666667,0.47733407800428185,0.2807017543859649,0.00958029197080292,-0.3454588626277624,0.1584599071531153,-0.05645385348852505,0.05645385348852494,-0.148258441731558,-0.038263330629102435,-0.03634438615910294,0.020833333333333315,-0.05349301840163284,-0.12280701754385964,-0.005526237916748866,0.01819052285942263,-0.08280559962857878
2024,21,Puno,535,212,323,0.39626168224299063,0.6037383177570094,0.6563467492260062,0.05,0.038461538461538464,0.5,0.4610091743119266,0.26666666666666666,0.007476635514018692,-0.34626168224299064,0.12617924528301888,-15.84,-70.028,0.4105079075425791,0.589492092457421,0.6963755965432735,0.06504904491481672,0.05452620434092112,0.4791666666666667,0.47733407800428185,0.2807017543859649,0.00958029197080292,-0.3454588626277624,0.1584599071531153,-0.014246225299588466,0.014246225299588411,-0.0400288473172673,-0.01504904491481672,-0.016064665879382656,0.020833333333333315,-0.01632490369235523,-0.014035087719298234,-0.0021036564567842283,-0.0008028196152282674,-0.03228066187009643
2024,22,San Martín,200,78,122,0.39,0.61,0.639344262295082,0.1,0.07142857142857142,0.5,0.4620253164556962,0.1,0.015,-0.29000000000000004,0.25641025641025644,-6.49,-76.371,0.4105079075425791,0.589492092457421,0.6963755965432735,0.06504904491481672,0.05452620434092112,0.4791666666666667,0.47733407800428185,0.2807017543859649,0.00958029197080292,-0.3454588626277624,0.1584599071531153,-0.020507907542579085,0.02050790754257903,-0.05703133424819151,0.03495095508518328,0.016902367087650305,0.020833333333333315,-0.015308761548585625,-0.1807017543859649,0.005419708029197079,0.05545886262776234,0.09795034925714113
2024,23,Tacna,99,39,60,0.3939393939393939,0.6060606060606061,0.65,0.06666666666666667,0.0,0.5,0.49333333333333335,0.0,0.010101010101010102,-0.32727272727272727,0.16923076923076924,-18.006,-70.247,0.4105079075425791,0.589492092457421,0.6963755965432735,0.06504904491481672,0.05452620434092112,0.4791666666666667,0.47733407800428185,0.2807017543859649,0.00958029197080292,-0.3454588626277624,0.1584599071531153,-0.016568513603185175,0.01656851360318512,-0.0463755965432735,0.001617621751849943,-0.05452620434092112,0.020833333333333315,0.0159992553290515,-0.2807017543859649,0.0005207181302071817,0.018186135355035105,0.010770862077653931
2024,24,Tumbes,87,33,54,0.3793103448275862,0.6206896551724138,0.6111111111111112,0.1111111111111111,0.0,0.5,0.4,0.3333333333333333,0.011494252873563218,-0.2681992337164751,0.29292929292929293,-3.566,-80.451,0.4105079075425791,0.589492092457421,0.6963755965432735,0.06504904491481672,0.05452620434092112,0.4791666666666667,0.47733407800428185,0.2807017543859649,0.00958029197080292,-0.3454588626277624,0.1584599071531153,-0.03119756271499291,0.031197562714992855,-0.08526448543216236,0.04606206619629438,-0.05452620434092112,0.020833333333333315,-0.07733407800428183,0.05263157894736842,0.001913960902760298,0.07725962891128729,0.13446938577617762
2024,25,Ucayali,155,71,84,0.45806451612903226,0.5419354838709678,0.8452380952380952,0.1,0.10526315789473684,0.0,0.5371900826446281,0.18181818181818182,0.012903225806451613,-0.35806451612903223,0.2183098591549296,-8.379,-74.553,0.4105079075425791,0.589492092457421,0.6963755965432735,0.06504904491481672,0.05452620434092112,0.4791666666666667,0.47733407800428185,0.2807017543859649,0.00958029197080292,-0.3454588626277624,0.1584599071531153,0.047556608586453164,-0.047556608586453164,0.1488624986948217,0.03495095508518328,0.05073695355381572,-0.4791666666666667,0.05985600464034624,-0.09888357256778307,0.0033229338356486927,-0.012605653501269853,0.05984995200181428
2024,02,Áncash,1078,472,606,0.437847866419295,0.562152133580705,0.7788778877887789,0.05357142857142857,0.04819277108433735,0.5,0.5170454545454546,0.2,0.008348794063079777,-0.38427643784786647,0.12235169491525422,-9.527,-77.528,0.4105079075425791,0.589492092457421,0.6963755965432735,0.06504904491481672,0.05452620434092112,0.4791666666666667,0.47733407800428185,0.2807017543859649,0.00958029197080292,-0.3454588626277624,0.1584599071531153,0.02733995887671592,-0.02733995887671592,0.08250229124550534,-0.011477616343388154,-0.0063334332565837675,0.020833333333333315,0.03971137654117274,-0.08070175438596489,-0.001231497907723143,-0.038817575220104095,-0.03610821223786109
